T,RH,AH,,,,,,,,,,,,,,
13.6,48.9,0.7578,,,,,,,,,,,,,,
13.3,47.7,0.7255,,,,,,,,,,,,,,
11.9,54.0,0.7502,,,,,,,,,,,,,,
11.0,60.0,0.7867,,,,,,,,,,,,,,
11.2,59.6,0.7888,,,,,,,,,,,,,,
11.2,59.2,0.7848,,,,,,,,,,,,,,
11.3,56.8,0.7603,,,,,,,,,,,,,,
10.7,60.0,0.7702,,,,,,,,,,,,,,
10.7,59.7,0.7648,,,,,,,,,,,,,,
10.3,60.2,0.7517,,,,,,,,,,,,,,
10.1,60.5,0.7465,,,,,,,,,,,,,,
11.0,56.2,0.7366,,,,,,,,,,,,,,
10.5,58.1,0.7353,,,,,,,,,,,,,,
10.2,59.6,0.7417,,,,,,,,,,,,,,
10.8,57.4,0.7408,,,,,,,,,,,,,,
10.5,60.6,0.7691,,,,,,,,,,,,,,
10.8,58.4,0.7552,,,,,,,,,,,,,,
10.5,57.9,0.7352,,,,,,,,,,,,,,
9.5,66.8,0.7951,,,,,,,,,,,,,,
8.3,76.4,0.8393,,,,,,,,,,,,,,
8.0,81.1,0.8736,,,,,,,,,,,,,,
8.3,79.8,0.8778,,,,,,,,,,,,,,
9.7,71.2,0.8569,,,,,,,,,,,,,,
9.8,67.6,0.8185,,,,,,,,,,,,,,
10.3,64.2,0.8065,,,,,,,,,,,,,,
9.7,69.3,0.8319,,,,,,,,,,,,,,
9.6,67.8,0.8133,,,,,,,,,,,,,,
9.1,64.0,0.7419,,,,,,,,,,,,,,
8.2,63.4,0.6905,,,,,,,,,,,,,,
8.2,60.8,0.6657,,,,,,,,,,,,,,
8.3,58.5,0.6438,,,,,,,,,,,,,,
7.7,59.7,0.6308,,,,,,,,,,,,,,
7.1,61.8,0.6276,,,,,,,,,,,,,,
7.0,62.3,0.6261,,,,,,,,,,,,,,
6.1,65.9,0.6248,,,,,,,,,,,,,,
6.3,65.0,0.6233,,,,,,,,,,,,,,
6.8,62.9,0.6234,,,,,,,,,,,,,,
6.4,65.1,0.6316,,,,,,,,,,,,,,
7.3,63.1,0.6499,,,,,,,,,,,,,,
9.2,56.2,0.6561,,,,,,,,,,,,,,
13.2,41.7,0.6320,,,,,,,,,,,,,,
14.3,38.4,0.6243,,,,,,,,,,,,,,
15.0,36.5,0.6195,,,,,,,,,,,,,,
16.1,34.5,0.6262,,,,,,,,,,,,,,
16.3,35.7,0.6560,,,,,,,,,,,,,,
15.8,37.0,0.6610,,,,,,,,,,,,,,
15.9,37.2,0.6657,,,,,,,,,,,,,,
16.9,34.3,0.6549,,,,,,,,,,,,,,
15.1,39.6,0.6766,,,,,,,,,,,,,,
14.4,43.4,0.7084,,,,,,,,,,,,,,
12.9,50.5,0.7478,,,,,,,,,,,,,,
12.1,53.3,0.7536,,,,,,,,,,,,,,
11.0,59.1,0.7740,,,,,,,,,,,,,,
9.7,64.6,0.7771,,,,,,,,,,,,,,
9.5,64.1,0.7597,,,,,,,,,,,,,,
9.1,63.9,0.7423,,,,,,,,,,,,,,
8.8,63.9,0.7256,,,,,,,,,,,,,,
7.8,67.5,0.7173,,,,,,,,,,,,,,
7.0,71.1,0.7158,,,,,,,,,,,,,,
8.3,63.6,0.6982,,,,,,,,,,,,,,
7.2,67.5,0.6887,,,,,,,,,,,,,,
6.3,71.9,0.6932,,,,,,,,,,,,,,
6.5,71.6,0.6945,,,,,,,,,,,,,,
9.6,59.7,0.7124,,,,,,,,,,,,,,
12.4,51.2,0.7335,,,,,,,,,,,,,,
15.6,42.2,0.7451,,,,,,,,,,,,,,
18.4,33.8,0.7090,,,,,,,,,,,,,,
19.4,31.3,0.6950,,,,,,,,,,,,,,
18.0,34.8,0.7127,,,,,,,,,,,,,,
18.4,33.6,0.7042,,,,,,,,,,,,,,
17.6,35.1,0.7012,,,,,,,,,,,,,,
16.7,37.8,0.7117,,,,,,,,,,,,,,
16.1,41.0,0.7451,,,,,,,,,,,,,,
15.8,42.4,0.7569,,,,,,,,,,,,,,
15.7,44.1,0.7786,,,,,,,,,,,,,,
15.3,46.8,0.8091,,,,,,,,,,,,,,
14.6,48.6,0.8060,,,,,,,,,,,,,,
14.7,49.3,0.8193,,,,,,,,,,,,,,
13.9,53.6,0.8498,,,,,,,,,,,,,,
14.6,51.5,0.8536,,,,,,,,,,,,,,
12.5,58.9,0.8537,,,,,,,,,,,,,,
11.6,63.4,0.8674,,,,,,,,,,,,,,
12.1,61.1,0.8603,,,,,,,,,,,,,,
11.5,63.1,0.8533,,,,,,,,,,,,,,
11.6,62.2,0.8473,,,,,,,,,,,,,,
10.4,67.6,0.8530,,,,,,,,,,,,,,
11.6,62.7,0.8530,,,,,,,,,,,,,,
12.4,60.0,0.8627,,,,,,,,,,,,,,
14.5,53.1,0.8728,,,,,,,,,,,,,,
16.9,46.1,0.8789,,,,,,,,,,,,,,
19.3,38.3,0.8474,,,,,,,,,,,,,,
21.2,31.4,0.7812,,,,,,,,,,,,,,
21.4,30.2,0.7616,,,,,,,,,,,,,,
21.9,29.0,0.7525,,,,,,,,,,,,,,
22.2,28.4,0.7516,,,,,,,,,,,,,,
21.3,30.8,0.7696,,,,,,,,,,,,,,
19.7,36.7,0.8307,,,,,,,,,,,,,,
18.4,41.7,0.8732,,,,,,,,,,,,,,
17.6,46.1,0.9210,,,,,,,,,,,,,,
16.7,49.6,0.9320,,,,,,,,,,,,,,
16.3,51.0,0.9341,,,,,,,,,,,,,,
14.7,55.9,0.9314,,,,,,,,,,,,,,
14.8,54.7,0.9164,,,,,,,,,,,,,,
14.0,57.0,0.9094,,,,,,,,,,,,,,
13.4,61.3,0.9361,,,,,,,,,,,,,,
12.6,63.5,0.9230,,,,,,,,,,,,,,
12.3,65.4,0.9351,,,,,,,,,,,,,,
11.9,67.4,0.9375,,,,,,,,,,,,,,
11.4,70.5,0.9475,,,,,,,,,,,,,,
11.3,70.2,0.9401,,,,,,,,,,,,,,
12.4,63.9,0.9170,,,,,,,,,,,,,,
14.8,54.3,0.9076,,,,,,,,,,,,,,
17.4,45.6,0.8993,,,,,,,,,,,,,,
19.8,38.5,0.8801,,,,,,,,,,,,,,
22.0,34.1,0.8904,,,,,,,,,,,,,,
23.3,32.2,0.9096,,,,,,,,,,,,,,
23.9,30.0,0.8757,,,,,,,,,,,,,,
24.4,28.9,0.8736,,,,,,,,,,,,,,
24.4,29.4,0.8848,,,,,,,,,,,,,,
23.8,31.3,0.9137,,,,,,,,,,,,,,
22.5,35.4,0.9547,,,,,,,,,,,,,,
20.4,42.5,1.0086,,,,,,,,,,,,,,
18.3,52.6,1.0945,,,,,,,,,,,,,,
16.7,57.4,1.0786,,,,,,,,,,,,,,
15.7,60.2,1.0654,,,,,,,,,,,,,,
15.3,61.4,1.0580,,,,,,,,,,,,,,
14.1,65.7,1.0494,,,,,,,,,,,,,,
14.8,60.6,1.0148,,,,,,,,,,,,,,
14.8,59.2,0.9879,,,,,,,,,,,,,,
13.6,62.1,0.9636,,,,,,,,,,,,,,
12.3,66.2,0.9450,,,,,,,,,,,,,,
12.8,63.2,0.9283,,,,,,,,,,,,,,
11.2,68.5,0.9081,,,,,,,,,,,,,,
11.0,66.5,0.8705,,,,,,,,,,,,,,
11.7,63.7,0.8719,,,,,,,,,,,,,,
13.6,56.3,0.8743,,,,,,,,,,,,,,
17.8,42.9,0.8672,,,,,,,,,,,,,,
21.4,33.3,0.8417,,,,,,,,,,,,,,
24.4,27.4,0.8231,,,,,,,,,,,,,,
25.3,26.1,0.8264,,,,,,,,,,,,,,
25.8,23.2,0.7589,,,,,,,,,,,,,,
27.0,20.2,0.7094,,,,,,,,,,,,,,
28.2,18.6,0.7014,,,,,,,,,,,,,,
28.0,19.1,0.7098,,,,,,,,,,,,,,
23.9,25.7,0.7519,,,,,,,,,,,,,,
21.3,34.8,0.8730,,,,,,,,,,,,,,
20.4,36.7,0.8704,,,,,,,,,,,,,,
19.0,41.3,0.9007,,,,,,,,,,,,,,
17.9,45.9,0.9342,,,,,,,,,,,,,,
16.7,48.9,0.9226,,,,,,,,,,,,,,
15.5,52.9,0.9271,,,,,,,,,,,,,,
15.5,51.9,0.9059,,,,,,,,,,,,,,
14.1,55.6,0.8910,,,,,,,,,,,,,,
13.1,57.9,0.8666,,,,,,,,,,,,,,
12.7,57.9,0.8447,,,,,,,,,,,,,,
11.8,58.0,0.8026,,,,,,,,,,,,,,
11.9,57.4,0.7978,,,,,,,,,,,,,,
9.9,65.2,0.7956,,,,,,,,,,,,,,
11.1,60.2,0.7958,,,,,,,,,,,,,,
14.1,50.0,0.8020,,,,,,,,,,,,,,
17.7,40.1,0.8048,,,,,,,,,,,,,,
21.1,33.4,0.8265,,,,,,,,,,,,,,
24.3,28.3,0.8471,,,,,,,,,,,,,,
25.6,25.6,0.8254,,,,,,,,,,,,,,
25.9,25.9,0.8503,,,,,,,,,,,,,,
26.8,18.7,0.6500,,,,,,,,,,,,,,
29.3,15.8,0.6309,,,,,,,,,,,,,,
28.5,14.9,0.5708,,,,,,,,,,,,,,
25.9,16.0,0.5237,,,,,,,,,,,,,,
23.1,26.5,0.7403,,,,,,,,,,,,,,
20.5,38.2,0.9133,,,,,,,,,,,,,,
19.1,42.6,0.9294,,,,,,,,,,,,,,
17.2,44.1,0.8558,,,,,,,,,,,,,,
16.0,50.9,0.9206,,,,,,,,,,,,,,
14.8,53.9,0.9024,,,,,,,,,,,,,,
14.3,55.4,0.8975,,,,,,,,,,,,,,
14.8,52.1,0.8686,,,,,,,,,,,,,,
13.9,53.9,0.8501,,,,,,,,,,,,,,
11.6,61.9,0.8442,,,,,,,,,,,,,,
12.0,58.9,0.8233,,,,,,,,,,,,,,
10.9,62.1,0.8113,,,,,,,,,,,,,,
10.6,63.3,0.8067,,,,,,,,,,,,,,
11.5,60.0,0.8117,,,,,,,,,,,,,,
14.3,50.6,0.8186,,,,,,,,,,,,,,
17.8,40.5,0.8210,,,,,,,,,,,,,,
20.8,34.4,0.8365,,,,,,,,,,,,,,
23.8,28.2,0.8219,,,,,,,,,,,,,,
24.2,28.7,0.8515,,,,,,,,,,,,,,
25.2,24.9,0.7829,,,,,,,,,,,,,,
27.0,17.8,0.6275,,,,,,,,,,,,,,
27.1,23.1,0.8180,,,,,,,,,,,,,,
25.8,23.9,0.7832,,,,,,,,,,,,,,
23.0,26.8,0.7446,,,,,,,,,,,,,,
20.7,31.1,0.7523,,,,,,,,,,,,,,
18.6,36.2,0.7676,,,,,,,,,,,,,,
16.0,48.4,0.8768,,,,,,,,,,,,,,
14.5,57.8,0.9456,,,,,,,,,,,,,,
13.1,64.2,0.9606,,,,,,,,,,,,,,
12.0,69.7,0.9735,,,,,,,,,,,,,,
11.9,71.1,0.9915,,,,,,,,,,,,,,
12.5,69.3,1.0029,,,,,,,,,,,,,,
12.5,67.5,0.9768,,,,,,,,,,,,,,
12.3,67.7,0.9665,,,,,,,,,,,,,,
12.5,66.8,0.9620,,,,,,,,,,,,,,
12.3,66.3,0.9487,,,,,,,,,,,,,,
12.4,64.9,0.9332,,,,,,,,,,,,,,
13.0,61.6,0.9209,,,,,,,,,,,,,,
13.6,58.8,0.9120,,,,,,,,,,,,,,
13.9,57.1,0.9032,,,,,,,,,,,,,,
14.5,54.4,0.8917,,,,,,,,,,,,,,
15.5,50.1,0.8744,,,,,,,,,,,,,,
16.1,47.6,0.8655,,,,,,,,,,,,,,
16.3,47.1,0.8640,,,,,,,,,,,,,,
16.4,47.5,0.8791,,,,,,,,,,,,,,
16.1,50.2,0.9094,,,,,,,,,,,,,,
16.0,50.7,0.9142,,,,,,,,,,,,,,
15.8,50.3,0.8989,,,,,,,,,,,,,,
15.5,50.6,0.8840,,,,,,,,,,,,,,
15.4,51.4,0.8956,,,,,,,,,,,,,,
15.2,53.1,0.9117,,,,,,,,,,,,,,
14.7,57.6,0.9573,,,,,,,,,,,,,,
14.2,58.3,0.9380,,,,,,,,,,,,,,
13.8,57.9,0.9085,,,,,,,,,,,,,,
13.9,55.9,0.8842,,,,,,,,,,,,,,
13.9,55.6,0.8765,,,,,,,,,,,,,,
13.8,55.1,0.8666,,,,,,,,,,,,,,
13.8,54.6,0.8574,,,,,,,,,,,,,,
13.6,55.1,0.8560,,,,,,,,,,,,,,
13.6,59.0,0.9129,,,,,,,,,,,,,,
13.5,58.4,0.8960,,,,,,,,,,,,,,
13.8,58.0,0.9083,,,,,,,,,,,,,,
14.6,53.1,0.8765,,,,,,,,,,,,,,
15.0,52.3,0.8881,,,,,,,,,,,,,,
15.4,52.1,0.9046,,,,,,,,,,,,,,
16.3,50.0,0.9158,,,,,,,,,,,,,,
17.1,47.9,0.9281,,,,,,,,,,,,,,
19.0,42.9,0.9370,,,,,,,,,,,,,,
19.5,42.3,0.9476,,,,,,,,,,,,,,
19.5,42.3,0.9493,,,,,,,,,,,,,,
19.1,43.8,0.9556,,,,,,,,,,,,,,
18.5,46.3,0.9744,,,,,,,,,,,,,,
17.4,51.6,1.0159,,,,,,,,,,,,,,
17.1,51.3,0.9914,,,,,,,,,,,,,,
16.4,53.8,0.9964,,,,,,,,,,,,,,
16.2,55.4,1.0132,,,,,,,,,,,,,,
15.9,57.7,1.0356,,,,,,,,,,,,,,
15.7,58.6,1.0396,,,,,,,,,,,,,,
15.1,60.9,1.0398,,,,,,,,,,,,,,
15.6,56.6,0.9951,,,,,,,,,,,,,,
15.2,57.9,0.9941,,,,,,,,,,,,,,
15.4,57.8,1.0021,,,,,,,,,,,,,,
14.9,60.6,1.0196,,,,,,,,,,,,,,
14.5,63.0,1.0316,,,,,,,,,,,,,,
14.2,66.2,1.0630,,,,,,,,,,,,,,
14.5,65.3,1.0704,,,,,,,,,,,,,,
15.3,62.1,1.0730,,,,,,,,,,,,,,
16.3,59.0,1.0868,,,,,,,,,,,,,,
18.9,49.6,1.0700,,,,,,,,,,,,,,
19.4,46.1,1.0249,,,,,,,,,,,,,,
20.8,41.6,1.0091,,,,,,,,,,,,,,
21.4,40.3,1.0126,,,,,,,,,,,,,,
21.2,39.3,0.9791,,,,,,,,,,,,,,
20.3,38.0,0.8942,,,,,,,,,,,,,,
19.4,41.3,0.9206,,,,,,,,,,,,,,
18.5,43.8,0.9252,,,,,,,,,,,,,,
17.8,48.1,0.9689,,,,,,,,,,,,,,
17.9,46.9,0.9520,,,,,,,,,,,,,,
17.4,49.1,0.9688,,,,,,,,,,,,,,
17.0,51.7,0.9914,,,,,,,,,,,,,,
16.4,55.1,1.0198,,,,,,,,,,,,,,
16.1,60.0,1.0919,,,,,,,,,,,,,,
15.8,60.5,1.0805,,,,,,,,,,,,,,
16.3,57.0,1.0491,,,,,,,,,,,,,,
16.9,53.9,1.0309,,,,,,,,,,,,,,
16.1,55.9,1.0153,,,,,,,,,,,,,,
16.5,53.9,1.0049,,,,,,,,,,,,,,
16.4,54.0,0.9979,,,,,,,,,,,,,,
15.7,57.6,1.0195,,,,,,,,,,,,,,
15.8,53.7,0.9571,,,,,,,,,,,,,,
17.4,42.1,0.8281,,,,,,,,,,,,,,
17.9,38.4,0.7793,,,,,,,,,,,,,,
18.5,36.7,0.7764,,,,,,,,,,,,,,
21.0,29.6,0.7263,,,,,,,,,,,,,,
21.3,28.1,0.7067,,,,,,,,,,,,,,
21.3,26.1,0.6539,,,,,,,,,,,,,,
21.3,26.8,0.6681,,,,,,,,,,,,,,
21.3,24.2,0.6060,,,,,,,,,,,,,,
20.2,28.5,0.6682,,,,,,,,,,,,,,
17.0,43.1,0.8264,,,,,,,,,,,,,,
15.6,47.4,0.8347,,,,,,,,,,,,,,
15.3,47.4,0.8178,,,,,,,,,,,,,,
14.5,49.7,0.8177,,,,,,,,,,,,,,
13.9,52.0,0.8231,,,,,,,,,,,,,,
14.5,49.4,0.8106,,,,,,,,,,,,,,
13.8,51.4,0.8071,,,,,,,,,,,,,,
14.0,51.3,0.8163,,,,,,,,,,,,,,
13.0,56.8,0.8444,,,,,,,,,,,,,,
11.0,70.0,0.9215,,,,,,,,,,,,,,
10.1,76.8,0.9483,,,,,,,,,,,,,,
8.8,80.5,0.9147,,,,,,,,,,,,,,
9.6,75.4,0.9004,,,,,,,,,,,,,,
9.8,75.0,0.9093,,,,,,,,,,,,,,
10.0,74.2,0.9117,,,,,,,,,,,,,,
11.2,69.7,0.9232,,,,,,,,,,,,,,
12.0,62.9,0.8803,,,,,,,,,,,,,,
12.8,55.8,0.8210,,,,,,,,,,,,,,
13.1,54.8,0.8234,,,,,,,,,,,,,,
13.8,53.4,0.8351,,,,,,,,,,,,,,
16.0,42.4,0.7674,,,,,,,,,,,,,,
14.1,49.8,0.7971,,,,,,,,,,,,,,
12.0,61.1,0.8537,,,,,,,,,,,,,,
13.6,54.6,0.8465,,,,,,,,,,,,,,
13.7,49.5,0.7695,,,,,,,,,,,,,,
11.7,57.1,0.7822,,,,,,,,,,,,,,
11.5,58.2,0.7867,,,,,,,,,,,,,,
12.6,54.2,0.7881,,,,,,,,,,,,,,
12.0,54.9,0.7664,,,,,,,,,,,,,,
11.0,61.4,0.8057,,,,,,,,,,,,,,
11.1,62.2,0.8199,,,,,,,,,,,,,,
10.8,62.5,0.8082,,,,,,,,,,,,,,
11.3,60.0,0.8025,,,,,,,,,,,,,,
10.6,61.6,0.7856,,,,,,,,,,,,,,
10.2,62.7,0.7813,,,,,,,,,,,,,,
10.9,58.6,0.7628,,,,,,,,,,,,,,
10.8,57.2,0.7382,,,,,,,,,,,,,,
10.4,59.2,0.7455,,,,,,,,,,,,,,
11.0,57.3,0.7501,,,,,,,,,,,,,,
11.2,56.9,0.7565,,,,,,,,,,,,,,
12.1,54.9,0.7734,,,,,,,,,,,,,,
15.1,44.3,0.7535,,,,,,,,,,,,,,
15.6,40.6,0.7146,,,,,,,,,,,,,,
16.9,34.6,0.6597,,,,,,,,,,,,,,
16.6,35.6,0.6697,,,,,,,,,,,,,,
11.3,63.9,0.8554,,,,,,,,,,,,,,
9.6,81.1,0.9720,,,,,,,,,,,,,,
11.7,69.1,0.9497,,,,,,,,,,,,,,
10.7,68.5,0.8794,,,,,,,,,,,,,,
10.7,67.3,0.8643,,,,,,,,,,,,,,
10.8,65.7,0.8486,,,,,,,,,,,,,,
10.3,66.3,0.8336,,,,,,,,,,,,,,
10.1,66.9,0.8248,,,,,,,,,,,,,,
10.4,61.1,0.7717,,,,,,,,,,,,,,
10.3,59.9,0.7516,,,,,,,,,,,,,,
11.0,58.4,0.7686,,,,,,,,,,,,,,
9.1,68.1,0.7890,,,,,,,,,,,,,,
9.5,68.2,0.8091,,,,,,,,,,,,,,
9.3,72.3,0.8496,,,,,,,,,,,,,,
9.9,66.8,0.8152,,,,,,,,,,,,,,
7.6,83.2,0.8695,,,,,,,,,,,,,,
8.1,79.0,0.8544,,,,,,,,,,,,,,
8.7,74.6,0.8429,,,,,,,,,,,,,,
8.6,75.1,0.8415,,,,,,,,,,,,,,
9.7,69.7,0.8389,,,,,,,,,,,,,,
11.0,64.4,0.8447,,,,,,,,,,,,,,
13.6,53.0,0.8209,,,,,,,,,,,,,,
14.2,48.4,0.7780,,,,,,,,,,,,,,
14.2,46.3,0.7438,,,,,,,,,,,,,,
16.0,41.3,0.7462,,,,,,,,,,,,,,
17.7,35.4,0.7094,,,,,,,,,,,,,,
17.1,37.4,0.7225,,,,,,,,,,,,,,
14.9,40.5,0.6835,,,,,,,,,,,,,,
13.4,47.8,0.7293,,,,,,,,,,,,,,
12.6,52.5,0.7642,,,,,,,,,,,,,,
12.2,53.2,0.7555,,,,,,,,,,,,,,
10.6,56.1,0.7140,,,,,,,,,,,,,,
9.9,59.5,0.7276,,,,,,,,,,,,,,
9.6,61.1,0.7323,,,,,,,,,,,,,,
9.7,61.6,0.7425,,,,,,,,,,,,,,
9.4,62.6,0.7398,,,,,,,,,,,,,,
8.2,68.5,0.7455,,,,,,,,,,,,,,
8.0,69.4,0.7459,,,,,,,,,,,,,,
7.7,72.4,0.7655,,,,,,,,,,,,,,
8.0,71.8,0.7711,,,,,,,,,,,,,,
8.5,66.3,0.7375,,,,,,,,,,,,,,
9.8,59.6,0.7214,,,,,,,,,,,,,,
11.2,57.0,0.7544,,,,,,,,,,,,,,
14.8,44.1,0.7407,,,,,,,,,,,,,,
16.8,35.3,0.6729,,,,,,,,,,,,,,
19.2,27.1,0.5976,,,,,,,,,,,,,,
19.1,26.2,0.5741,,,,,,,,,,,,,,
16.3,30.8,0.5683,,,,,,,,,,,,,,
14.2,36.8,0.5922,,,,,,,,,,,,,,
13.4,41.0,0.6292,,,,,,,,,,,,,,
14.2,43.3,0.6982,,,,,,,,,,,,,,
12.1,45.6,0.6403,,,,,,,,,,,,,,
10.4,48.0,0.6046,,,,,,,,,,,,,,
10.0,51.1,0.6280,,,,,,,,,,,,,,
9.8,50.8,0.6172,,,,,,,,,,,,,,
9.7,50.4,0.6063,,,,,,,,,,,,,,
9.9,50.2,0.6103,,,,,,,,,,,,,,
9.4,53.4,0.6300,,,,,,,,,,,,,,
8.6,57.8,0.6488,,,,,,,,,,,,,,
8.1,62.1,0.6746,,,,,,,,,,,,,,
7.9,63.5,0.6777,,,,,,,,,,,,,,
7.4,64.8,0.6683,,,,,,,,,,,,,,
8.2,58.9,0.6444,,,,,,,,,,,,,,
6.3,66.6,0.6410,,,,,,,,,,,,,,
7.2,62.9,0.6396,,,,,,,,,,,,,,
7.2,63.9,0.6500,,,,,,,,,,,,,,
11.1,50.5,0.6654,,,,,,,,,,,,,,
15.5,36.1,0.6313,,,,,,,,,,,,,,
17.8,29.2,0.5920,,,,,,,,,,,,,,
17.6,30.1,0.6013,,,,,,,,,,,,,,
19.1,26.8,0.5861,,,,,,,,,,,,,,
17.7,28.6,0.5735,,,,,,,,,,,,,,
17.8,28.4,0.5737,,,,,,,,,,,,,,
18.7,26.0,0.5555,,,,,,,,,,,,,,
17.1,31.3,0.6038,,,,,,,,,,,,,,
15.8,36.1,0.6440,,,,,,,,,,,,,,
14.7,40.1,0.6657,,,,,,,,,,,,,,
13.6,44.9,0.6991,,,,,,,,,,,,,,
12.5,48.1,0.6946,,,,,,,,,,,,,,
11.8,50.8,0.7042,,,,,,,,,,,,,,
10.9,56.1,0.7326,,,,,,,,,,,,,,
10.9,55.9,0.7277,,,,,,,,,,,,,,
10.3,58.1,0.7278,,,,,,,,,,,,,,
9.3,62.2,0.7294,,,,,,,,,,,,,,
8.2,66.7,0.7276,,,,,,,,,,,,,,
8.3,64.9,0.7124,,,,,,,,,,,,,,
9.6,58.5,0.7000,,,,,,,,,,,,,,
7.7,66.4,0.6990,,,,,,,,,,,,,,
7.4,68.0,0.7043,,,,,,,,,,,,,,
9.7,58.6,0.7035,,,,,,,,,,,,,,
12.5,50.1,0.7242,,,,,,,,,,,,,,
16.8,36.9,0.7018,,,,,,,,,,,,,,
19.2,31.3,0.6887,,,,,,,,,,,,,,
21.3,26.4,0.6607,,,,,,,,,,,,,,
21.2,23.1,0.5768,,,,,,,,,,,,,,
18.6,25.0,0.5319,,,,,,,,,,,,,,
18.0,27.3,0.5594,,,,,,,,,,,,,,
18.2,28.3,0.5848,,,,,,,,,,,,,,
17.0,31.4,0.6048,,,,,,,,,,,,,,
15.6,35.0,0.6170,,,,,,,,,,,,,,
14.1,40.2,0.6438,,,,,,,,,,,,,,
13.4,43.2,0.6623,,,,,,,,,,,,,,
12.3,46.8,0.6686,,,,,,,,,,,,,,
11.9,46.5,0.6449,,,,,,,,,,,,,,
11.5,46.6,0.6319,,,,,,,,,,,,,,
10.6,48.0,0.6135,,,,,,,,,,,,,,
10.7,45.8,0.5895,,,,,,,,,,,,,,
10.4,46.6,0.5901,,,,,,,,,,,,,,
10.1,47.8,0.5913,,,,,,,,,,,,,,
11.3,46.9,0.6280,,,,,,,,,,,,,,
10.1,51.2,0.6341,,,,,,,,,,,,,,
9.9,50.7,0.6167,,,,,,,,,,,,,,
8.1,56.8,0.6150,,,,,,,,,,,,,,
10.9,44.1,0.5748,,,,,,,,,,,,,,
11.8,37.6,0.5184,,,,,,,,,,,,,,
13.9,33.2,0.5222,,,,,,,,,,,,,,
15.6,30.1,0.5285,,,,,,,,,,,,,,
16.5,29.0,0.5406,,,,,,,,,,,,,,
17.5,27.9,0.5517,,,,,,,,,,,,,,
17.9,26.8,0.5446,,,,,,,,,,,,,,
18.2,26.1,0.5387,,,,,,,,,,,,,,
18.0,27.1,0.5522,,,,,,,,,,,,,,
17.0,28.9,0.5558,,,,,,,,,,,,,,
16.1,31.3,0.5680,,,,,,,,,,,,,,
14.5,35.4,0.5839,,,,,,,,,,,,,,
13.2,37.9,0.5733,,,,,,,,,,,,,,
13.1,34.4,0.5170,,,,,,,,,,,,,,
13.5,28.5,0.4405,,,,,,,,,,,,,,
12.4,31.9,0.4583,,,,,,,,,,,,,,
13.1,26.8,0.4023,,,,,,,,,,,,,,
11.6,33.6,0.4595,,,,,,,,,,,,,,
10.5,42.9,0.5442,,,,,,,,,,,,,,
11.7,38.7,0.5298,,,,,,,,,,,,,,
12.2,37.2,0.5277,,,,,,,,,,,,,,
12.9,33.9,0.5037,,,,,,,,,,,,,,
11.3,40.3,0.5376,,,,,,,,,,,,,,
11.9,38.4,0.5341,,,,,,,,,,,,,,
13.3,35.6,0.5416,,,,,,,,,,,,,,
16.3,28.8,0.5305,,,,,,,,,,,,,,
17.9,28.2,0.5741,,,,,,,,,,,,,,
18.3,26.6,0.5529,,,,,,,,,,,,,,
20.8,22.5,0.5463,,,,,,,,,,,,,,
22.4,20.0,0.5352,,,,,,,,,,,,,,
20.9,21.7,0.5295,,,,,,,,,,,,,,
19.1,26.5,0.5790,,,,,,,,,,,,,,
18.1,30.6,0.6295,,,,,,,,,,,,,,
17.3,34.7,0.6788,,,,,,,,,,,,,,
15.8,40.4,0.7228,,,,,,,,,,,,,,
15.9,42.0,0.7541,,,,,,,,,,,,,,
15.9,43.5,0.7790,,,,,,,,,,,,,,
15.0,46.1,0.7833,,,,,,,,,,,,,,
15.1,44.6,0.7574,,,,,,,,,,,,,,
14.9,43.5,0.7302,,,,,,,,,,,,,,
14.8,41.0,0.6850,,,,,,,,,,,,,,
14.8,40.8,0.6814,,,,,,,,,,,,,,
14.8,40.8,0.6834,,,,,,,,,,,,,,
14.2,36.1,0.5823,,,,,,,,,,,,,,
14.5,36.1,0.5928,,,,,,,,,,,,,,
14.6,36.0,0.5947,,,,,,,,,,,,,,
14.4,38.5,0.6291,,,,,,,,,,,,,,
13.8,58.2,0.9129,,,,,,,,,,,,,,
13.2,61.1,0.9256,,,,,,,,,,,,,,
10.4,74.4,0.9384,,,,,,,,,,,,,,
11.5,71.0,0.9582,,,,,,,,,,,,,,
12.2,70.0,0.9924,,,,,,,,,,,,,,
12.3,73.3,1.0442,,,,,,,,,,,,,,
11.3,78.1,1.0411,,,,,,,,,,,,,,
13.6,69.2,1.0746,,,,,,,,,,,,,,
14.9,59.3,0.9974,,,,,,,,,,,,,,
15.7,50.9,0.8997,,,,,,,,,,,,,,
15.2,52.9,0.9087,,,,,,,,,,,,,,
15.5,50.8,0.8881,,,,,,,,,,,,,,
14.3,52.9,0.8581,,,,,,,,,,,,,,
13.2,56.0,0.8446,,,,,,,,,,,,,,
12.6,57.0,0.8315,,,,,,,,,,,,,,
12.3,57.8,0.8224,,,,,,,,,,,,,,
12.0,58.4,0.8164,,,,,,,,,,,,,,
12.0,61.6,0.8593,,,,,,,,,,,,,,
11.5,63.9,0.8652,,,,,,,,,,,,,,
10.7,67.2,0.8630,,,,,,,,,,,,,,
9.0,73.1,0.8394,,,,,,,,,,,,,,
10.2,66.6,0.8299,,,,,,,,,,,,,,
11.0,63.7,0.8325,,,,,,,,,,,,,,
9.6,68.8,0.8243,,,,,,,,,,,,,,
9.5,69.6,0.8273,,,,,,,,,,,,,,
11.9,60.9,0.8455,,,,,,,,,,,,,,
16.2,48.6,0.8892,,,,,,,,,,,,,,
19.2,39.6,0.8693,,,,,,,,,,,,,,
19.7,38.4,0.8743,,,,,,,,,,,,,,
20.6,36.7,0.8797,,,,,,,,,,,,,,
21.8,33.9,0.8771,,,,,,,,,,,,,,
-200,-200,-200,,,,,,,,,,,,,,
-200,-200,-200,,,,,,,,,,,,,,
-200,-200,-200,,,,,,,,,,,,,,
23.6,27.5,0.7913,,,,,,,,,,,,,,
22.8,32.1,0.8814,,,,,,,,,,,,,,
20.8,36.7,0.8878,,,,,,,,,,,,,,
18.3,40.9,0.8493,,,,,,,,,,,,,,
16.8,44.0,0.8341,,,,,,,,,,,,,,
15.8,48.0,0.8569,,,,,,,,,,,,,,
14.9,52.0,0.8757,,,,,,,,,,,,,,
14.1,54.4,0.8701,,,,,,,,,,,,,,
13.3,58.8,0.8922,,,,,,,,,,,,,,
13.3,60.9,0.9229,,,,,,,,,,,,,,
11.8,64.3,0.8869,,,,,,,,,,,,,,
11.2,65.9,0.8775,,,,,,,,,,,,,,
11.3,72.9,0.9738,,,,,,,,,,,,,,
11.4,71.8,0.9671,,,,,,,,,,,,,,
11.9,73.7,1.0254,,,,,,,,,,,,,,
12.6,70.2,1.0221,,,,,,,,,,,,,,
13.6,65.3,1.0136,,,,,,,,,,,,,,
16.9,52.3,1.0013,,,,,,,,,,,,,,
19.4,44.1,0.9855,,,,,,,,,,,,,,
22.9,33.8,0.9322,,,,,,,,,,,,,,
23.6,31.3,0.9001,,,,,,,,,,,,,,
24.7,30.5,0.9371,,,,,,,,,,,,,,
26.1,27.3,0.9101,,,,,,,,,,,,,,
27.6,22.8,0.8288,,,,,,,,,,,,,,
26.9,22.3,0.7792,,,,,,,,,,,,,,
24.3,30.1,0.9012,,,,,,,,,,,,,,
21.2,40.1,0.9978,,,,,,,,,,,,,,
19.4,42.5,0.9483,,,,,,,,,,,,,,
18.5,43.0,0.9074,,,,,,,,,,,,,,
17.8,47.0,0.9467,,,,,,,,,,,,,,
16.8,53.2,1.0100,,,,,,,,,,,,,,
17.1,51.8,0.9990,,,,,,,,,,,,,,
16.2,54.2,0.9933,,,,,,,,,,,,,,
15.1,58.2,0.9886,,,,,,,,,,,,,,
15.1,57.6,0.9796,,,,,,,,,,,,,,
14.5,58.0,0.9488,,,,,,,,,,,,,,
13.7,61.6,0.9631,,,,,,,,,,,,,,
13.9,59.6,0.9408,,,,,,,,,,,,,,
13.3,61.7,0.9399,,,,,,,,,,,,,,
15.1,55.8,0.9486,,,,,,,,,,,,,,
17.0,50.5,0.9684,,,,,,,,,,,,,,
19.7,43.3,0.9837,,,,,,,,,,,,,,
20.7,41.7,1.0092,,,,,,,,,,,,,,
23.3,35.8,1.0098,,,,,,,,,,,,,,
23.8,30.5,0.8897,,,,,,,,,,,,,,
24.8,27.0,0.8325,,,,,,,,,,,,,,
25.0,27.5,0.8575,,,,,,,,,,,,,,
25.8,26.5,0.8675,,,,,,,,,,,,,,
25.1,27.1,0.8496,,,,,,,,,,,,,,
23.7,28.6,0.8273,,,,,,,,,,,,,,
22.1,36.8,0.9681,,,,,,,,,,,,,,
19.9,47.5,1.0912,,,,,,,,,,,,,,
18.7,50.4,1.0772,,,,,,,,,,,,,,
18.1,51.3,1.0587,,,,,,,,,,,,,,
17.5,53.8,1.0648,,,,,,,,,,,,,,
16.7,56.5,1.0634,,,,,,,,,,,,,,
15.9,59.2,1.0635,,,,,,,,,,,,,,
15.2,62.4,1.0726,,,,,,,,,,,,,,
14.7,65.0,1.0766,,,,,,,,,,,,,,
14.3,65.3,1.0594,,,,,,,,,,,,,,
13.7,66.5,1.0393,,,,,,,,,,,,,,
12.9,69.1,1.0264,,,,,,,,,,,,,,
13.7,64.8,1.0135,,,,,,,,,,,,,,
15.3,59.0,1.0181,,,,,,,,,,,,,,
18.1,49.8,1.0272,,,,,,,,,,,,,,
21.5,40.7,1.0301,,,,,,,,,,,,,,
23.3,37.1,1.0457,,,,,,,,,,,,,,
25.1,33.8,1.0594,,,,,,,,,,,,,,
25.6,32.1,1.0393,,,,,,,,,,,,,,
25.8,31.1,1.0143,,,,,,,,,,,,,,
26.1,30.8,1.0253,,,,,,,,,,,,,,
24.4,36.0,1.0850,,,,,,,,,,,,,,
23.0,36.2,1.0053,,,,,,,,,,,,,,
22.1,39.3,1.0336,,,,,,,,,,,,,,
19.8,44.6,1.0208,,,,,,,,,,,,,,
18.5,48.9,1.0323,,,,,,,,,,,,,,
16.6,56.1,1.0481,,,,,,,,,,,,,,
15.8,58.8,1.0464,,,,,,,,,,,,,,
15.3,60.8,1.0501,,,,,,,,,,,,,,
14.7,64.4,1.0717,,,,,,,,,,,,,,
14.8,63.3,1.0584,,,,,,,,,,,,,,
15.0,61.5,1.0418,,,,,,,,,,,,,,
15.5,56.9,0.9961,,,,,,,,,,,,,,
16.0,54.0,0.9742,,,,,,,,,,,,,,
13.5,63.9,0.9809,,,,,,,,,,,,,,
12.9,65.3,0.9688,,,,,,,,,,,,,,
13.4,62.5,0.9582,,,,,,,,,,,,,,
14.5,58.8,0.9630,,,,,,,,,,,,,,
15.3,56.7,0.9773,,,,,,,,,,,,,,
15.6,57.4,1.0075,,,,,,,,,,,,,,
16.6,55.2,1.0382,,,,,,,,,,,,,,
17.0,54.3,1.0434,,,,,,,,,,,,,,
18.0,51.5,1.0552,,,,,,,,,,,,,,
19.5,47.5,1.0653,,,,,,,,,,,,,,
21.6,41.7,1.0606,,,,,,,,,,,,,,
22.2,38.3,1.0106,,,,,,,,,,,,,,
20.3,42.8,1.0053,,,,,,,,,,,,,,
19.7,45.4,1.0312,,,,,,,,,,,,,,
18.8,47.5,1.0199,,,,,,,,,,,,,,
17.9,49.4,1.0064,,,,,,,,,,,,,,
17.5,50.9,1.0090,,,,,,,,,,,,,,
17.4,51.8,1.0230,,,,,,,,,,,,,,
17.0,53.9,1.0363,,,,,,,,,,,,,,
16.6,55.4,1.0408,,,,,,,,,,,,,,
15.9,57.0,1.0224,,,,,,,,,,,,,,
15.0,59.2,1.0059,,,,,,,,,,,,,,
14.5,61.4,1.0041,,,,,,,,,,,,,,
14.1,61.6,0.9883,,,,,,,,,,,,,,
14.6,58.8,0.9711,,,,,,,,,,,,,,
14.4,58.9,0.9594,,,,,,,,,,,,,,
15.3,55.2,0.9538,,,,,,,,,,,,,,
16.2,52.5,0.9576,,,,,,,,,,,,,,
18.4,46.3,0.9734,,,,,,,,,,,,,,
19.6,41.8,0.9407,,,,,,,,,,,,,,
20.2,40.1,0.9370,,,,,,,,,,,,,,
20.9,36.6,0.8939,,,,,,,,,,,,,,
20.4,34.7,0.8229,,,,,,,,,,,,,,
19.3,35.4,0.7813,,,,,,,,,,,,,,
18.6,36.9,0.7829,,,,,,,,,,,,,,
18.8,36.8,0.7883,,,,,,,,,,,,,,
17.5,40.6,0.8068,,,,,,,,,,,,,,
16.8,44.3,0.8428,,,,,,,,,,,,,,
16.3,47.7,0.8746,,,,,,,,,,,,,,
15.6,50.7,0.8947,,,,,,,,,,,,,,
15.7,49.4,0.8768,,,,,,,,,,,,,,
15.8,48.6,0.8653,,,,,,,,,,,,,,
15.7,47.0,0.8325,,,,,,,,,,,,,,
15.7,45.9,0.8121,,,,,,,,,,,,,,
15.6,44.9,0.7920,,,,,,,,,,,,,,
15.6,44.4,0.7827,,,,,,,,,,,,,,
16.1,42.4,0.7718,,,,,,,,,,,,,,
15.7,45.4,0.8063,,,,,,,,,,,,,,
15.3,50.1,0.8617,,,,,,,,,,,,,,
14.2,58.6,0.9443,,,,,,,,,,,,,,
14.3,58.2,0.9431,,,,,,,,,,,,,,
15.0,52.0,0.8817,,,,,,,,,,,,,,
13.6,61.4,0.9519,,,,,,,,,,,,,,
16.1,53.1,0.9675,,,,,,,,,,,,,,
16.6,44.3,0.8294,,,,,,,,,,,,,,
17.4,40.3,0.7922,,,,,,,,,,,,,,
18.1,42.2,0.8679,,,,,,,,,,,,,,
14.4,51.8,0.8433,,,,,,,,,,,,,,
10.9,76.4,0.9953,,,,,,,,,,,,,,
16.4,47.7,0.8819,,,,,,,,,,,,,,
18.0,37.1,0.7598,,,,,,,,,,,,,,
14.7,48.7,0.8089,,,,,,,,,,,,,,
11.3,71.3,0.9514,,,,,,,,,,,,,,
10.0,74.0,0.9087,,,,,,,,,,,,,,
9.8,71.8,0.8702,,,,,,,,,,,,,,
9.3,75.2,0.8796,,,,,,,,,,,,,,
9.6,76.0,0.9088,,,,,,,,,,,,,,
9.3,75.0,0.8799,,,,,,,,,,,,,,
9.0,76.7,0.8825,,,,,,,,,,,,,,
8.2,79.6,0.8672,,,,,,,,,,,,,,
7.6,80.6,0.8437,,,,,,,,,,,,,,
8.3,75.6,0.8302,,,,,,,,,,,,,,
8.1,72.1,0.7798,,,,,,,,,,,,,,
8.1,70.4,0.7609,,,,,,,,,,,,,,
8.1,70.5,0.7627,,,,,,,,,,,,,,
9.9,64.3,0.7859,,,,,,,,,,,,,,
13.0,54.2,0.8090,,,,,,,,,,,,,,
16.5,42.6,0.7912,,,,,,,,,,,,,,
19.3,34.2,0.7566,,,,,,,,,,,,,,
21.5,27.4,0.6941,,,,,,,,,,,,,,
20.4,26.7,0.6323,,,,,,,,,,,,,,
20.6,22.6,0.5432,,,,,,,,,,,,,,
20.6,24.8,0.5931,,,,,,,,,,,,,,
21.0,25.4,0.6264,,,,,,,,,,,,,,
21.5,24.5,0.6203,,,,,,,,,,,,,,
19.3,28.6,0.6357,,,,,,,,,,,,,,
18.0,32.9,0.6737,,,,,,,,,,,,,,
15.8,39.8,0.7096,,,,,,,,,,,,,,
15.3,41.5,0.7194,,,,,,,,,,,,,,
14.1,46.0,0.7363,,,,,,,,,,,,,,
-200,-200,-200,,,,,,,,,,,,,,
-200,-200,-200,,,,,,,,,,,,,,
-200,-200,-200,,,,,,,,,,,,,,
-200,-200,-200,,,,,,,,,,,,,,
-200,-200,-200,,,,,,,,,,,,,,
-200,-200,-200,,,,,,,,,,,,,,
-200,-200,-200,,,,,,,,,,,,,,
-200,-200,-200,,,,,,,,,,,,,,
-200,-200,-200,,,,,,,,,,,,,,
-200,-200,-200,,,,,,,,,,,,,,
-200,-200,-200,,,,,,,,,,,,,,
-200,-200,-200,,,,,,,,,,,,,,
-200,-200,-200,,,,,,,,,,,,,,
-200,-200,-200,,,,,,,,,,,,,,
-200,-200,-200,,,,,,,,,,,,,,
-200,-200,-200,,,,,,,,,,,,,,
-200,-200,-200,,,,,,,,,,,,,,
-200,-200,-200,,,,,,,,,,,,,,
-200,-200,-200,,,,,,,,,,,,,,
-200,-200,-200,,,,,,,,,,,,,,
-200,-200,-200,,,,,,,,,,,,,,
-200,-200,-200,,,,,,,,,,,,,,
-200,-200,-200,,,,,,,,,,,,,,
-200,-200,-200,,,,,,,,,,,,,,
12.0,67.9,0.9523,,,,,,,,,,,,,,
12.0,66.9,0.9336,,,,,,,,,,,,,,
11.5,70.1,0.9503,,,,,,,,,,,,,,
11.4,69.8,0.9390,,,,,,,,,,,,,,
11.1,69.3,0.9128,,,,,,,,,,,,,,
10.8,70.3,0.9092,,,,,,,,,,,,,,
10.2,73.4,0.9129,,,,,,,,,,,,,,
10.8,70.5,0.9142,,,,,,,,,,,,,,
11.0,71.0,0.9279,,,,,,,,,,,,,,
12.4,64.0,0.9206,,,,,,,,,,,,,,
15.0,53.1,0.8993,,,,,,,,,,,,,,
16.6,44.4,0.8313,,,,,,,,,,,,,,
18.0,38.4,0.7862,,,,,,,,,,,,,,
20.6,30.0,0.7213,,,,,,,,,,,,,,
19.9,26.7,0.6137,,,,,,,,,,,,,,
19.8,23.1,0.5283,,,,,,,,,,,,,,
21.4,22.7,0.5722,,,,,,,,,,,,,,
22.1,21.3,0.5605,,,,,,,,,,,,,,
21.1,24.5,0.6040,,,,,,,,,,,,,,
18.3,31.6,0.6562,,,,,,,,,,,,,,
16.1,35.0,0.6372,,,,,,,,,,,,,,
14.8,41.5,0.6929,,,,,,,,,,,,,,
13.2,50.3,0.7577,,,,,,,,,,,,,,
12.3,55.5,0.7916,,,,,,,,,,,,,,
11.8,56.6,0.7833,,,,,,,,,,,,,,
11.2,56.2,0.7469,,,,,,,,,,,,,,
11.0,56.6,0.7418,,,,,,,,,,,,,,
9.3,64.3,0.7531,,,,,,,,,,,,,,
8.8,66.0,0.7501,,,,,,,,,,,,,,
7.8,70.4,0.7463,,,,,,,,,,,,,,
7.7,70.7,0.7463,,,,,,,,,,,,,,
7.4,71.0,0.7346,,,,,,,,,,,,,,
8.2,66.6,0.7283,,,,,,,,,,,,,,
8.7,64.3,0.7267,,,,,,,,,,,,,,
13.0,47.9,0.7116,,,,,,,,,,,,,,
17.4,35.4,0.6990,,,,,,,,,,,,,,
20.2,29.2,0.6830,,,,,,,,,,,,,,
22.7,22.9,0.6224,,,,,,,,,,,,,,
22.3,22.4,0.5955,,,,,,,,,,,,,,
22.2,18.9,0.4993,,,,,,,,,,,,,,
22.0,19.0,0.4969,,,,,,,,,,,,,,
21.0,23.6,0.5788,,,,,,,,,,,,,,
19.6,27.4,0.6162,,,,,,,,,,,,,,
17.9,30.8,0.6258,,,,,,,,,,,,,,
16.4,35.3,0.6532,,,,,,,,,,,,,,
15.6,37.5,0.6575,,,,,,,,,,,,,,
15.5,36.7,0.6438,,,,,,,,,,,,,,
14.5,39.0,0.6428,,,,,,,,,,,,,,
14.2,38.2,0.6163,,,,,,,,,,,,,,
13.7,38.3,0.5957,,,,,,,,,,,,,,
14.1,34.0,0.5442,,,,,,,,,,,,,,
14.6,34.0,0.5605,,,,,,,,,,,,,,
14.4,32.8,0.5364,,,,,,,,,,,,,,
13.9,30.9,0.4868,,,,,,,,,,,,,,
13.5,37.9,0.5852,,,,,,,,,,,,,,
13.9,43.6,0.6871,,,,,,,,,,,,,,
13.5,50.1,0.7706,,,,,,,,,,,,,,
13.3,53.6,0.8169,,,,,,,,,,,,,,
13.4,56.0,0.8576,,,,,,,,,,,,,,
13.0,59.6,0.8860,,,,,,,,,,,,,,
12.7,62.7,0.9173,,,,,,,,,,,,,,
12.1,60.5,0.8505,,,,,,,,,,,,,,
11.2,64.4,0.8537,,,,,,,,,,,,,,
10.7,67.6,0.8703,,,,,,,,,,,,,,
11.4,61.2,0.8236,,,,,,,,,,,,,,
9.9,70.5,0.8581,,,,,,,,,,,,,,
10.3,65.2,0.8151,,,,,,,,,,,,,,
11.0,58.9,0.7714,,,,,,,,,,,,,,
10.6,59.5,0.7595,,,,,,,,,,,,,,
10.6,57.7,0.7362,,,,,,,,,,,,,,
10.6,56.1,0.7149,,,,,,,,,,,,,,
10.3,58.0,0.7239,,,,,,,,,,,,,,
10.4,58.4,0.7352,,,,,,,,,,,,,,
10.7,58.2,0.7459,,,,,,,,,,,,,,
10.5,59.9,0.7624,,,,,,,,,,,,,,
10.5,60.8,0.7704,,,,,,,,,,,,,,
10.6,63.1,0.8068,,,,,,,,,,,,,,
11.1,60.1,0.7925,,,,,,,,,,,,,,
10.1,68.4,0.8443,,,,,,,,,,,,,,
10.0,68.7,0.8456,,,,,,,,,,,,,,
11.0,64.2,0.8398,,,,,,,,,,,,,,
12.0,58.1,0.8138,,,,,,,,,,,,,,
12.8,52.0,0.7643,,,,,,,,,,,,,,
12.6,50.8,0.7387,,,,,,,,,,,,,,
13.8,47.4,0.7435,,,,,,,,,,,,,,
15.1,42.7,0.7294,,,,,,,,,,,,,,
16.3,38.1,0.7006,,,,,,,,,,,,,,
16.6,36.7,0.6867,,,,,,,,,,,,,,
15.8,40.5,0.7241,,,,,,,,,,,,,,
16.3,41.8,0.7712,,,,,,,,,,,,,,
16.1,42.8,0.7783,,,,,,,,,,,,,,
15.3,46.8,0.8074,,,,,,,,,,,,,,
14.7,47.0,0.7815,,,,,,,,,,,,,,
14.1,49.6,0.7931,,,,,,,,,,,,,,
13.5,54.1,0.8351,,,,,,,,,,,,,,
12.3,59.2,0.8461,,,,,,,,,,,,,,
11.6,62.2,0.8510,,,,,,,,,,,,,,
11.5,61.4,0.8303,,,,,,,,,,,,,,
10.9,64.6,0.8395,,,,,,,,,,,,,,
11.1,63.2,0.8331,,,,,,,,,,,,,,
10.7,64.4,0.8284,,,,,,,,,,,,,,
10.7,63.8,0.8174,,,,,,,,,,,,,,
10.2,65.8,0.8196,,,,,,,,,,,,,,
10.3,65.6,0.8225,,,,,,,,,,,,,,
10.8,64.0,0.8307,,,,,,,,,,,,,,
13.3,55.6,0.8453,,,,,,,,,,,,,,
15.8,46.8,0.8328,,,,,,,,,,,,,,
19.5,34.4,0.7738,,,,,,,,,,,,,,
21.1,30.2,0.7450,,,,,,,,,,,,,,
18.4,34.2,0.7185,,,,,,,,,,,,,,
21.0,30.6,0.7538,,,,,,,,,,,,,,
21.4,28.7,0.7231,,,,,,,,,,,,,,
21.3,27.3,0.6856,,,,,,,,,,,,,,
20.4,30.4,0.7193,,,,,,,,,,,,,,
18.7,34.8,0.7436,,,,,,,,,,,,,,
18.6,34.7,0.7369,,,,,,,,,,,,,,
17.9,35.8,0.7276,,,,,,,,,,,,,,
16.5,42.1,0.7856,,,,,,,,,,,,,,
14.8,49.7,0.8321,,,,,,,,,,,,,,
13.4,54.3,0.8291,,,,,,,,,,,,,,
13.4,54.2,0.8319,,,,,,,,,,,,,,
12.3,57.6,0.8223,,,,,,,,,,,,,,
11.6,58.8,0.7996,,,,,,,,,,,,,,
10.7,62.3,0.7988,,,,,,,,,,,,,,
10.2,63.2,0.7865,,,,,,,,,,,,,,
10.5,61.3,0.7761,,,,,,,,,,,,,,
9.3,65.8,0.7722,,,,,,,,,,,,,,
9.1,67.4,0.7814,,,,,,,,,,,,,,
10.2,62.9,0.7831,,,,,,,,,,,,,,
11.6,58.7,0.7999,,,,,,,,,,,,,,
13.5,53.4,0.8196,,,,,,,,,,,,,,
15.0,49.3,0.8364,,,,,,,,,,,,,,
17.1,42.1,0.8120,,,,,,,,,,,,,,
18.4,36.9,0.7758,,,,,,,,,,,,,,
19.3,35.4,0.7824,,,,,,,,,,,,,,
19.2,35.7,0.7826,,,,,,,,,,,,,,
21.5,30.4,0.7677,,,,,,,,,,,,,,
19.6,34.6,0.7807,,,,,,,,,,,,,,
19.6,35.5,0.8017,,,,,,,,,,,,,,
18.3,44.1,0.9183,,,,,,,,,,,,,,
17.4,47.8,0.9392,,,,,,,,,,,,,,
16.8,49.8,0.9446,,,,,,,,,,,,,,
16.2,53.2,0.9723,,,,,,,,,,,,,,
14.9,59.1,0.9928,,,,,,,,,,,,,,
13.9,64.0,1.0130,,,,,,,,,,,,,,
13.7,66.8,1.0410,,,,,,,,,,,,,,
13.4,69.6,1.0688,,,,,,,,,,,,,,
12.8,71.9,1.0632,,,,,,,,,,,,,,
12.9,68.5,1.0155,,,,,,,,,,,,,,
11.9,74.8,1.0380,,,,,,,,,,,,,,
11.6,76.4,1.0415,,,,,,,,,,,,,,
11.7,75.3,1.0325,,,,,,,,,,,,,,
12.8,71.0,1.0428,,,,,,,,,,,,,,
13.8,61.1,0.9595,,,,,,,,,,,,,,
15.3,51.4,0.8886,,,,,,,,,,,,,,
16.6,48.7,0.9146,,,,,,,,,,,,,,
17.6,46.7,0.9324,,,,,,,,,,,,,,
19.2,42.7,0.9425,,,,,,,,,,,,,,
15.7,62.5,1.1092,,,,,,,,,,,,,,
14.5,75.7,1.2425,,,,,,,,,,,,,,
14.4,77.4,1.2654,,,,,,,,,,,,,,
14.6,74.9,1.2391,,,,,,,,,,,,,,
14.6,76.0,1.2573,,,,,,,,,,,,,,
14.0,76.3,1.2166,,,,,,,,,,,,,,
13.9,78.0,1.2303,,,,,,,,,,,,,,
13.8,78.0,1.2229,,,,,,,,,,,,,,
13.5,79.4,1.2224,,,,,,,,,,,,,,
13.1,80.1,1.2016,,,,,,,,,,,,,,
12.8,81.0,1.1915,,,,,,,,,,,,,,
12.7,80.6,1.1819,,,,,,,,,,,,,,
12.5,81.8,1.1838,,,,,,,,,,,,,,
12.7,81.2,1.1849,,,,,,,,,,,,,,
12.4,82.4,1.1848,,,,,,,,,,,,,,
12.6,79.9,1.1619,,,,,,,,,,,,,,
12.8,80.0,1.1761,,,,,,,,,,,,,,
12.6,79.9,1.1596,,,,,,,,,,,,,,
12.5,79.6,1.1538,,,,,,,,,,,,,,
12.8,80.8,1.1863,,,,,,,,,,,,,,
13.5,78.1,1.1997,,,,,,,,,,,,,,
14.6,74.9,1.2348,,,,,,,,,,,,,,
16.8,61.0,1.1599,,,,,,,,,,,,,,
18.8,50.1,1.0769,,,,,,,,,,,,,,
19.3,47.1,1.0445,,,,,,,,,,,,,,
19.3,46.6,1.0298,,,,,,,,,,,,,,
19.7,44.4,1.0081,,,,,,,,,,,,,,
19.3,45.7,1.0161,,,,,,,,,,,,,,
17.9,49.9,1.0135,,,,,,,,,,,,,,
16.9,53.2,1.0179,,,,,,,,,,,,,,
16.1,56.0,1.0151,,,,,,,,,,,,,,
16.5,52.8,0.9860,,,,,,,,,,,,,,
16.9,51.1,0.9743,,,,,,,,,,,,,,
17.0,50.8,0.9751,,,,,,,,,,,,,,
16.9,54.8,1.0455,,,,,,,,,,,,,,
16.3,57.2,1.0492,,,,,,,,,,,,,,
16.0,56.2,1.0164,,,,,,,,,,,,,,
15.6,60.2,1.0617,,,,,,,,,,,,,,
14.6,68.2,1.1282,,,,,,,,,,,,,,
14.3,69.6,1.1257,,,,,,,,,,,,,,
13.8,71.9,1.1312,,,,,,,,,,,,,,
13.8,72.7,1.1402,,,,,,,,,,,,,,
14.2,72.3,1.1632,,,,,,,,,,,,,,
14.5,72.9,1.1950,,,,,,,,,,,,,,
14.2,75.6,1.2201,,,,,,,,,,,,,,
14.5,77.2,1.2695,,,,,,,,,,,,,,
14.9,74.5,1.2530,,,,,,,,,,,,,,
15.5,67.4,1.1780,,,,,,,,,,,,,,
16.7,56.0,1.0544,,,,,,,,,,,,,,
17.1,55.5,1.0724,,,,,,,,,,,,,,
16.2,62.4,1.1423,,,,,,,,,,,,,,
17.4,58.9,1.1567,,,,,,,,,,,,,,
17.5,54.6,1.0800,,,,,,,,,,,,,,
17.5,54.2,1.0722,,,,,,,,,,,,,,
17.0,55.1,1.0621,,,,,,,,,,,,,,
16.4,57.8,1.0669,,,,,,,,,,,,,,
15.8,60.4,1.0744,,,,,,,,,,,,,,
15.5,63.3,1.1071,,,,,,,,,,,,,,
15.0,65.2,1.1045,,,,,,,,,,,,,,
14.5,67.3,1.1054,,,,,,,,,,,,,,
14.1,70.1,1.1224,,,,,,,,,,,,,,
13.8,73.3,1.1518,,,,,,,,,,,,,,
13.1,78.3,1.1716,,,,,,,,,,,,,,
13.0,78.2,1.1664,,,,,,,,,,,,,,
14.3,70.1,1.1328,,,,,,,,,,,,,,
14.0,70.9,1.1306,,,,,,,,,,,,,,
15.4,64.2,1.1123,,,,,,,,,,,,,,
16.5,57.9,1.0826,,,,,,,,,,,,,,
18.8,48.0,1.0323,,,,,,,,,,,,,,
19.5,43.3,0.9706,,,,,,,,,,,,,,
18.5,45.5,0.9606,,,,,,,,,,,,,,
18.0,46.7,0.9569,,,,,,,,,,,,,,
16.5,58.2,1.0813,,,,,,,,,,,,,,
12.1,75.6,1.0662,,,,,,,,,,,,,,
11.1,75.6,0.9974,,,,,,,,,,,,,,
10.5,79.0,1.0016,,,,,,,,,,,,,,
10.0,80.5,0.9853,,,,,,,,,,,,,,
11.3,70.5,0.9389,,,,,,,,,,,,,,
10.7,71.5,0.9197,,,,,,,,,,,,,,
9.9,74.0,0.9009,,,,,,,,,,,,,,
10.8,68.2,0.8806,,,,,,,,,,,,,,
10.2,74.0,0.9176,,,,,,,,,,,,,,
10.1,77.5,0.9579,,,,,,,,,,,,,,
9.9,77.7,0.9497,,,,,,,,,,,,,,
9.5,80.2,0.9533,,,,,,,,,,,,,,
9.5,79.7,0.9489,,,,,,,,,,,,,,
9.7,78.9,0.9487,,,,,,,,,,,,,,
9.8,80.0,0.9670,,,,,,,,,,,,,,
10.0,79.6,0.9800,,,,,,,,,,,,,,
10.3,79.4,0.9927,,,,,,,,,,,,,,
11.0,77.4,1.0135,,,,,,,,,,,,,,
12.3,69.2,0.9906,,,,,,,,,,,,,,
14.5,60.4,0.9936,,,,,,,,,,,,,,
16.0,56.3,1.0185,,,,,,,,,,,,,,
18.1,51.1,1.0551,,,,,,,,,,,,,,
23.0,37.5,1.0389,,,,,,,,,,,,,,
21.8,39.6,1.0209,,,,,,,,,,,,,,
21.9,37.2,0.9683,,,,,,,,,,,,,,
23.8,31.4,0.9132,,,,,,,,,,,,,,
25.9,26.9,0.8845,,,,,,,,,,,,,,
25.8,29.9,0.9808,,,,,,,,,,,,,,
22.6,39.5,1.0679,,,,,,,,,,,,,,
19.9,45.0,1.0364,,,,,,,,,,,,,,
17.9,47.4,0.9657,,,,,,,,,,,,,,
16.8,50.4,0.9545,,,,,,,,,,,,,,
16.0,52.0,0.9375,,,,,,,,,,,,,,
14.2,59.1,0.9520,,,,,,,,,,,,,,
14.2,56.7,0.9111,,,,,,,,,,,,,,
12.2,67.7,0.9625,,,,,,,,,,,,,,
13.2,61.7,0.9328,,,,,,,,,,,,,,
10.9,71.0,0.9249,,,,,,,,,,,,,,
11.3,67.6,0.9038,,,,,,,,,,,,,,
10.1,71.8,0.8880,,,,,,,,,,,,,,
10.2,70.9,0.8841,,,,,,,,,,,,,,
11.8,66.0,0.9085,,,,,,,,,,,,,,
14.0,58.2,0.9271,,,,,,,,,,,,,,
17.0,50.2,0.9646,,,,,,,,,,,,,,
22.3,36.9,0.9838,,,,,,,,,,,,,,
24.4,30.9,0.9340,,,,,,,,,,,,,,
25.9,26.7,0.8771,,,,,,,,,,,,,,
25.8,26.1,0.8540,,,,,,,,,,,,,,
26.3,24.8,0.8393,,,,,,,,,,,,,,
27.0,22.2,0.7805,,,,,,,,,,,,,,
27.3,20.5,0.7308,,,,,,,,,,,,,,
25.8,24.1,0.7912,,,,,,,,,,,,,,
25.3,28.9,0.9151,,,,,,,,,,,,,,
23.8,33.7,0.9786,,,,,,,,,,,,,,
21.4,36.0,0.9059,,,,,,,,,,,,,,
19.8,39.5,0.9016,,,,,,,,,,,,,,
19.2,42.1,0.9273,,,,,,,,,,,,,,
18.8,45.8,0.9855,,,,,,,,,,,,,,
17.1,50.8,0.9828,,,,,,,,,,,,,,
16.2,53.4,0.9775,,,,,,,,,,,,,,
16.0,53.5,0.9691,,,,,,,,,,,,,,
14.3,59.2,0.9601,,,,,,,,,,,,,,
13.3,62.6,0.9498,,,,,,,,,,,,,,
13.4,59.5,0.9097,,,,,,,,,,,,,,
12.2,64.1,0.9062,,,,,,,,,,,,,,
13.9,57.2,0.9029,,,,,,,,,,,,,,
15.2,53.2,0.9107,,,,,,,,,,,,,,
19.2,41.6,0.9154,,,,,,,,,,,,,,
23.7,30.6,0.8854,,,,,,,,,,,,,,
26.1,26.8,0.8921,,,,,,,,,,,,,,
28.1,24.4,0.9138,,,,,,,,,,,,,,
28.3,23.9,0.9060,,,,,,,,,,,,,,
28.0,21.0,0.7814,,,,,,,,,,,,,,
30.8,16.4,0.7167,,,,,,,,,,,,,,
31.3,16.2,0.7262,,,,,,,,,,,,,,
29.4,20.5,0.8262,,,,,,,,,,,,,,
25.8,24.3,0.7940,,,,,,,,,,,,,,
23.8,29.5,0.8559,,,,,,,,,,,,,,
22.0,34.8,0.9080,,,,,,,,,,,,,,
20.2,37.4,0.8748,,,,,,,,,,,,,,
19.3,38.8,0.8559,,,,,,,,,,,,,,
17.9,43.7,0.8856,,,,,,,,,,,,,,
17.2,47.9,0.9334,,,,,,,,,,,,,,
16.3,49.7,0.9160,,,,,,,,,,,,,,
16.7,46.5,0.8755,,,,,,,,,,,,,,
14.6,53.0,0.8775,,,,,,,,,,,,,,
14.1,53.9,0.8633,,,,,,,,,,,,,,
14.2,52.2,0.8413,,,,,,,,,,,,,,
14.3,55.4,0.9003,,,,,,,,,,,,,,
14.0,58.0,0.9202,,,,,,,,,,,,,,
15.4,53.3,0.9289,,,,,,,,,,,,,,
19.1,42.1,0.9233,,,,,,,,,,,,,,
23.7,31.0,0.8968,,,,,,,,,,,,,,
26.9,25.7,0.8942,,,,,,,,,,,,,,
29.7,20.6,0.8478,,,,,,,,,,,,,,
29.2,21.5,0.8573,,,,,,,,,,,,,,
29.6,20.1,0.8181,,,,,,,,,,,,,,
30.0,19.4,0.8100,,,,,,,,,,,,,,
29.5,20.1,0.8136,,,,,,,,,,,,,,
27.0,26.8,0.9403,,,,,,,,,,,,,,
24.9,30.8,0.9540,,,,,,,,,,,,,,
23.1,36.7,1.0244,,,,,,,,,,,,,,
21.5,40.8,1.0333,,,,,,,,,,,,,,
20.5,41.5,0.9864,,,,,,,,,,,,,,
19.2,44.9,0.9875,,,,,,,,,,,,,,
18.8,47.7,1.0221,,,,,,,,,,,,,,
18.2,49.7,1.0284,,,,,,,,,,,,,,
16.1,57.4,1.0451,,,,,,,,,,,,,,
16.3,55.3,1.0178,,,,,,,,,,,,,,
15.7,53.6,0.9483,,,,,,,,,,,,,,
16.9,49.8,0.9514,,,,,,,,,,,,,,
14.8,57.7,0.9644,,,,,,,,,,,,,,
14.0,59.7,0.9499,,,,,,,,,,,,,,
14.6,56.8,0.9385,,,,,,,,,,,,,,
16.7,51.9,0.9788,,,,,,,,,,,,,,
20.0,45.0,1.0390,,,,,,,,,,,,,,
23.9,33.7,0.9837,,,,,,,,,,,,,,
26.8,29.5,1.0209,,,,,,,,,,,,,,
27.2,32.4,1.1493,,,,,,,,,,,,,,
26.9,32.1,1.1217,,,,,,,,,,,,,,
24.3,41.8,1.2561,,,,,,,,,,,,,,
25.6,36.0,1.1629,,,,,,,,,,,,,,
27.0,31.8,1.1176,,,,,,,,,,,,,,
27.5,31.6,1.1417,,,,,,,,,,,,,,
24.9,38.1,1.1838,,,,,,,,,,,,,,
23.4,39.7,1.1276,,,,,,,,,,,,,,
21.2,50.8,1.2631,,,,,,,,,,,,,,
15.6,73.5,1.2953,,,,,,,,,,,,,,
12.9,79.7,1.1774,,,,,,,,,,,,,,
11.5,76.9,1.0436,,,,,,,,,,,,,,
12.2,66.8,0.9455,,,,,,,,,,,,,,
12.4,64.1,0.9209,,,,,,,,,,,,,,
12.7,58.7,0.8605,,,,,,,,,,,,,,
12.6,58.6,0.8529,,,,,,,,,,,,,,
12.5,51.2,0.7374,,,,,,,,,,,,,,
12.5,50.9,0.7346,,,,,,,,,,,,,,
12.8,49.3,0.7285,,,,,,,,,,,,,,
13.5,48.6,0.7487,,,,,,,,,,,,,,
14.4,45.9,0.7476,,,,,,,,,,,,,,
15.1,43.9,0.7487,,,,,,,,,,,,,,
16.6,38.6,0.7236,,,,,,,,,,,,,,
17.2,35.0,0.6789,,,,,,,,,,,,,,
17.4,33.9,0.6683,,,,,,,,,,,,,,
17.9,30.7,0.6234,,,,,,,,,,,,,,
18.3,27.2,0.5675,,,,,,,,,,,,,,
19.4,25.7,0.5738,,,,,,,,,,,,,,
20.2,24.1,0.5630,,,,,,,,,,,,,,
19.6,24.9,0.5625,,,,,,,,,,,,,,
18.5,27.8,0.5843,,,,,,,,,,,,,,
17.8,30.3,0.6129,,,,,,,,,,,,,,
16.6,34.0,0.6353,,,,,,,,,,,,,,
15.5,37.0,0.6447,,,,,,,,,,,,,,
14.8,39.5,0.6595,,,,,,,,,,,,,,
14.5,42.0,0.6896,,,,,,,,,,,,,,
14.1,44.9,0.7206,,,,,,,,,,,,,,
14.2,45.5,0.7333,,,,,,,,,,,,,,
14.1,45.3,0.7247,,,,,,,,,,,,,,
14.0,44.3,0.7038,,,,,,,,,,,,,,
14.1,43.0,0.6890,,,,,,,,,,,,,,
13.9,43.9,0.6923,,,,,,,,,,,,,,
14.0,43.8,0.6959,,,,,,,,,,,,,,
14.4,43.6,0.7113,,,,,,,,,,,,,,
15.0,41.7,0.7093,,,,,,,,,,,,,,
16.3,38.4,0.7052,,,,,,,,,,,,,,
18.3,32.3,0.6760,,,,,,,,,,,,,,
18.8,31.7,0.6821,,,,,,,,,,,,,,
19.6,30.9,0.6968,,,,,,,,,,,,,,
20.2,30.7,0.7176,,,,,,,,,,,,,,
19.7,32.5,0.7396,,,,,,,,,,,,,,
20.7,31.6,0.7602,,,,,,,,,,,,,,
20.0,32.7,0.7545,,,,,,,,,,,,,,
18.6,35.4,0.7535,,,,,,,,,,,,,,
18.3,35.9,0.7501,,,,,,,,,,,,,,
17.8,37.5,0.7568,,,,,,,,,,,,,,
17.3,38.8,0.7584,,,,,,,,,,,,,,
17.3,38.8,0.7596,,,,,,,,,,,,,,
16.4,40.8,0.7542,,,,,,,,,,,,,,
16.0,41.4,0.7487,,,,,,,,,,,,,,
15.4,43.0,0.7482,,,,,,,,,,,,,,
15.7,42.5,0.7539,,,,,,,,,,,,,,
15.6,43.4,0.7651,,,,,,,,,,,,,,
15.2,45.8,0.7864,,,,,,,,,,,,,,
14.7,49.9,0.8280,,,,,,,,,,,,,,
15.5,47.3,0.8282,,,,,,,,,,,,,,
14.4,53.1,0.8677,,,,,,,,,,,,,,
15.9,48.5,0.8704,,,,,,,,,,,,,,
18.1,40.3,0.8294,,,,,,,,,,,,,,
19.6,35.9,0.8100,,,,,,,,,,,,,,
22.8,29.1,0.7960,,,,,,,,,,,,,,
24.8,25.3,0.7793,,,,,,,,,,,,,,
27.2,22.0,0.7785,,,,,,,,,,,,,,
28.2,20.4,0.7677,,,,,,,,,,,,,,
25.4,24.2,0.7733,,,,,,,,,,,,,,
25.7,23.8,0.7737,,,,,,,,,,,,,,
27.2,22.1,0.7811,,,,,,,,,,,,,,
27.0,22.3,0.7860,,,,,,,,,,,,,,
24.5,27.8,0.8433,,,,,,,,,,,,,,
23.7,30.2,0.8718,,,,,,,,,,,,,,
21.5,34.5,0.8746,,,,,,,,,,,,,,
19.9,37.8,0.8675,,,,,,,,,,,,,,
18.9,40.6,0.8771,,,,,,,,,,,,,,
17.9,43.5,0.8840,,,,,,,,,,,,,,
17.4,46.3,0.9112,,,,,,,,,,,,,,
18.1,44.7,0.9186,,,,,,,,,,,,,,
16.5,50.1,0.9331,,,,,,,,,,,,,,
14.2,56.9,0.9141,,,,,,,,,,,,,,
14.7,56.2,0.9341,,,,,,,,,,,,,,
16.3,52.8,0.9722,,,,,,,,,,,,,,
13.9,60.7,0.9597,,,,,,,,,,,,,,
15.0,58.3,0.9876,,,,,,,,,,,,,,
16.1,54.8,0.9960,,,,,,,,,,,,,,
19.3,46.4,1.0248,,,,,,,,,,,,,,
24.2,33.8,1.0097,,,,,,,,,,,,,,
26.7,28.7,0.9895,,,,,,,,,,,,,,
27.4,28.2,1.0098,,,,,,,,,,,,,,
28.1,26.9,1.0094,,,,,,,,,,,,,,
27.7,26.5,0.9693,,,,,,,,,,,,,,
28.4,23.4,0.8935,,,,,,,,,,,,,,
28.4,26.0,0.9922,,,,,,,,,,,,,,
27.3,30.0,1.0752,,,,,,,,,,,,,,
24.3,37.3,1.1199,,,,,,,,,,,,,,
23.1,42.2,1.1746,,,,,,,,,,,,,,
21.8,43.6,1.1226,,,,,,,,,,,,,,
19.8,46.8,1.0702,,,,,,,,,,,,,,
19.6,49.8,1.1221,,,,,,,,,,,,,,
17.9,56.2,1.1420,,,,,,,,,,,,,,
17.4,55.6,1.0963,,,,,,,,,,,,,,
16.8,59.5,1.1269,,,,,,,,,,,,,,
15.9,60.1,1.0806,,,,,,,,,,,,,,
15.6,61.2,1.0784,,,,,,,,,,,,,,
14.6,63.4,1.0446,,,,,,,,,,,,,,
13.3,67.0,1.0203,,,,,,,,,,,,,,
12.9,66.5,0.9846,,,,,,,,,,,,,,
14.8,61.3,1.0237,,,,,,,,,,,,,,
16.1,56.5,1.0274,,,,,,,,,,,,,,
18.6,47.8,1.0143,,,,,,,,,,,,,,
23.8,30.2,0.8771,,,,,,,,,,,,,,
25.4,25.0,0.7966,,,,,,,,,,,,,,
25.6,25.5,0.8234,,,,,,,,,,,,,,
24.9,29.9,0.9325,,,,,,,,,,,,,,
22.4,37.9,1.0160,,,,,,,,,,,,,,
21.7,44.0,1.1242,,,,,,,,,,,,,,
21.4,44.4,1.1176,,,,,,,,,,,,,,
20.8,45.3,1.1016,,,,,,,,,,,,,,
20.2,48.6,1.1354,,,,,,,,,,,,,,
20.2,50.8,1.1924,,,,,,,,,,,,,,
18.6,57.6,1.2233,,,,,,,,,,,,,,
18.2,58.8,1.2173,,,,,,,,,,,,,,
17.8,61.0,1.2352,,,,,,,,,,,,,,
17.0,70.7,1.3554,,,,,,,,,,,,,,
16.2,76.9,1.4051,,,,,,,,,,,,,,
15.7,78.6,1.3943,,,,,,,,,,,,,,
15.7,78.4,1.3917,,,,,,,,,,,,,,
15.7,77.4,1.3683,,,,,,,,,,,,,,
15.4,78.5,1.3635,,,,,,,,,,,,,,
15.7,74.7,1.3194,,,,,,,,,,,,,,
15.9,73.1,1.3136,,,,,,,,,,,,,,
16.6,68.2,1.2737,,,,,,,,,,,,,,
18.7,57.6,1.2323,,,,,,,,,,,,,,
17.6,65.0,1.2945,,,,,,,,,,,,,,
16.3,73.2,1.3458,,,,,,,,,,,,,,
16.0,78.5,1.4209,,,,,,,,,,,,,,
17.3,72.4,1.4125,,,,,,,,,,,,,,
19.4,60.9,1.3545,,,,,,,,,,,,,,
21.4,50.9,1.2823,,,,,,,,,,,,,,
22.7,45.8,1.2465,,,,,,,,,,,,,,
20.9,60.8,1.4852,,,,,,,,,,,,,,
21.0,54.3,1.3353,,,,,,,,,,,,,,
20.8,54.4,1.3194,,,,,,,,,,,,,,
19.8,58.6,1.3392,,,,,,,,,,,,,,
19.1,61.1,1.3345,,,,,,,,,,,,,,
18.2,65.4,1.3529,,,,,,,,,,,,,,
18.1,66.1,1.3579,,,,,,,,,,,,,,
17.7,66.9,1.3422,,,,,,,,,,,,,,
17.8,66.8,1.3460,,,,,,,,,,,,,,
17.3,68.3,1.3346,,,,,,,,,,,,,,
16.5,70.2,1.3099,,,,,,,,,,,,,,
15.7,73.1,1.2902,,,,,,,,,,,,,,
16.2,69.9,1.2756,,,,,,,,,,,,,,
16.7,67.1,1.2619,,,,,,,,,,,,,,
16.7,66.9,1.2631,,,,,,,,,,,,,,
16.9,66.5,1.2688,,,,,,,,,,,,,,
17.7,62.0,1.2458,,,,,,,,,,,,,,
19.4,54.6,1.2184,,,,,,,,,,,,,,
21.6,46.1,1.1725,,,,,,,,,,,,,,
24.6,36.7,1.1202,,,,,,,,,,,,,,
26.0,31.9,1.0566,,,,,,,,,,,,,,
25.6,31.5,1.0184,,,,,,,,,,,,,,
24.8,34.8,1.0716,,,,,,,,,,,,,,
26.1,30.3,1.0101,,,,,,,,,,,,,,
25.5,33.5,1.0767,,,,,,,,,,,,,,
23.7,37.2,1.0746,,,,,,,,,,,,,,
22.3,38.9,1.0324,,,,,,,,,,,,,,
20.7,42.8,1.0298,,,,,,,,,,,,,,
19.0,51.7,1.1222,,,,,,,,,,,,,,
17.8,55.5,1.1174,,,,,,,,,,,,,,
17.4,57.6,1.1342,,,,,,,,,,,,,,
17.6,58.5,1.1645,,,,,,,,,,,,,,
17.2,59.3,1.1551,,,,,,,,,,,,,,
17.1,60.4,1.1633,,,,,,,,,,,,,,
16.4,62.2,1.1507,,,,,,,,,,,,,,
14.8,67.6,1.1352,,,,,,,,,,,,,,
14.8,65.8,1.1028,,,,,,,,,,,,,,
14.7,65.2,1.0811,,,,,,,,,,,,,,
13.1,70.2,1.0554,,,,,,,,,,,,,,
14.3,66.2,1.0728,,,,,,,,,,,,,,
16.0,61.6,1.1083,,,,,,,,,,,,,,
17.7,56.4,1.1342,,,,,,,,,,,,,,
21.3,44.7,1.1157,,,,,,,,,,,,,,
23.6,36.4,1.0431,,,,,,,,,,,,,,
24.3,34.0,1.0149,,,,,,,,,,,,,,
24.4,32.7,0.9863,,,,,,,,,,,,,,
24.6,31.7,0.9647,,,,,,,,,,,,,,
23.9,34.3,1.0020,,,,,,,,,,,,,,
25.9,28.1,0.9258,,,,,,,,,,,,,,
24.5,32.3,0.9815,,,,,,,,,,,,,,
22.6,39.3,1.0600,,,,,,,,,,,,,,
21.2,47.5,1.1828,,,,,,,,,,,,,,
19.9,54.9,1.2632,,,,,,,,,,,,,,
19.4,52.1,1.1642,,,,,,,,,,,,,,
19.4,42.6,0.9485,,,,,,,,,,,,,,
19.1,44.1,0.9660,,,,,,,,,,,,,,
18.0,49.3,1.0086,,,,,,,,,,,,,,
17.6,54.6,1.0918,,,,,,,,,,,,,,
16.4,62.1,1.1493,,,,,,,,,,,,,,
15.6,65.3,1.1484,,,,,,,,,,,,,,
16.0,61.4,1.1043,,,,,,,,,,,,,,
15.8,64.3,1.1416,,,,,,,,,,,,,,
16.0,65.8,1.1844,,,,,,,,,,,,,,
16.8,62.5,1.1869,,,,,,,,,,,,,,
16.9,66.1,1.2613,,,,,,,,,,,,,,
17.4,68.9,1.3557,,,,,,,,,,,,,,
21.4,45.0,1.1291,,,,,,,,,,,,,,
23.9,30.7,0.9002,,,,,,,,,,,,,,
26.8,25.2,0.8721,,,,,,,,,,,,,,
28.4,23.6,0.8983,,,,,,,,,,,,,,
30.3,20.1,0.8539,,,,,,,,,,,,,,
30.9,19.7,0.8649,,,,,,,,,,,,,,
30.2,20.5,0.8672,,,,,,,,,,,,,,
26.4,34.6,1.1724,,,,,,,,,,,,,,
24.9,39.4,1.2268,,,,,,,,,,,,,,
23.5,43.7,1.2484,,,,,,,,,,,,,,
19.3,63.1,1.4028,,,,,,,,,,,,,,
18.7,64.6,1.3836,,,,,,,,,,,,,,
19.5,57.1,1.2806,,,,,,,,,,,,,,
18.9,62.5,1.3521,,,,,,,,,,,,,,
18.4,65.8,1.3802,,,,,,,,,,,,,,
16.4,79.2,1.4681,,,,,,,,,,,,,,
16.1,80.0,1.4562,,,,,,,,,,,,,,
15.6,81.0,1.4302,,,,,,,,,,,,,,
15.6,81.0,1.4216,,,,,,,,,,,,,,
15.7,80.5,1.4236,,,,,,,,,,,,,,
16.0,80.8,1.4602,,,,,,,,,,,,,,
16.6,78.0,1.4572,,,,,,,,,,,,,,
16.1,79.2,1.4398,,,,,,,,,,,,,,
17.7,70.8,1.4171,,,,,,,,,,,,,,
20.3,54.8,1.2867,,,,,,,,,,,,,,
21.2,49.3,1.2271,,,,,,,,,,,,,,
21.5,47.9,1.2178,,,,,,,,,,,,,,
21.4,47.7,1.2047,,,,,,,,,,,,,,
20.4,54.0,1.2757,,,,,,,,,,,,,,
19.9,57.1,1.3158,,,,,,,,,,,,,,
19.9,55.2,1.2701,,,,,,,,,,,,,,
19.5,55.7,1.2512,,,,,,,,,,,,,,
18.3,62.8,1.3127,,,,,,,,,,,,,,
17.2,68.3,1.3289,,,,,,,,,,,,,,
16.1,75.2,1.3654,,,,,,,,,,,,,,
16.6,70.8,1.3253,,,,,,,,,,,,,,
18.5,56.0,1.1810,,,,,,,,,,,,,,
17.3,59.5,1.1667,,,,,,,,,,,,,,
18.6,52.3,1.1121,,,,,,,,,,,,,,
19.0,49.8,1.0831,,,,,,,,,,,,,,
15.7,64.5,1.1400,,,,,,,,,,,,,,
15.5,66.9,1.1691,,,,,,,,,,,,,,
14.7,74.1,1.2302,,,,,,,,,,,,,,
14.6,77.1,1.2727,,,,,,,,,,,,,,
14.5,78.3,1.2851,,,,,,,,,,,,,,
15.1,76.8,1.3061,,,,,,,,,,,,,,
16.4,70.8,1.3088,,,,,,,,,,,,,,
16.4,72.4,1.3379,,,,,,,,,,,,,,
16.3,68.6,1.2657,,,,,,,,,,,,,,
17.2,62.9,1.2228,,,,,,,,,,,,,,
17.4,61.1,1.2060,,,,,,,,,,,,,,
16.8,66.8,1.2691,,,,,,,,,,,,,,
17.3,62.6,1.2260,,,,,,,,,,,,,,
17.5,60.8,1.2029,,,,,,,,,,,,,,
17.5,59.2,1.1725,,,,,,,,,,,,,,
17.7,56.9,1.1392,,,,,,,,,,,,,,
17.1,61.5,1.1873,,,,,,,,,,,,,,
17.5,63.9,1.2667,,,,,,,,,,,,,,
15.9,70.7,1.2672,,,,,,,,,,,,,,
15.1,75.1,1.2799,,,,,,,,,,,,,,
13.9,72.5,1.1502,,,,,,,,,,,,,,
12.0,79.8,1.1175,,,,,,,,,,,,,,
12.5,75.8,1.0938,,,,,,,,,,,,,,
12.0,75.0,1.0499,,,,,,,,,,,,,,
12.6,72.2,1.0503,,,,,,,,,,,,,,
12.7,71.6,1.0486,,,,,,,,,,,,,,
13.1,67.1,1.0079,,,,,,,,,,,,,,
13.2,64.6,0.9774,,,,,,,,,,,,,,
13.1,65.6,0.9815,,,,,,,,,,,,,,
14.7,58.5,0.9688,,,,,,,,,,,,,,
15.9,53.1,0.9529,,,,,,,,,,,,,,
17.9,46.1,0.9388,,,,,,,,,,,,,,
20.2,37.7,0.8833,,,,,,,,,,,,,,
18.5,42.8,0.9026,,,,,,,,,,,,,,
13.0,64.3,0.9586,,,,,,,,,,,,,,
15.1,54.5,0.9309,,,,,,,,,,,,,,
13.6,65.5,1.0184,,,,,,,,,,,,,,
12.3,78.3,1.1154,,,,,,,,,,,,,,
12.7,74.2,1.0863,,,,,,,,,,,,,,
14.4,64.2,1.0490,,,,,,,,,,,,,,
15.6,58.3,1.0266,,,,,,,,,,,,,,
15.0,61.4,1.0385,,,,,,,,,,,,,,
13.7,65.8,1.0254,,,,,,,,,,,,,,
12.3,66.4,0.9440,,,,,,,,,,,,,,
15.4,58.8,1.0215,,,,,,,,,,,,,,
14.1,64.9,1.0405,,,,,,,,,,,,,,
13.8,64.7,1.0168,,,,,,,,,,,,,,
13.5,67.8,1.0420,,,,,,,,,,,,,,
13.7,69.4,1.0794,,,,,,,,,,,,,,
13.9,67.7,1.0712,,,,,,,,,,,,,,
14.0,67.8,1.0787,,,,,,,,,,,,,,
14.6,61.1,1.0075,,,,,,,,,,,,,,
14.3,60.5,0.9847,,,,,,,,,,,,,,
14.9,56.9,0.9582,,,,,,,,,,,,,,
16.4,50.2,0.9286,,,,,,,,,,,,,,
16.0,50.9,0.9211,,,,,,,,,,,,,,
18.6,42.8,0.9091,,,,,,,,,,,,,,
19.7,33.7,0.7646,,,,,,,,,,,,,,
21.2,27.7,0.6864,,,,,,,,,,,,,,
19.7,28.5,0.6445,,,,,,,,,,,,,,
19.8,29.7,0.6780,,,,,,,,,,,,,,
19.2,35.6,0.7856,,,,,,,,,,,,,,
14.2,60.5,0.9765,,,,,,,,,,,,,,
12.9,69.1,1.0249,,,,,,,,,,,,,,
12.7,70.4,1.0294,,,,,,,,,,,,,,
13.9,62.7,0.9905,,,,,,,,,,,,,,
13.9,62.9,0.9948,,,,,,,,,,,,,,
13.4,65.2,0.9996,,,,,,,,,,,,,,
13.4,64.6,0.9864,,,,,,,,,,,,,,
13.3,63.6,0.9677,,,,,,,,,,,,,,
13.3,61.8,0.9433,,,,,,,,,,,,,,
13.6,59.7,0.9271,,,,,,,,,,,,,,
14.6,53.3,0.8807,,,,,,,,,,,,,,
14.3,51.7,0.8412,,,,,,,,,,,,,,
10.9,67.5,0.8785,,,,,,,,,,,,,,
7.4,85.2,0.8808,,,,,,,,,,,,,,
8.7,81.5,0.9190,,,,,,,,,,,,,,
10.3,75.6,0.9458,,,,,,,,,,,,,,
11.0,75.0,0.9821,,,,,,,,,,,,,,
13.6,66.1,1.0236,,,,,,,,,,,,,,
14.7,63.1,1.0488,,,,,,,,,,,,,,
13.8,72.3,1.1361,,,,,,,,,,,,,,
13.3,76.8,1.1703,,,,,,,,,,,,,,
16.2,60.0,1.0937,,,,,,,,,,,,,,
16.3,55.3,1.0146,,,,,,,,,,,,,,
20.0,40.4,0.9354,,,,,,,,,,,,,,
19.8,35.4,0.8099,,,,,,,,,,,,,,
19.8,33.6,0.7670,,,,,,,,,,,,,,
17.8,38.5,0.7763,,,,,,,,,,,,,,
16.7,44.6,0.8393,,,,,,,,,,,,,,
15.1,51.8,0.8816,,,,,,,,,,,,,,
14.1,56.2,0.9028,,,,,,,,,,,,,,
13.8,58.3,0.9147,,,,,,,,,,,,,,
13.7,59.7,0.9285,,,,,,,,,,,,,,
13.7,60.3,0.9405,,,,,,,,,,,,,,
12.7,64.9,0.9506,,,,,,,,,,,,,,
12.6,65.4,0.9529,,,,,,,,,,,,,,
12.1,68.6,0.9640,,,,,,,,,,,,,,
12.3,68.0,0.9722,,,,,,,,,,,,,,
11.9,71.1,0.9899,,,,,,,,,,,,,,
11.3,73.8,0.9848,,,,,,,,,,,,,,
13.1,62.6,0.9419,,,,,,,,,,,,,,
16.8,46.8,0.8881,,,,,,,,,,,,,,
17.9,44.8,0.9104,,,,,,,,,,,,,,
17.8,49.5,0.9986,,,,,,,,,,,,,,
18.8,46.4,0.9968,,,,,,,,,,,,,,
19.3,44.0,0.9783,,,,,,,,,,,,,,
14.7,68.4,1.1405,,,,,,,,,,,,,,
15.6,65.8,1.1577,,,,,,,,,,,,,,
17.7,54.0,1.0826,,,,,,,,,,,,,,
17.8,46.7,0.9466,,,,,,,,,,,,,,
17.8,44.4,0.8967,,,,,,,,,,,,,,
17.8,44.3,0.8929,,,,,,,,,,,,,,
16.4,47.8,0.8851,,,,,,,,,,,,,,
15.6,51.6,0.9063,,,,,,,,,,,,,,
14.9,55.0,0.9228,,,,,,,,,,,,,,
13.8,59.8,0.9398,,,,,,,,,,,,,,
13.8,62.1,0.9721,,,,,,,,,,,,,,
13.9,61.1,0.9656,,,,,,,,,,,,,,
14.9,57.6,0.9684,,,,,,,,,,,,,,
14.4,60.1,0.9797,,,,,,,,,,,,,,
13.8,63.2,0.9952,,,,,,,,,,,,,,
14.2,62.9,1.0136,,,,,,,,,,,,,,
14.0,63.8,1.0167,,,,,,,,,,,,,,
13.4,67.4,1.0292,,,,,,,,,,,,,,
14.7,62.3,1.0351,,,,,,,,,,,,,,
16.0,57.3,1.0342,,,,,,,,,,,,,,
17.8,51.1,1.0362,,,,,,,,,,,,,,
20.0,45.0,1.0379,,,,,,,,,,,,,,
20.3,44.1,1.0392,,,,,,,,,,,,,,
20.7,42.4,1.0248,,,,,,,,,,,,,,
20.8,40.6,0.9888,,,,,,,,,,,,,,
21.5,39.7,1.0042,,,,,,,,,,,,,,
25.0,30.1,0.9394,,,,,,,,,,,,,,
25.2,29.7,0.9371,,,,,,,,,,,,,,
23.4,32.0,0.9100,,,,,,,,,,,,,,
21.0,37.8,0.9298,,,,,,,,,,,,,,
19.2,45.7,1.0084,,,,,,,,,,,,,,
17.7,50.9,1.0232,,,,,,,,,,,,,,
16.8,53.6,1.0167,,,,,,,,,,,,,,
15.8,56.2,1.0033,,,,,,,,,,,,,,
16.0,56.5,1.0166,,,,,,,,,,,,,,
14.2,64.1,1.0346,,,,,,,,,,,,,,
15.0,59.8,1.0142,,,,,,,,,,,,,,
14.3,61.9,1.0031,,,,,,,,,,,,,,
12.8,66.0,0.9690,,,,,,,,,,,,,,
11.4,70.5,0.9484,,,,,,,,,,,,,,
12.0,68.0,0.9547,,,,,,,,,,,,,,
11.3,70.4,0.9443,,,,,,,,,,,,,,
12.7,65.6,0.9620,,,,,,,,,,,,,,
14.5,59.8,0.9795,,,,,,,,,,,,,,
17.5,49.8,0.9877,,,,,,,,,,,,,,
21.9,35.2,0.9128,,,,,,,,,,,,,,
23.5,29.5,0.8435,,,,,,,,,,,,,,
24.3,29.8,0.8926,,,,,,,,,,,,,,
23.8,31.7,0.9212,,,,,,,,,,,,,,
24.2,31.2,0.9257,,,,,,,,,,,,,,
26.5,27.2,0.9282,,,,,,,,,,,,,,
25.7,28.4,0.9248,,,,,,,,,,,,,,
26.3,27.5,0.9306,,,,,,,,,,,,,,
24.4,31.6,0.9545,,,,,,,,,,,,,,
23.1,35.3,0.9845,,,,,,,,,,,,,,
21.1,40.2,0.9970,,,,,,,,,,,,,,
19.2,52.3,1.1516,,,,,,,,,,,,,,
18.1,58.7,1.2072,,,,,,,,,,,,,,
17.3,58.8,1.1494,,,,,,,,,,,,,,
16.9,58.8,1.1250,,,,,,,,,,,,,,
17.6,57.6,1.1484,,,,,,,,,,,,,,
15.6,63.9,1.1287,,,,,,,,,,,,,,
14.9,65.7,1.1073,,,,,,,,,,,,,,
15.6,62.2,1.0961,,,,,,,,,,,,,,
14.0,68.3,1.0884,,,,,,,,,,,,,,
14.5,65.7,1.0804,,,,,,,,,,,,,,
15.5,62.2,1.0875,,,,,,,,,,,,,,
17.0,56.8,1.0909,,,,,,,,,,,,,,
18.8,52.4,1.1285,,,,,,,,,,,,,,
19.7,51.9,1.1796,,,,,,,,,,,,,,
20.9,44.6,1.0872,,,,,,,,,,,,,,
21.9,43.3,1.1265,,,,,,,,,,,,,,
20.4,55.7,1.3205,,,,,,,,,,,,,,
17.4,67.0,1.3250,,,,,,,,,,,,,,
17.1,64.0,1.2413,,,,,,,,,,,,,,
17.3,61.1,1.1957,,,,,,,,,,,,,,
17.7,56.3,1.1300,,,,,,,,,,,,,,
17.4,48.6,0.9559,,,,,,,,,,,,,,
17.6,43.7,0.8698,,,,,,,,,,,,,,
16.7,47.2,0.8920,,,,,,,,,,,,,,
16.8,45.6,0.8636,,,,,,,,,,,,,,
16.1,52.0,0.9460,,,,,,,,,,,,,,
15.5,57.1,0.9960,,,,,,,,,,,,,,
16.2,50.2,0.9156,,,,,,,,,,,,,,
16.4,50.5,0.9380,,,,,,,,,,,,,,
16.2,52.8,0.9626,,,,,,,,,,,,,,
16.0,53.7,0.9723,,,,,,,,,,,,,,
16.2,53.0,0.9672,,,,,,,,,,,,,,
16.2,53.7,0.9799,,,,,,,,,,,,,,
15.9,55.3,0.9910,,,,,,,,,,,,,,
16.2,55.6,1.0151,,,,,,,,,,,,,,
16.0,59.3,1.0711,,,,,,,,,,,,,,
16.6,55.6,1.0420,,,,,,,,,,,,,,
17.4,51.8,1.0220,,,,,,,,,,,,,,
17.6,49.7,0.9944,,,,,,,,,,,,,,
17.2,52.8,1.0236,,,,,,,,,,,,,,
18.2,49.6,1.0268,,,,,,,,,,,,,,
19.5,45.0,1.0114,,,,,,,,,,,,,,
19.5,45.5,1.0189,,,,,,,,,,,,,,
19.8,44.3,1.0104,,,,,,,,,,,,,,
20.3,43.1,1.0114,,,,,,,,,,,,,,
20.3,44.4,1.0457,,,,,,,,,,,,,,
19.8,47.9,1.0920,,,,,,,,,,,,,,
19.1,52.3,1.1486,,,,,,,,,,,,,,
18.2,54.7,1.1336,,,,,,,,,,,,,,
17.8,55.0,1.1097,,,,,,,,,,,,,,
17.5,56.4,1.1175,,,,,,,,,,,,,,
17.3,57.8,1.1298,,,,,,,,,,,,,,
16.8,57.5,1.0912,,,,,,,,,,,,,,
16.3,57.0,1.0484,,,,,,,,,,,,,,
16.2,56.3,1.0262,,,,,,,,,,,,,,
15.5,59.9,1.0498,,,,,,,,,,,,,,
16.0,58.3,1.0481,,,,,,,,,,,,,,
17.2,52.3,1.0169,,,,,,,,,,,,,,
18.5,49.4,1.0397,,,,,,,,,,,,,,
20.0,45.6,1.0524,,,,,,,,,,,,,,
21.0,37.9,0.9313,,,,,,,,,,,,,,
22.8,32.4,0.8870,,,,,,,,,,,,,,
25.5,25.6,0.8218,,,,,,,,,,,,,,
25.9,23.6,0.7771,,,,,,,,,,,,,,
27.7,20.8,0.7599,,,,,,,,,,,,,,
27.1,21.6,0.7618,,,,,,,,,,,,,,
28.4,20.2,0.7697,,,,,,,,,,,,,,
28.1,21.9,0.8184,,,,,,,,,,,,,,
27.6,22.3,0.8116,,,,,,,,,,,,,,
25.2,24.3,0.7671,,,,,,,,,,,,,,
24.6,25.1,0.7636,,,,,,,,,,,,,,
23.1,27.2,0.7575,,,,,,,,,,,,,,
22.0,28.6,0.7483,,,,,,,,,,,,,,
20.8,34.5,0.8365,,,,,,,,,,,,,,
20.4,35.3,0.8352,,,,,,,,,,,,,,
19.1,38.3,0.8381,,,,,,,,,,,,,,
18.0,40.5,0.8271,,,,,,,,,,,,,,
17.4,43.4,0.8553,,,,,,,,,,,,,,
14.8,50.6,0.8489,,,,,,,,,,,,,,
14.6,51.4,0.8489,,,,,,,,,,,,,,
15.7,46.9,0.8329,,,,,,,,,,,,,,
15.3,49.7,0.8552,,,,,,,,,,,,,,
16.0,47.4,0.8564,,,,,,,,,,,,,,
17.6,43.3,0.8647,,,,,,,,,,,,,,
20.3,37.4,0.8807,,,,,,,,,,,,,,
23.1,30.3,0.8425,,,,,,,,,,,,,,
25.0,24.2,0.7568,,,,,,,,,,,,,,
25.6,23.5,0.7611,,,,,,,,,,,,,,
25.5,22.6,0.7288,,,,,,,,,,,,,,
26.1,21.1,0.7023,,,,,,,,,,,,,,
28.2,19.4,0.7303,,,,,,,,,,,,,,
27.4,20.5,0.7379,,,,,,,,,,,,,,
26.0,22.7,0.7532,,,,,,,,,,,,,,
23.8,27.1,0.7858,,,,,,,,,,,,,,
23.0,28.7,0.7976,,,,,,,,,,,,,,
21.7,31.8,0.8191,,,,,,,,,,,,,,
20.9,33.2,0.8098,,,,,,,,,,,,,,
20.2,34.3,0.8017,,,,,,,,,,,,,,
19.6,37.0,0.8325,,,,,,,,,,,,,,
18.1,40.9,0.8441,,,,,,,,,,,,,,
17.0,43.3,0.8341,,,,,,,,,,,,,,
16.7,43.4,0.8193,,,,,,,,,,,,,,
15.9,44.7,0.8009,,,,,,,,,,,,,,
15.2,45.5,0.7830,,,,,,,,,,,,,,
13.5,50.1,0.7706,,,,,,,,,,,,,,
14.2,49.9,0.8025,,,,,,,,,,,,,,
13.8,51.4,0.8059,,,,,,,,,,,,,,
16.3,45.1,0.8286,,,,,,,,,,,,,,
19.2,35.4,0.7812,,,,,,,,,,,,,,
25.5,21.1,0.6770,,,,,,,,,,,,,,
28.2,19.0,0.7164,,,,,,,,,,,,,,
29.5,19.8,0.8013,,,,,,,,,,,,,,
30.6,19.4,0.8348,,,,,,,,,,,,,,
29.9,22.0,0.9181,,,,,,,,,,,,,,
31.5,21.9,0.9970,,,,,,,,,,,,,,
31.2,24.6,1.0987,,,,,,,,,,,,,,
30.4,26.5,1.1347,,,,,,,,,,,,,,
26.8,33.5,1.1602,,,,,,,,,,,,,,
25.5,37.4,1.1995,,,,,,,,,,,,,,
23.7,39.4,1.1381,,,,,,,,,,,,,,
22.9,37.0,1.0197,,,,,,,,,,,,,,
20.8,36.3,0.8775,,,,,,,,,,,,,,
20.3,28.5,0.6686,,,,,,,,,,,,,,
19.6,26.5,0.5974,,,,,,,,,,,,,,
19.1,25.9,0.5673,,,,,,,,,,,,,,
18.4,27.6,0.5799,,,,,,,,,,,,,,
17.4,30.2,0.5945,,,,,,,,,,,,,,
16.3,34.1,0.6257,,,,,,,,,,,,,,
15.8,36.5,0.6535,,,,,,,,,,,,,,
16.0,38.1,0.6879,,,,,,,,,,,,,,
17.6,35.0,0.6965,,,,,,,,,,,,,,
18.5,31.2,0.6611,,,,,,,,,,,,,,
19.8,28.5,0.6520,,,,,,,,,,,,,,
22.3,24.1,0.6394,,,,,,,,,,,,,,
24.2,21.7,0.6451,,,,,,,,,,,,,,
25.1,20.8,0.6516,,,,,,,,,,,,,,
25.8,19.5,0.6392,,,,,,,,,,,,,,
26.3,18.9,0.6344,,,,,,,,,,,,,,
25.8,18.6,0.6080,,,,,,,,,,,,,,
25.7,19.4,0.6304,,,,,,,,,,,,,,
26.7,17.1,0.5909,,,,,,,,,,,,,,
24.3,19.8,0.5933,,,,,,,,,,,,,,
23.5,20.8,0.5937,,,,,,,,,,,,,,
22.0,24.0,0.6263,,,,,,,,,,,,,,
21.1,26.2,0.6481,,,,,,,,,,,,,,
20.9,28.8,0.7014,,,,,,,,,,,,,,
20.2,31.2,0.7304,,,,,,,,,,,,,,
20.0,31.5,0.7262,,,,,,,,,,,,,,
20.8,32.3,0.7813,,,,,,,,,,,,,,
20.0,34.5,0.7954,,,,,,,,,,,,,,
21.2,32.9,0.8178,,,,,,,,,,,,,,
18.3,40.0,0.8345,,,,,,,,,,,,,,
17.0,44.6,0.8593,,,,,,,,,,,,,,
17.1,45.3,0.8784,,,,,,,,,,,,,,
17.1,46.5,0.9010,,,,,,,,,,,,,,
18.8,39.7,0.8547,,,,,,,,,,,,,,
20.3,38.1,0.8946,,,,,,,,,,,,,,
25.3,27.0,0.8565,,,,,,,,,,,,,,
27.4,22.8,0.8219,,,,,,,,,,,,,,
30.0,20.0,0.8338,,,,,,,,,,,,,,
30.9,19.1,0.8394,,,,,,,,,,,,,,
30.6,20.2,0.8719,,,,,,,,,,,,,,
32.2,18.9,0.8964,,,,,,,,,,,,,,
31.7,19.5,0.8981,,,,,,,,,,,,,,
30.9,20.5,0.8996,,,,,,,,,,,,,,
27.5,24.7,0.8899,,,,,,,,,,,,,,
25.8,27.0,0.8821,,,,,,,,,,,,,,
23.7,30.0,0.8633,,,,,,,,,,,,,,
22.2,33.4,0.8806,,,,,,,,,,,,,,
21.1,36.5,0.9019,,,,,,,,,,,,,,
20.2,38.6,0.9016,,,,,,,,,,,,,,
19.3,43.0,0.9535,,,,,,,,,,,,,,
19.2,43.6,0.9591,,,,,,,,,,,,,,
18.4,45.7,0.9599,,,,,,,,,,,,,,
18.7,44.3,0.9453,,,,,,,,,,,,,,
16.3,51.4,0.9468,,,,,,,,,,,,,,
17.0,49.2,0.9459,,,,,,,,,,,,,,
16.4,52.1,0.9612,,,,,,,,,,,,,,
16.4,53.4,0.9863,,,,,,,,,,,,,,
18.6,46.8,0.9900,,,,,,,,,,,,,,
21.0,41.1,1.0104,,,,,,,,,,,,,,
26.4,28.9,0.9785,,,,,,,,,,,,,,
27.7,26.3,0.9652,,,,,,,,,,,,,,
30.1,22.1,0.9281,,,,,,,,,,,,,,
31.0,22.9,1.0144,,,,,,,,,,,,,,
31.0,22.6,1.0012,,,,,,,,,,,,,,
31.6,21.0,0.9590,,,,,,,,,,,,,,
30.4,24.7,1.0526,,,,,,,,,,,,,,
28.8,26.3,1.0271,,,,,,,,,,,,,,
26.4,30.1,1.0204,,,,,,,,,,,,,,
24.7,31.5,0.9672,,,,,,,,,,,,,,
22.9,36.5,1.0083,,,,,,,,,,,,,,
20.8,41.8,1.0155,,,,,,,,,,,,,,
19.7,47.1,1.0666,,,,,,,,,,,,,,
18.9,52.2,1.1313,,,,,,,,,,,,,,
18.5,50.1,1.0539,,,,,,,,,,,,,,
18.0,53.0,1.0832,,,,,,,,,,,,,,
18.4,51.7,1.0819,,,,,,,,,,,,,,
19.8,46.2,1.0560,,,,,,,,,,,,,,
19.6,47.7,1.0736,,,,,,,,,,,,,,
17.3,54.1,1.0582,,,,,,,,,,,,,,
15.8,59.0,1.0495,,,,,,,,,,,,,,
16.6,55.9,1.0486,,,,,,,,,,,,,,
18.7,52.8,1.1279,,,,,,,,,,,,,,
20.7,46.4,1.1227,,,,,,,,,,,,,,
26.1,30.0,0.9972,,,,,,,,,,,,,,
28.6,25.8,0.9989,,,,,,,,,,,,,,
30.3,23.3,0.9869,,,,,,,,,,,,,,
31.3,22.3,1.0043,,,,,,,,,,,,,,
31.1,22.3,0.9888,,,,,,,,,,,,,,
32.4,20.4,0.9732,,,,,,,,,,,,,,
32.6,19.3,0.9350,,,,,,,,,,,,,,
31.2,20.3,0.9064,,,,,,,,,,,,,,
27.7,24.8,0.9106,,,,,,,,,,,,,,
25.7,27.9,0.9080,,,,,,,,,,,,,,
24.1,29.9,0.8879,,,,,,,,,,,,,,
22.2,34.4,0.9072,,,,,,,,,,,,,,
20.7,38.0,0.9149,,,,,,,,,,,,,,
20.2,42.8,0.9983,,,,,,,,,,,,,,
20.5,42.0,1.0004,,,,,,,,,,,,,,
20.1,42.0,0.9763,,,,,,,,,,,,,,
20.0,41.5,0.9571,,,,,,,,,,,,,,
16.3,51.6,0.9461,,,,,,,,,,,,,,
16.5,50.2,0.9320,,,,,,,,,,,,,,
16.4,50.2,0.9310,,,,,,,,,,,,,,
14.9,54.7,0.9203,,,,,,,,,,,,,,
16.4,51.3,0.9474,,,,,,,,,,,,,,
18.2,46.2,0.9575,,,,,,,,,,,,,,
20.7,40.0,0.9639,,,,,,,,,,,,,,
26.5,27.0,0.9217,,,,,,,,,,,,,,
28.5,23.8,0.9150,,,,,,,,,,,,,,
29.7,23.7,0.9714,,,,,,,,,,,,,,
31.7,21.7,0.9966,,,,,,,,,,,,,,
31.7,21.5,0.9902,,,,,,,,,,,,,,
32.8,19.5,0.9515,,,,,,,,,,,,,,
32.5,18.6,0.8948,,,,,,,,,,,,,,
30.2,22.6,0.9524,,,,,,,,,,,,,,
27.6,25.7,0.9382,,,,,,,,,,,,,,
25.9,24.9,0.8195,,,,,,,,,,,,,,
23.9,29.4,0.8589,,,,,,,,,,,,,,
22.3,32.1,0.8515,,,,,,,,,,,,,,
20.5,35.9,0.8565,,,,,,,,,,,,,,
19.8,37.2,0.8509,,,,,,,,,,,,,,
19.1,41.9,0.9158,,,,,,,,,,,,,,
17.8,46.1,0.9344,,,,,,,,,,,,,,
17.6,47.6,0.9465,,,,,,,,,,,,,,
17.9,46.3,0.9394,,,,,,,,,,,,,,
16.9,49.8,0.9544,,,,,,,,,,,,,,
15.8,53.8,0.9615,,,,,,,,,,,,,,
16.5,53.5,0.9928,,,,,,,,,,,,,,
17.2,52.9,1.0276,,,,,,,,,,,,,,
19.3,48.3,1.0723,,,,,,,,,,,,,,
20.6,47.1,1.1287,,,,,,,,,,,,,,
23.7,40.0,1.1530,,,,,,,,,,,,,,
25.6,32.5,1.0530,,,,,,,,,,,,,,
27.2,28.1,0.9989,,,,,,,,,,,,,,
27.9,28.1,1.0394,,,,,,,,,,,,,,
28.3,27.8,1.0539,,,,,,,,,,,,,,
29.2,27.0,1.0810,,,,,,,,,,,,,,
28.9,29.3,1.1503,,,,,,,,,,,,,,
25.4,39.8,1.2771,,,,,,,,,,,,,,
25.2,40.1,1.2642,,,,,,,,,,,,,,
24.5,39.4,1.1963,,,,,,,,,,,,,,
22.3,45.4,1.2088,,,,,,,,,,,,,,
21.2,48.3,1.2034,,,,,,,,,,,,,,
20.6,50.5,1.2082,,,,,,,,,,,,,,
20.2,52.9,1.2340,,,,,,,,,,,,,,
19.8,54.5,1.2488,,,,,,,,,,,,,,
19.5,56.2,1.2624,,,,,,,,,,,,,,
19.0,58.0,1.2581,,,,,,,,,,,,,,
18.1,61.6,1.2679,,,,,,,,,,,,,,
18.0,57.6,1.1788,,,,,,,,,,,,,,
17.7,56.0,1.1215,,,,,,,,,,,,,,
17.9,52.4,1.0655,,,,,,,,,,,,,,
18.9,49.3,1.0668,,,,,,,,,,,,,,
20.0,48.6,1.1199,,,,,,,,,,,,,,
20.6,41.2,0.9841,,,,,,,,,,,,,,
23.6,34.0,0.9749,,,,,,,,,,,,,,
26.7,28.1,0.9688,,,,,,,,,,,,,,
26.8,28.1,0.9785,,,,,,,,,,,,,,
27.7,25.8,0.9467,,,,,,,,,,,,,,
28.8,22.7,0.8864,,,,,,,,,,,,,,
26.8,27.3,0.9462,,,,,,,,,,,,,,
25.9,28.7,0.9423,,,,,,,,,,,,,,
25.8,27.7,0.9076,,,,,,,,,,,,,,
24.8,29.5,0.9077,,,,,,,,,,,,,,
25.3,36.3,1.1513,,,,,,,,,,,,,,
23.9,40.4,1.1787,,,,,,,,,,,,,,
21.4,46.6,1.1764,,,,,,,,,,,,,,
20.5,49.3,1.1730,,,,,,,,,,,,,,
19.2,42.3,0.9339,,,,,,,,,,,,,,
19.2,37.9,0.8352,,,,,,,,,,,,,,
17.2,43.1,0.8394,,,,,,,,,,,,,,
15.8,45.2,0.8052,,,,,,,,,,,,,,
15.7,42.3,0.7464,,,,,,,,,,,,,,
16.3,41.0,0.7513,,,,,,,,,,,,,,
16.1,36.5,0.6640,,,,,,,,,,,,,,
16.5,36.2,0.6752,,,,,,,,,,,,,,
17.5,30.9,0.6111,,,,,,,,,,,,,,
18.4,24.0,0.5046,,,,,,,,,,,,,,
19.2,23.8,0.5235,,,,,,,,,,,,,,
21.7,18.1,0.4642,,,,,,,,,,,,,,
22.3,17.0,0.4513,,,,,,,,,,,,,,
22.8,16.1,0.4404,,,,,,,,,,,,,,
23.8,14.5,0.4222,,,,,,,,,,,,,,
25.1,13.1,0.4129,,,,,,,,,,,,,,
25.8,12.9,0.4219,,,,,,,,,,,,,,
25.5,14.0,0.4495,,,,,,,,,,,,,,
24.5,15.4,0.4663,,,,,,,,,,,,,,
22.6,17.2,0.4656,,,,,,,,,,,,,,
21.2,18.9,0.4710,,,,,,,,,,,,,,
19.1,22.8,0.5010,,,,,,,,,,,,,,
18.4,24.6,0.5169,,,,,,,,,,,,,,
17.3,25.6,0.5032,,,,,,,,,,,,,,
16.5,24.9,0.4642,,,,,,,,,,,,,,
16.7,28.3,0.5316,,,,,,,,,,,,,,
15.5,32.2,0.5641,,,,,,,,,,,,,,
17.5,29.1,0.5773,,,,,,,,,,,,,,
13.3,35.6,0.5393,,,,,,,,,,,,,,
14.0,33.7,0.5355,,,,,,,,,,,,,,
11.6,40.0,0.5462,,,,,,,,,,,,,,
13.4,34.5,0.5272,,,,,,,,,,,,,,
15.2,31.0,0.5329,,,,,,,,,,,,,,
16.3,27.5,0.5066,,,,,,,,,,,,,,
19.2,20.0,0.4390,,,,,,,,,,,,,,
24.9,13.0,0.4038,,,,,,,,,,,,,,
28.3,9.9,0.3754,,,,,,,,,,,,,,
29.2,9.8,0.3914,,,,,,,,,,,,,,
31.6,9.2,0.4190,,,,,,,,,,,,,,
32.6,9.3,0.4499,,,,,,,,,,,,,,
32.6,9.2,0.4463,,,,,,,,,,,,,,
32.3,10.0,0.4747,,,,,,,,,,,,,,
32.1,10.7,0.4996,,,,,,,,,,,,,,
29.7,12.2,0.5007,,,,,,,,,,,,,,
-200,-200,-200,,,,,,,,,,,,,,
-200,-200,-200,,,,,,,,,,,,,,
-200,-200,-200,,,,,,,,,,,,,,
-200,-200,-200,,,,,,,,,,,,,,
-200,-200,-200,,,,,,,,,,,,,,
-200,-200,-200,,,,,,,,,,,,,,
-200,-200,-200,,,,,,,,,,,,,,
-200,-200,-200,,,,,,,,,,,,,,
-200,-200,-200,,,,,,,,,,,,,,
-200,-200,-200,,,,,,,,,,,,,,
-200,-200,-200,,,,,,,,,,,,,,
-200,-200,-200,,,,,,,,,,,,,,
-200,-200,-200,,,,,,,,,,,,,,
-200,-200,-200,,,,,,,,,,,,,,
20.4,35.7,0.8440,,,,,,,,,,,,,,
26.1,23.8,0.7938,,,,,,,,,,,,,,
28.8,21.1,0.8193,,,,,,,,,,,,,,
29.6,19.4,0.7897,,,,,,,,,,,,,,
31.6,16.4,0.7489,,,,,,,,,,,,,,
32.3,13.3,0.6303,,,,,,,,,,,,,,
31.8,13.5,0.6249,,,,,,,,,,,,,,
31.8,13.8,0.6394,,,,,,,,,,,,,,
31.0,15.9,0.7039,,,,,,,,,,,,,,
28.6,18.7,0.7216,,,,,,,,,,,,,,
26.7,19.5,0.6754,,,,,,,,,,,,,,
25.0,24.4,0.7616,,,,,,,,,,,,,,
22.8,28.4,0.7804,,,,,,,,,,,,,,
21.7,29.2,0.7458,,,,,,,,,,,,,,
21.1,30.9,0.7617,,,,,,,,,,,,,,
19.9,36.3,0.8349,,,,,,,,,,,,,,
18.6,39.3,0.8355,,,,,,,,,,,,,,
18.6,38.8,0.8228,,,,,,,,,,,,,,
19.0,38.9,0.8468,,,,,,,,,,,,,,
18.0,40.9,0.8394,,,,,,,,,,,,,,
15.5,48.6,0.8505,,,,,,,,,,,,,,
16.0,47.9,0.8659,,,,,,,,,,,,,,
17.0,46.0,0.8830,,,,,,,,,,,,,,
19.0,41.6,0.9039,,,,,,,,,,,,,,
21.8,35.0,0.9002,,,,,,,,,,,,,,
25.6,28.0,0.9088,,,,,,,,,,,,,,
26.4,23.1,0.7853,,,,,,,,,,,,,,
27.1,24.2,0.8560,,,,,,,,,,,,,,
27.5,20.9,0.7565,,,,,,,,,,,,,,
29.5,19.7,0.8015,,,,,,,,,,,,,,
30.6,18.6,0.8014,,,,,,,,,,,,,,
31.3,15.8,0.7106,,,,,,,,,,,,,,
29.4,21.0,0.8452,,,,,,,,,,,,,,
27.0,23.5,0.8256,,,,,,,,,,,,,,
25.8,26.7,0.8758,,,,,,,,,,,,,,
23.7,28.4,0.8225,,,,,,,,,,,,,,
21.3,33.0,0.8284,,,,,,,,,,,,,,
20.5,35.3,0.8435,,,,,,,,,,,,,,
19.4,38.1,0.8511,,,,,,,,,,,,,,
19.4,40.7,0.9045,,,,,,,,,,,,,,
17.8,44.9,0.9030,,,,,,,,,,,,,,
16.6,49.7,0.9295,,,,,,,,,,,,,,
16.5,48.6,0.9028,,,,,,,,,,,,,,
15.2,53.6,0.9190,,,,,,,,,,,,,,
15.5,51.7,0.9019,,,,,,,,,,,,,,
14.9,54.8,0.9247,,,,,,,,,,,,,,
16.3,51.3,0.9416,,,,,,,,,,,,,,
18.4,45.7,0.9559,,,,,,,,,,,,,,
20.8,43.6,1.0614,,,,,,,,,,,,,,
24.3,35.1,1.0477,,,,,,,,,,,,,,
26.4,29.3,0.9889,,,,,,,,,,,,,,
28.3,25.0,0.9495,,,,,,,,,,,,,,
28.9,23.7,0.9285,,,,,,,,,,,,,,
28.5,25.8,0.9931,,,,,,,,,,,,,,
29.6,18.9,0.7692,,,,,,,,,,,,,,
28.0,23.2,0.8613,,,,,,,,,,,,,,
23.6,41.0,1.1786,,,,,,,,,,,,,,
21.5,48.1,1.2148,,,,,,,,,,,,,,
22.1,44.1,1.1573,,,,,,,,,,,,,,
20.2,47.2,1.1043,,,,,,,,,,,,,,
20.0,47.6,1.1030,,,,,,,,,,,,,,
19.8,46.8,1.0697,,,,,,,,,,,,,,
19.6,47.0,1.0606,,,,,,,,,,,,,,
19.3,46.3,1.0279,,,,,,,,,,,,,,
18.5,48.7,1.0286,,,,,,,,,,,,,,
18.0,51.4,1.0504,,,,,,,,,,,,,,
17.9,50.8,1.0355,,,,,,,,,,,,,,
17.7,51.9,1.0379,,,,,,,,,,,,,,
17.7,49.7,0.9970,,,,,,,,,,,,,,
17.9,46.1,0.9383,,,,,,,,,,,,,,
18.4,43.9,0.9192,,,,,,,,,,,,,,
18.9,42.1,0.9081,,,,,,,,,,,,,,
19.2,39.7,0.8728,,,,,,,,,,,,,,
20.8,36.6,0.8878,,,,,,,,,,,,,,
21.3,35.8,0.8975,,,,,,,,,,,,,,
21.8,34.9,0.9004,,,,,,,,,,,,,,
22.8,31.4,0.8615,,,,,,,,,,,,,,
22.9,31.3,0.8620,,,,,,,,,,,,,,
22.9,30.7,0.8461,,,,,,,,,,,,,,
23.8,29.2,0.8499,,,,,,,,,,,,,,
23.2,30.2,0.8442,,,,,,,,,,,,,,
22.4,31.3,0.8365,,,,,,,,,,,,,,
21.7,32.2,0.8250,,,,,,,,,,,,,,
20.8,33.2,0.8061,,,,,,,,,,,,,,
20.1,35.0,0.8149,,,,,,,,,,,,,,
19.5,36.9,0.8258,,,,,,,,,,,,,,
19.0,38.2,0.8327,,,,,,,,,,,,,,
18.5,39.4,0.8320,,,,,,,,,,,,,,
17.8,41.7,0.8440,,,,,,,,,,,,,,
19.2,42.0,0.9248,,,,,,,,,,,,,,
17.8,44.8,0.9048,,,,,,,,,,,,,,
17.0,47.7,0.9185,,,,,,,,,,,,,,
17.2,47.2,0.9178,,,,,,,,,,,,,,
17.3,47.6,0.9295,,,,,,,,,,,,,,
18.6,44.2,0.9385,,,,,,,,,,,,,,
20.2,37.8,0.8837,,,,,,,,,,,,,,
22.0,31.9,0.8335,,,,,,,,,,,,,,
25.5,25.9,0.8339,,,,,,,,,,,,,,
27.5,22.8,0.8249,,,,,,,,,,,,,,
28.7,20.7,0.8024,,,,,,,,,,,,,,
29.1,19.6,0.7771,,,,,,,,,,,,,,
29.8,18.4,0.7595,,,,,,,,,,,,,,
32.0,15.0,0.7028,,,,,,,,,,,,,,
30.3,17.0,0.7232,,,,,,,,,,,,,,
31.7,16.2,0.7450,,,,,,,,,,,,,,
29.2,19.6,0.7817,,,,,,,,,,,,,,
27.4,23.8,0.8580,,,,,,,,,,,,,,
25.0,26.9,0.8408,,,,,,,,,,,,,,
23.6,30.1,0.8663,,,,,,,,,,,,,,
22.3,33.6,0.8913,,,,,,,,,,,,,,
21.4,36.9,0.9271,,,,,,,,,,,,,,
20.6,39.9,0.9597,,,,,,,,,,,,,,
19.7,43.2,0.9812,,,,,,,,,,,,,,
19.7,42.4,0.9636,,,,,,,,,,,,,,
18.9,45.0,0.9703,,,,,,,,,,,,,,
18.7,45.4,0.9694,,,,,,,,,,,,,,
16.4,52.4,0.9709,,,,,,,,,,,,,,
16.6,52.1,0.9785,,,,,,,,,,,,,,
17.4,50.9,1.0017,,,,,,,,,,,,,,
19.3,46.0,1.0185,,,,,,,,,,,,,,
20.9,43.6,1.0683,,,,,,,,,,,,,,
25.6,33.3,1.0773,,,,,,,,,,,,,,
28.9,26.0,1.0188,,,,,,,,,,,,,,
30.3,22.8,0.9695,,,,,,,,,,,,,,
30.9,24.4,1.0724,,,,,,,,,,,,,,
30.5,26.2,1.1278,,,,,,,,,,,,,,
30.7,23.4,1.0150,,,,,,,,,,,,,,
28.1,29.8,1.1132,,,,,,,,,,,,,,
26.9,32.2,1.1267,,,,,,,,,,,,,,
26.0,34.6,1.1485,,,,,,,,,,,,,,
24.5,37.7,1.1454,,,,,,,,,,,,,,
21.7,46.9,1.2044,,,,,,,,,,,,,,
19.3,68.8,1.5190,,,,,,,,,,,,,,
17.6,81.6,1.6296,,,,,,,,,,,,,,
17.8,80.3,1.6212,,,,,,,,,,,,,,
18.6,75.7,1.6074,,,,,,,,,,,,,,
19.6,68.4,1.5443,,,,,,,,,,,,,,
18.0,76.4,1.5608,,,,,,,,,,,,,,
17.3,77.2,1.5104,,,,,,,,,,,,,,
16.5,82.3,1.5318,,,,,,,,,,,,,,
16.8,81.3,1.5452,,,,,,,,,,,,,,
17.3,78.6,1.5412,,,,,,,,,,,,,,
16.9,80.9,1.5472,,,,,,,,,,,,,,
17.1,79.8,1.5420,,,,,,,,,,,,,,
18.5,70.3,1.4826,,,,,,,,,,,,,,
19.6,66.7,1.5023,,,,,,,,,,,,,,
20.4,63.1,1.4969,,,,,,,,,,,,,,
21.6,61.8,1.5775,,,,,,,,,,,,,,
24.0,49.3,1.4509,,,,,,,,,,,,,,
25.7,43.8,1.4262,,,,,,,,,,,,,,
24.6,47.5,1.4487,,,,,,,,,,,,,,
24.8,47.4,1.4628,,,,,,,,,,,,,,
23.7,50.5,1.4636,,,,,,,,,,,,,,
23.0,53.8,1.4968,,,,,,,,,,,,,,
21.5,65.8,1.6688,,,,,,,,,,,,,,
21.0,66.9,1.6436,,,,,,,,,,,,,,
20.6,68.1,1.6329,,,,,,,,,,,,,,
20.5,66.9,1.5914,,,,,,,,,,,,,,
20.2,65.2,1.5251,,,,,,,,,,,,,,
19.5,68.0,1.5269,,,,,,,,,,,,,,
19.9,66.4,1.5203,,,,,,,,,,,,,,
19.1,69.0,1.5043,,,,,,,,,,,,,,
18.5,70.7,1.4962,,,,,,,,,,,,,,
18.9,67.8,1.4689,,,,,,,,,,,,,,
20.0,63.7,1.4742,,,,,,,,,,,,,,
19.8,64.7,1.4769,,,,,,,,,,,,,,
19.7,65.3,1.4843,,,,,,,,,,,,,,
20.8,62.0,1.5002,,,,,,,,,,,,,,
22.2,56.6,1.4973,,,,,,,,,,,,,,
24.3,49.0,1.4724,,,,,,,,,,,,,,
25.0,46.5,1.4492,,,,,,,,,,,,,,
28.9,34.8,1.3603,,,,,,,,,,,,,,
29.6,33.4,1.3581,,,,,,,,,,,,,,
30.9,30.7,1.3493,,,,,,,,,,,,,,
31.8,31.0,1.4286,,,,,,,,,,,,,,
31.4,31.2,1.4127,,,,,,,,,,,,,,
28.9,35.7,1.3985,,,,,,,,,,,,,,
27.2,42.5,1.5135,,,,,,,,,,,,,,
26.2,46.4,1.5573,,,,,,,,,,,,,,
24.5,51.0,1.5454,,,,,,,,,,,,,,
22.8,56.1,1.5353,,,,,,,,,,,,,,
21.9,60.9,1.5799,,,,,,,,,,,,,,
21.7,61.0,1.5617,,,,,,,,,,,,,,
20.8,64.8,1.5680,,,,,,,,,,,,,,
20.3,70.9,1.6699,,,,,,,,,,,,,,
18.9,79.0,1.7040,,,,,,,,,,,,,,
18.1,64.6,1.3276,,,,,,,,,,,,,,
18.6,64.5,1.3655,,,,,,,,,,,,,,
17.6,67.4,1.3460,,,,,,,,,,,,,,
17.6,67.6,1.3479,,,,,,,,,,,,,,
19.0,61.7,1.3393,,,,,,,,,,,,,,
20.0,57.4,1.3268,,,,,,,,,,,,,,
22.6,45.9,1.2418,,,,,,,,,,,,,,
27.3,34.3,1.2284,,,,,,,,,,,,,,
27.4,31.0,1.1184,,,,,,,,,,,,,,
26.2,33.6,1.1244,,,,,,,,,,,,,,
26.8,32.4,1.1263,,,,,,,,,,,,,,
28.7,27.7,1.0710,,,,,,,,,,,,,,
28.7,25.0,0.9684,,,,,,,,,,,,,,
29.1,22.3,0.8811,,,,,,,,,,,,,,
29.0,24.5,0.9655,,,,,,,,,,,,,,
27.2,28.3,1.0016,,,,,,,,,,,,,,
25.3,30.0,0.9520,,,,,,,,,,,,,,
24.1,34.8,1.0333,,,,,,,,,,,,,,
23.0,43.1,1.1993,,,,,,,,,,,,,,
22.1,43.9,1.1521,,,,,,,,,,,,,,
21.0,48.1,1.1780,,,,,,,,,,,,,,
20.6,49.2,1.1754,,,,,,,,,,,,,,
21.2,47.6,1.1799,,,,,,,,,,,,,,
21.0,50.1,1.2338,,,,,,,,,,,,,,
20.1,53.1,1.2342,,,,,,,,,,,,,,
19.0,54.0,1.1745,,,,,,,,,,,,,,
19.2,51.1,1.1240,,,,,,,,,,,,,,
19.2,53.1,1.1662,,,,,,,,,,,,,,
20.6,49.0,1.1748,,,,,,,,,,,,,,
21.8,41.9,1.0770,,,,,,,,,,,,,,
22.8,37.6,1.0315,,,,,,,,,,,,,,
24.8,31.3,0.9646,,,,,,,,,,,,,,
26.0,29.4,0.9760,,,,,,,,,,,,,,
27.0,27.8,0.9731,,,,,,,,,,,,,,
27.0,29.3,1.0277,,,,,,,,,,,,,,
27.0,29.6,1.0419,,,,,,,,,,,,,,
25.8,32.6,1.0720,,,,,,,,,,,,,,
26.2,32.6,1.0892,,,,,,,,,,,,,,
28.3,27.5,1.0418,,,,,,,,,,,,,,
26.5,29.7,1.0123,,,,,,,,,,,,,,
25.7,31.8,1.0317,,,,,,,,,,,,,,
24.4,35.2,1.0632,,,,,,,,,,,,,,
23.5,36.9,1.0518,,,,,,,,,,,,,,
22.4,41.0,1.1006,,,,,,,,,,,,,,
21.7,44.7,1.1451,,,,,,,,,,,,,,
21.1,48.1,1.1864,,,,,,,,,,,,,,
20.7,50.0,1.2030,,,,,,,,,,,,,,
19.8,53.1,1.2093,,,,,,,,,,,,,,
19.8,53.6,1.2214,,,,,,,,,,,,,,
19.6,54.8,1.2360,,,,,,,,,,,,,,
19.3,57.3,1.2650,,,,,,,,,,,,,,
19.7,58.4,1.3254,,,,,,,,,,,,,,
19.8,59.4,1.3554,,,,,,,,,,,,,,
20.9,54.8,1.3387,,,,,,,,,,,,,,
22.4,47.9,1.2817,,,,,,,,,,,,,,
24.1,41.3,1.2202,,,,,,,,,,,,,,
25.9,36.9,1.2133,,,,,,,,,,,,,,
30.7,26.0,1.1287,,,,,,,,,,,,,,
30.3,25.2,1.0652,,,,,,,,,,,,,,
30.1,25.4,1.0641,,,,,,,,,,,,,,
27.6,35.1,1.2764,,,,,,,,,,,,,,
26.6,47.6,1.6315,,,,,,,,,,,,,,
30.4,31.3,1.3331,,,,,,,,,,,,,,
27.8,35.0,1.2820,,,,,,,,,,,,,,
26.6,37.9,1.2994,,,,,,,,,,,,,,
23.4,44.4,1.2646,,,,,,,,,,,,,,
23.0,51.1,1.4175,,,,,,,,,,,,,,
22.1,53.5,1.4087,,,,,,,,,,,,,,
21.6,53.6,1.3674,,,,,,,,,,,,,,
21.9,52.7,1.3650,,,,,,,,,,,,,,
21.3,54.9,1.3707,,,,,,,,,,,,,,
17.5,79.1,1.5709,,,,,,,,,,,,,,
17.6,78.6,1.5722,,,,,,,,,,,,,,
17.1,81.8,1.5816,,,,,,,,,,,,,,
16.6,80.2,1.5002,,,,,,,,,,,,,,
16.8,77.4,1.4739,,,,,,,,,,,,,,
18.3,66.5,1.3810,,,,,,,,,,,,,,
20.4,55.8,1.3196,,,,,,,,,,,,,,
21.6,45.3,1.1533,,,,,,,,,,,,,,
23.1,39.4,1.0983,,,,,,,,,,,,,,
25.4,31.6,1.0058,,,,,,,,,,,,,,
26.6,29.0,0.9928,,,,,,,,,,,,,,
25.9,28.8,0.9475,,,,,,,,,,,,,,
27.0,28.0,0.9810,,,,,,,,,,,,,,
23.6,38.1,1.0917,,,,,,,,,,,,,,
25.9,32.0,1.0529,,,,,,,,,,,,,,
26.3,31.5,1.0643,,,,,,,,,,,,,,
23.9,36.8,1.0774,,,,,,,,,,,,,,
23.7,36.8,1.0609,,,,,,,,,,,,,,
22.5,37.8,1.0157,,,,,,,,,,,,,,
21.8,39.2,1.0115,,,,,,,,,,,,,,
20.9,42.6,1.0400,,,,,,,,,,,,,,
20.0,45.6,1.0555,,,,,,,,,,,,,,
19.3,47.9,1.0590,,,,,,,,,,,,,,
18.7,49.0,1.0462,,,,,,,,,,,,,,
17.8,54.1,1.0938,,,,,,,,,,,,,,
18.6,52.7,1.1206,,,,,,,,,,,,,,
17.2,57.9,1.1270,,,,,,,,,,,,,,
18.2,54.1,1.1155,,,,,,,,,,,,,,
17.3,57.6,1.1289,,,,,,,,,,,,,,
19.9,49.4,1.1354,,,,,,,,,,,,,,
21.7,44.2,1.1321,,,,,,,,,,,,,,
23.5,40.0,1.1386,,,,,,,,,,,,,,
28.4,29.7,1.1345,,,,,,,,,,,,,,
31.6,24.1,1.0994,,,,,,,,,,,,,,
31.3,24.1,1.0816,,,,,,,,,,,,,,
34.4,20.4,1.0857,,,,,,,,,,,,,,
33.7,21.3,1.0988,,,,,,,,,,,,,,
35.9,18.9,1.0999,,,,,,,,,,,,,,
34.3,19.4,1.0279,,,,,,,,,,,,,,
33.5,19.9,1.0112,,,,,,,,,,,,,,
30.5,24.2,1.0386,,,,,,,,,,,,,,
30.3,26.2,1.1161,,,,,,,,,,,,,,
27.0,36.7,1.2898,,,,,,,,,,,,,,
24.6,41.9,1.2752,,,,,,,,,,,,,,
23.3,44.5,1.2566,,,,,,,,,,,,,,
22.4,46.9,1.2544,,,,,,,,,,,,,,
21.7,50.8,1.3019,,,,,,,,,,,,,,
21.0,51.9,1.2794,,,,,,,,,,,,,,
20.5,54.3,1.2926,,,,,,,,,,,,,,
20.9,52.5,1.2852,,,,,,,,,,,,,,
21.0,53.1,1.3031,,,,,,,,,,,,,,
19.6,57.1,1.2851,,,,,,,,,,,,,,
18.2,62.3,1.2903,,,,,,,,,,,,,,
19.5,57.7,1.2966,,,,,,,,,,,,,,
21.6,51.7,1.3130,,,,,,,,,,,,,,
23.9,44.4,1.3029,,,,,,,,,,,,,,
28.1,35.2,1.3120,,,,,,,,,,,,,,
31.4,28.6,1.2980,,,,,,,,,,,,,,
33.7,25.5,1.3095,,,,,,,,,,,,,,
35.9,20.8,1.2103,,,,,,,,,,,,,,
37.5,18.1,1.1529,,,,,,,,,,,,,,
37.7,17.7,1.1383,,,,,,,,,,,,,,
37.8,17.4,1.1219,,,,,,,,,,,,,,
36.6,20.6,1.2445,,,,,,,,,,,,,,
32.5,26.0,1.2502,,,,,,,,,,,,,,
30.8,27.2,1.1832,,,,,,,,,,,,,,
28.8,30.2,1.1761,,,,,,,,,,,,,,
26.7,35.4,1.2233,,,,,,,,,,,,,,
25.3,40.7,1.2910,,,,,,,,,,,,,,
24.9,41.2,1.2809,,,,,,,,,,,,,,
23.7,45.1,1.3033,,,,,,,,,,,,,,
22.5,49.0,1.3151,,,,,,,,,,,,,,
22.3,50.6,1.3486,,,,,,,,,,,,,,
22.0,50.5,1.3199,,,,,,,,,,,,,,
20.8,54.4,1.3229,,,,,,,,,,,,,,
20.3,56.0,1.3204,,,,,,,,,,,,,,
20.5,54.8,1.3073,,,,,,,,,,,,,,
21.7,50.6,1.2981,,,,,,,,,,,,,,
23.4,46.1,1.3091,,,,,,,,,,,,,,
25.1,43.0,1.3488,,,,,,,,,,,,,,
30.1,32.8,1.3795,,,,,,,,,,,,,,
34.7,25.9,1.4069,,,,,,,,,,,,,,
37.2,23.2,1.4478,,,,,,,,,,,,,,
39.5,18.3,1.2917,,,,,,,,,,,,,,
40.6,15.3,1.1485,,,,,,,,,,,,,,
40.3,16.1,1.1896,,,,,,,,,,,,,,
40.3,14.2,1.0494,,,,,,,,,,,,,,
39.6,16.7,1.1867,,,,,,,,,,,,,,
37.3,23.4,1.4672,,,,,,,,,,,,,,
33.7,27.7,1.4213,,,,,,,,,,,,,,
30.7,32.2,1.3983,,,,,,,,,,,,,,
28.4,35.7,1.3549,,,,,,,,,,,,,,
26.5,38.6,1.3154,,,,,,,,,,,,,,
25.4,40.1,1.2822,,,,,,,,,,,,,,
24.1,43.3,1.2839,,,,,,,,,,,,,,
23.9,45.6,1.3328,,,,,,,,,,,,,,
22.0,52.8,1.3752,,,,,,,,,,,,,,
20.7,56.1,1.3565,,,,,,,,,,,,,,
20.1,57.3,1.3352,,,,,,,,,,,,,,
19.5,59.4,1.3328,,,,,,,,,,,,,,
20.0,56.6,1.3095,,,,,,,,,,,,,,
21.7,53.9,1.3848,,,,,,,,,,,,,,
23.7,49.0,1.4152,,,,,,,,,,,,,,
25.9,44.3,1.4544,,,,,,,,,,,,,,
30.1,34.3,1.4414,,,,,,,,,,,,,,
33.5,27.2,1.3859,,,,,,,,,,,,,,
35.4,26.1,1.4806,,,,,,,,,,,,,,
37.9,23.2,1.5020,,,,,,,,,,,,,,
39.7,18.7,1.3306,,,,,,,,,,,,,,
40.4,17.2,1.2774,,,,,,,,,,,,,,
40.0,18.8,1.3630,,,,,,,,,,,,,,
38.9,18.8,1.2900,,,,,,,,,,,,,,
35.8,22.1,1.2792,,,,,,,,,,,,,,
33.1,25.9,1.2923,,,,,,,,,,,,,,
30.9,28.2,1.2388,,,,,,,,,,,,,,
27.5,32.6,1.1760,,,,,,,,,,,,,,
26.3,34.3,1.1605,,,,,,,,,,,,,,
25.5,34.1,1.0968,,,,,,,,,,,,,,
24.7,39.3,1.2065,,,,,,,,,,,,,,
24.2,39.5,1.1764,,,,,,,,,,,,,,
24.8,37.8,1.1639,,,,,,,,,,,,,,
22.7,43.8,1.1952,,,,,,,,,,,,,,
22.0,44.3,1.1553,,,,,,,,,,,,,,
19.3,51.4,1.1364,,,,,,,,,,,,,,
19.8,50.4,1.1525,,,,,,,,,,,,,,
20.5,48.2,1.1474,,,,,,,,,,,,,,
22.8,42.7,1.1667,,,,,,,,,,,,,,
25.6,35.8,1.1548,,,,,,,,,,,,,,
30.0,27.5,1.1509,,,,,,,,,,,,,,
34.4,21.0,1.1248,,,,,,,,,,,,,,
35.9,19.6,1.1422,,,,,,,,,,,,,,
37.2,18.2,1.1389,,,,,,,,,,,,,,
37.3,16.6,1.0435,,,,,,,,,,,,,,
37.4,14.9,0.9413,,,,,,,,,,,,,,
36.4,15.1,0.9005,,,,,,,,,,,,,,
35.4,14.7,0.8323,,,,,,,,,,,,,,
34.2,14.2,0.7502,,,,,,,,,,,,,,
31.1,18.7,0.8302,,,,,,,,,,,,,,
29.1,22.0,0.8702,,,,,,,,,,,,,,
27.2,22.5,0.7962,,,,,,,,,,,,,,
25.3,24.6,0.7796,,,,,,,,,,,,,,
24.9,27.2,0.8429,,,,,,,,,,,,,,
23.5,32.2,0.9220,,,,,,,,,,,,,,
23.5,32.7,0.9349,,,,,,,,,,,,,,
24.1,32.0,0.9467,,,,,,,,,,,,,,
22.6,34.8,0.9441,,,,,,,,,,,,,,
20.8,40.2,0.9725,,,,,,,,,,,,,,
18.8,46.6,1.0027,,,,,,,,,,,,,,
19.8,46.0,1.0524,,,,,,,,,,,,,,
21.3,42.3,1.0625,,,,,,,,,,,,,,
21.3,41.8,1.0449,,,,,,,,,,,,,,
24.0,36.6,1.0772,,,,,,,,,,,,,,
27.2,30.7,1.0884,,,,,,,,,,,,,,
32.3,23.6,1.1271,,,,,,,,,,,,,,
31.9,25.8,1.2023,,,,,,,,,,,,,,
35.1,21.8,1.2093,,,,,,,,,,,,,,
36.0,20.5,1.1995,,,,,,,,,,,,,,
37.0,20.1,1.2423,,,,,,,,,,,,,,
36.4,21.0,1.2515,,,,,,,,,,,,,,
35.2,22.6,1.2670,,,,,,,,,,,,,,
32.5,27.6,1.3229,,,,,,,,,,,,,,
29.1,35.1,1.3919,,,,,,,,,,,,,,
26.9,39.7,1.3898,,,,,,,,,,,,,,
26.1,42.2,1.4039,,,,,,,,,,,,,,
25.5,43.8,1.4095,,,,,,,,,,,,,,
24.9,45.6,1.4135,,,,,,,,,,,,,,
25.2,45.2,1.4262,,,,,,,,,,,,,,
25.4,45.5,1.4570,,,,,,,,,,,,,,
26.2,43.6,1.4599,,,,,,,,,,,,,,
24.3,48.2,1.4476,,,,,,,,,,,,,,
24.4,48.3,1.4499,,,,,,,,,,,,,,
23.3,51.0,1.4346,,,,,,,,,,,,,,
21.6,48.1,1.2259,,,,,,,,,,,,,,
21.4,47.8,1.2005,,,,,,,,,,,,,,
20.5,46.8,1.1152,,,,,,,,,,,,,,
20.8,40.7,0.9882,,,,,,,,,,,,,,
22.3,35.3,0.9371,,,,,,,,,,,,,,
21.7,38.3,0.9842,,,,,,,,,,,,,,
24.4,29.6,0.8921,,,,,,,,,,,,,,
23.4,34.9,0.9910,,,,,,,,,,,,,,
23.5,35.2,1.0019,,,,,,,,,,,,,,
22.4,39.0,1.0400,,,,,,,,,,,,,,
22.0,41.7,1.0865,,,,,,,,,,,,,,
21.7,42.7,1.0949,,,,,,,,,,,,,,
20.7,43.4,1.0470,,,,,,,,,,,,,,
20.3,42.6,1.0045,,,,,,,,,,,,,,
20.3,44.1,1.0392,,,,,,,,,,,,,,
20.1,45.2,1.0538,,,,,,,,,,,,,,
19.8,45.7,1.0424,,,,,,,,,,,,,,
19.6,45.3,1.0244,,,,,,,,,,,,,,
19.4,45.9,1.0242,,,,,,,,,,,,,,
19.7,44.8,1.0172,,,,,,,,,,,,,,
19.5,46.3,1.0363,,,,,,,,,,,,,,
19.0,49.0,1.0630,,,,,,,,,,,,,,
19.1,50.7,1.1090,,,,,,,,,,,,,,
19.1,52.7,1.1545,,,,,,,,,,,,,,
20.3,49.3,1.1596,,,,,,,,,,,,,,
21.1,46.2,1.1389,,,,,,,,,,,,,,
21.5,44.5,1.1290,,,,,,,,,,,,,,
22.4,43.6,1.1637,,,,,,,,,,,,,,
24.8,39.1,1.2039,,,,,,,,,,,,,,
23.9,42.1,1.2335,,,,,,,,,,,,,,
25.5,38.3,1.2328,,,,,,,,,,,,,,
25.4,39.2,1.2534,,,,,,,,,,,,,,
25.6,37.0,1.2006,,,,,,,,,,,,,,
24.5,38.4,1.1669,,,,,,,,,,,,,,
23.9,39.9,1.1639,,,,,,,,,,,,,,
24.2,39.2,1.1665,,,,,,,,,,,,,,
23.5,41.2,1.1759,,,,,,,,,,,,,,
22.3,44.9,1.1973,,,,,,,,,,,,,,
21.7,46.5,1.1917,,,,,,,,,,,,,,
22.0,44.9,1.1699,,,,,,,,,,,,,,
22.2,44.1,1.1654,,,,,,,,,,,,,,
21.8,45.6,1.1763,,,,,,,,,,,,,,
21.6,46.0,1.1742,,,,,,,,,,,,,,
21.6,45.8,1.1715,,,,,,,,,,,,,,
20.7,48.3,1.1680,,,,,,,,,,,,,,
21.0,47.1,1.1546,,,,,,,,,,,,,,
20.8,48.5,1.1800,,,,,,,,,,,,,,
20.8,49.4,1.1994,,,,,,,,,,,,,,
19.9,51.8,1.1911,,,,,,,,,,,,,,
20.9,49.3,1.2049,,,,,,,,,,,,,,
23.7,39.9,1.1508,,,,,,,,,,,,,,
25.3,35.8,1.1421,,,,,,,,,,,,,,
28.8,29.1,1.1349,,,,,,,,,,,,,,
30.3,26.9,1.1399,,,,,,,,,,,,,,
32.8,23.3,1.1380,,,,,,,,,,,,,,
33.9,21.4,1.1135,,,,,,,,,,,,,,
35.3,19.6,1.1036,,,,,,,,,,,,,,
34.0,20.8,1.0898,,,,,,,,,,,,,,
35.3,18.8,1.0572,,,,,,,,,,,,,,
32.6,24.1,1.1688,,,,,,,,,,,,,,
30.8,28.7,1.2507,,,,,,,,,,,,,,
28.7,31.2,1.2099,,,,,,,,,,,,,,
26.8,35.1,1.2201,,,,,,,,,,,,,,
25.3,39.4,1.2524,,,,,,,,,,,,,,
23.9,40.9,1.1966,,,,,,,,,,,,,,
23.0,44.4,1.2354,,,,,,,,,,,,,,
22.2,53.9,1.4237,,,,,,,,,,,,,,
20.9,59.8,1.4659,,,,,,,,,,,,,,
21.3,58.1,1.4570,,,,,,,,,,,,,,
20.8,58.4,1.4189,,,,,,,,,,,,,,
20.3,58.9,1.3878,,,,,,,,,,,,,,
21.3,54.5,1.3682,,,,,,,,,,,,,,
20.6,57.4,1.3753,,,,,,,,,,,,,,
21.3,56.9,1.4226,,,,,,,,,,,,,,
22.9,52.4,1.4442,,,,,,,,,,,,,,
24.1,46.5,1.3802,,,,,,,,,,,,,,
27.1,38.8,1.3705,,,,,,,,,,,,,,
28.4,34.4,1.3140,,,,,,,,,,,,,,
30.1,30.9,1.2958,,,,,,,,,,,,,,
32.7,25.8,1.2547,,,,,,,,,,,,,,
32.4,25.7,1.2271,,,,,,,,,,,,,,
33.6,24.4,1.2472,,,,,,,,,,,,,,
33.0,26.0,1.2877,,,,,,,,,,,,,,
33.2,23.7,1.1855,,,,,,,,,,,,,,
31.3,25.4,1.1415,,,,,,,,,,,,,,
28.3,31.7,1.1968,,,,,,,,,,,,,,
26.5,35.0,1.1981,,,,,,,,,,,,,,
24.4,40.0,1.2079,,,,,,,,,,,,,,
23.3,43.4,1.2251,,,,,,,,,,,,,,
22.5,45.3,1.2226,,,,,,,,,,,,,,
21.8,47.8,1.2325,,,,,,,,,,,,,,
20.9,51.0,1.2446,,,,,,,,,,,,,,
20.8,51.7,1.2572,,,,,,,,,,,,,,
19.3,57.1,1.2661,,,,,,,,,,,,,,
18.8,58.6,1.2581,,,,,,,,,,,,,,
20.2,53.8,1.2569,,,,,,,,,,,,,,
18.3,60.8,1.2635,,,,,,,,,,,,,,
20.2,54.5,1.2777,,,,,,,,,,,,,,
21.9,49.9,1.2957,,,,,,,,,,,,,,
25.2,43.0,1.3548,,,,,,,,,,,,,,
28.0,36.6,1.3603,,,,,,,,,,,,,,
27.1,38.3,1.3548,,,,,,,,,,,,,,
27.4,37.0,1.3319,,,,,,,,,,,,,,
29.4,32.9,1.3244,,,,,,,,,,,,,,
31.3,28.7,1.2885,,,,,,,,,,,,,,
31.5,28.7,1.3058,,,,,,,,,,,,,,
30.9,30.3,1.3306,,,,,,,,,,,,,,
31.4,30.3,1.3689,,,,,,,,,,,,,,
30.7,31.4,1.3686,,,,,,,,,,,,,,
29.0,33.4,1.3169,,,,,,,,,,,,,,
27.3,37.5,1.3420,,,,,,,,,,,,,,
25.8,40.9,1.3389,,,,,,,,,,,,,,
25.2,43.0,1.3580,,,,,,,,,,,,,,
24.6,45.8,1.3940,,,,,,,,,,,,,,
24.0,47.3,1.3914,,,,,,,,,,,,,,
23.5,48.3,1.3777,,,,,,,,,,,,,,
24.0,45.8,1.3467,,,,,,,,,,,,,,
22.2,50.7,1.3405,,,,,,,,,,,,,,
22.8,48.1,1.3184,,,,,,,,,,,,,,
21.9,50.1,1.3002,,,,,,,,,,,,,,
20.4,54.1,1.2800,,,,,,,,,,,,,,
20.8,52.6,1.2758,,,,,,,,,,,,,,
22.8,47.9,1.3156,,,,,,,,,,,,,,
25.2,42.9,1.3552,,,,,,,,,,,,,,
29.3,34.8,1.3970,,,,,,,,,,,,,,
33.3,27.8,1.4013,,,,,,,,,,,,,,
34.9,24.9,1.3630,,,,,,,,,,,,,,
36.1,22.7,1.3324,,,,,,,,,,,,,,
37.6,21.1,1.3478,,,,,,,,,,,,,,
37.3,21.9,1.3761,,,,,,,,,,,,,,
37.2,21.6,1.3514,,,,,,,,,,,,,,
35.6,23.4,1.3410,,,,,,,,,,,,,,
33.1,24.3,1.2087,,,,,,,,,,,,,,
30.5,29.5,1.2635,,,,,,,,,,,,,,
28.7,35.8,1.3834,,,,,,,,,,,,,,
26.6,42.2,1.4452,,,,,,,,,,,,,,
25.2,46.6,1.4733,,,,,,,,,,,,,,
24.7,47.7,1.4649,,,,,,,,,,,,,,
24.4,47.4,1.4301,,,,,,,,,,,,,,
23.3,49.9,1.4135,,,,,,,,,,,,,,
23.8,47.3,1.3783,,,,,,,,,,,,,,
22.9,50.2,1.3808,,,,,,,,,,,,,,
21.2,55.0,1.3689,,,,,,,,,,,,,,
21.7,52.6,1.3500,,,,,,,,,,,,,,
22.8,48.9,1.3424,,,,,,,,,,,,,,
23.5,47.6,1.3611,,,,,,,,,,,,,,
24.6,44.9,1.3661,,,,,,,,,,,,,,
27.0,39.9,1.4020,,,,,,,,,,,,,,
29.3,35.9,1.4411,,,,,,,,,,,,,,
31.2,32.4,1.4517,,,,,,,,,,,,,,
34.4,26.6,1.4230,,,,,,,,,,,,,,
36.1,22.1,1.3004,,,,,,,,,,,,,,
-200,-200,-200,,,,,,,,,,,,,,
-200,-200,-200,,,,,,,,,,,,,,
-200,-200,-200,,,,,,,,,,,,,,
-200,-200,-200,,,,,,,,,,,,,,
-200,-200,-200,,,,,,,,,,,,,,
-200,-200,-200,,,,,,,,,,,,,,
-200,-200,-200,,,,,,,,,,,,,,
-200,-200,-200,,,,,,,,,,,,,,
-200,-200,-200,,,,,,,,,,,,,,
-200,-200,-200,,,,,,,,,,,,,,
-200,-200,-200,,,,,,,,,,,,,,
-200,-200,-200,,,,,,,,,,,,,,
-200,-200,-200,,,,,,,,,,,,,,
-200,-200,-200,,,,,,,,,,,,,,
-200,-200,-200,,,,,,,,,,,,,,
-200,-200,-200,,,,,,,,,,,,,,
-200,-200,-200,,,,,,,,,,,,,,
-200,-200,-200,,,,,,,,,,,,,,
-200,-200,-200,,,,,,,,,,,,,,
-200,-200,-200,,,,,,,,,,,,,,
-200,-200,-200,,,,,,,,,,,,,,
-200,-200,-200,,,,,,,,,,,,,,
-200,-200,-200,,,,,,,,,,,,,,
-200,-200,-200,,,,,,,,,,,,,,
-200,-200,-200,,,,,,,,,,,,,,
-200,-200,-200,,,,,,,,,,,,,,
-200,-200,-200,,,,,,,,,,,,,,
-200,-200,-200,,,,,,,,,,,,,,
-200,-200,-200,,,,,,,,,,,,,,
-200,-200,-200,,,,,,,,,,,,,,
-200,-200,-200,,,,,,,,,,,,,,
-200,-200,-200,,,,,,,,,,,,,,
-200,-200,-200,,,,,,,,,,,,,,
-200,-200,-200,,,,,,,,,,,,,,
-200,-200,-200,,,,,,,,,,,,,,
-200,-200,-200,,,,,,,,,,,,,,
-200,-200,-200,,,,,,,,,,,,,,
-200,-200,-200,,,,,,,,,,,,,,
18.9,55.2,1.1895,,,,,,,,,,,,,,
18.2,57.6,1.1930,,,,,,,,,,,,,,
18.6,56.0,1.1865,,,,,,,,,,,,,,
20.8,48.0,1.1702,,,,,,,,,,,,,,
23.3,38.6,1.0919,,,,,,,,,,,,,,
25.1,32.4,1.0170,,,,,,,,,,,,,,
27.8,25.8,0.9473,,,,,,,,,,,,,,
29.6,21.0,0.8548,,,,,,,,,,,,,,
30.2,18.0,0.7613,,,,,,,,,,,,,,
30.1,18.5,0.7747,,,,,,,,,,,,,,
29.5,19.4,0.7872,,,,,,,,,,,,,,
31.1,18.2,0.8079,,,,,,,,,,,,,,
30.3,19.0,0.8103,,,,,,,,,,,,,,
30.1,19.3,0.8083,,,,,,,,,,,,,,
28.6,22.3,0.8590,,,,,,,,,,,,,,
26.1,28.3,0.9407,,,,,,,,,,,,,,
24.5,35.7,1.0807,,,,,,,,,,,,,,
23.1,41.5,1.1582,,,,,,,,,,,,,,
21.8,46.3,1.1913,,,,,,,,,,,,,,
20.9,48.9,1.1945,,,,,,,,,,,,,,
20.5,49.9,1.1903,,,,,,,,,,,,,,
20.0,50.9,1.1794,,,,,,,,,,,,,,
22.1,44.3,1.1665,,,,,,,,,,,,,,
21.0,47.5,1.1666,,,,,,,,,,,,,,
19.8,50.3,1.1444,,,,,,,,,,,,,,
19.0,52.8,1.1489,,,,,,,,,,,,,,
17.8,56.5,1.1375,,,,,,,,,,,,,,
18.2,55.8,1.1529,,,,,,,,,,,,,,
20.6,47.7,1.1448,,,,,,,,,,,,,,
22.8,41.9,1.1496,,,,,,,,,,,,,,
27.1,31.7,1.1147,,,,,,,,,,,,,,
30.4,26.4,1.1310,,,,,,,,,,,,,,
31.1,26.2,1.1647,,,,,,,,,,,,,,
31.4,25.3,1.1444,,,,,,,,,,,,,,
30.8,26.7,1.1680,,,,,,,,,,,,,,
31.8,25.6,1.1868,,,,,,,,,,,,,,
33.5,22.9,1.1649,,,,,,,,,,,,,,
33.1,23.5,1.1673,,,,,,,,,,,,,,
31.7,25.9,1.1883,,,,,,,,,,,,,,
29.0,30.4,1.2013,,,,,,,,,,,,,,
27.4,33.6,1.2095,,,,,,,,,,,,,,
25.2,36.4,1.1528,,,,,,,,,,,,,,
24.0,39.6,1.1662,,,,,,,,,,,,,,
23.8,39.6,1.1558,,,,,,,,,,,,,,
22.9,43.6,1.1974,,,,,,,,,,,,,,
22.8,43.9,1.2020,,,,,,,,,,,,,,
21.8,47.3,1.2189,,,,,,,,,,,,,,
21.7,47.3,1.2135,,,,,,,,,,,,,,
20.8,50.3,1.2207,,,,,,,,,,,,,,
21.7,46.8,1.2031,,,,,,,,,,,,,,
20.3,52.3,1.2367,,,,,,,,,,,,,,
20.5,52.3,1.2450,,,,,,,,,,,,,,
21.7,49.6,1.2673,,,,,,,,,,,,,,
24.0,43.1,1.2677,,,,,,,,,,,,,,
28.5,31.7,1.2144,,,,,,,,,,,,,,
32.2,25.1,1.1890,,,,,,,,,,,,,,
34.9,20.5,1.1279,,,,,,,,,,,,,,
35.4,19.9,1.1222,,,,,,,,,,,,,,
34.4,22.5,1.2050,,,,,,,,,,,,,,
34.8,22.8,1.2488,,,,,,,,,,,,,,
34.3,22.4,1.1907,,,,,,,,,,,,,,
32.5,25.3,1.2165,,,,,,,,,,,,,,
31.3,27.3,1.2234,,,,,,,,,,,,,,
30.2,29.0,1.2224,,,,,,,,,,,,,,
28.5,33.3,1.2775,,,,,,,,,,,,,,
27.3,35.3,1.2606,,,,,,,,,,,,,,
26.1,37.8,1.2575,,,,,,,,,,,,,,
24.7,47.1,1.4400,,,,,,,,,,,,,,
23.6,59.8,1.7193,,,,,,,,,,,,,,
23.3,60.5,1.7060,,,,,,,,,,,,,,
23.3,59.4,1.6753,,,,,,,,,,,,,,
22.9,57.7,1.5902,,,,,,,,,,,,,,
23.7,53.5,1.5460,,,,,,,,,,,,,,
21.2,60.9,1.5092,,,,,,,,,,,,,,
22.1,56.2,1.4800,,,,,,,,,,,,,,
21.9,57.0,1.4742,,,,,,,,,,,,,,
24.7,45.9,1.4061,,,,,,,,,,,,,,
27.0,40.8,1.4286,,,,,,,,,,,,,,
29.1,37.4,1.4833,,,,,,,,,,,,,,
31.1,32.4,1.4351,,,,,,,,,,,,,,
31.9,30.3,1.4125,,,,,,,,,,,,,,
32.8,28.9,1.4120,,,,,,,,,,,,,,
33.4,27.8,1.4119,,,,,,,,,,,,,,
35.3,23.7,1.3331,,,,,,,,,,,,,,
35.8,22.4,1.2915,,,,,,,,,,,,,,
35.3,20.8,1.1664,,,,,,,,,,,,,,
33.3,23.9,1.2085,,,,,,,,,,,,,,
30.3,30.8,1.3044,,,,,,,,,,,,,,
28.3,34.5,1.3084,,,,,,,,,,,,,,
27.1,38.9,1.3758,,,,,,,,,,,,,,
25.4,43.2,1.3805,,,,,,,,,,,,,,
24.6,45.3,1.3767,,,,,,,,,,,,,,
23.7,46.0,1.3346,,,,,,,,,,,,,,
23.0,48.1,1.3322,,,,,,,,,,,,,,
24.8,43.4,1.3366,,,,,,,,,,,,,,
23.1,47.4,1.3208,,,,,,,,,,,,,,
21.7,50.2,1.2917,,,,,,,,,,,,,,
21.9,50.7,1.3138,,,,,,,,,,,,,,
20.1,57.0,1.3216,,,,,,,,,,,,,,
21.5,51.8,1.3129,,,,,,,,,,,,,,
22.9,48.7,1.3416,,,,,,,,,,,,,,
25.7,41.0,1.3351,,,,,,,,,,,,,,
29.9,33.2,1.3793,,,,,,,,,,,,,,
32.9,28.0,1.3789,,,,,,,,,,,,,,
34.0,25.6,1.3363,,,,,,,,,,,,,,
34.7,22.6,1.2297,,,,,,,,,,,,,,
35.5,20.3,1.1586,,,,,,,,,,,,,,
35.9,18.8,1.0912,,,,,,,,,,,,,,
36.2,18.6,1.0945,,,,,,,,,,,,,,
35.4,15.3,0.8613,,,,,,,,,,,,,,
32.9,15.5,0.7649,,,,,,,,,,,,,,
29.9,19.8,0.8211,,,,,,,,,,,,,,
28.1,22.4,0.8394,,,,,,,,,,,,,,
26.1,24.7,0.8233,,,,,,,,,,,,,,
25.0,28.7,0.8944,,,,,,,,,,,,,,
24.3,31.0,0.9268,,,,,,,,,,,,,,
24.0,31.2,0.9190,,,,,,,,,,,,,,
22.4,34.9,0.9362,,,,,,,,,,,,,,
21.2,37.6,0.9355,,,,,,,,,,,,,,
19.5,42.3,0.9461,,,,,,,,,,,,,,
21.2,39.4,0.9802,,,,,,,,,,,,,,
19.5,42.4,0.9515,,,,,,,,,,,,,,
18.6,45.8,0.9723,,,,,,,,,,,,,,
19.7,44.1,1.0039,,,,,,,,,,,,,,
21.9,39.4,1.0243,,,,,,,,,,,,,,
24.5,34.3,1.0407,,,,,,,,,,,,,,
30.0,25.6,1.0674,,,,,,,,,,,,,,
34.5,18.9,1.0168,,,,,,,,,,,,,,
36.3,17.5,1.0411,,,,,,,,,,,,,,
37.7,16.0,1.0231,,,,,,,,,,,,,,
38.3,15.8,1.0465,,,,,,,,,,,,,,
38.4,17.5,1.1609,,,,,,,,,,,,,,
37.2,20.5,1.2813,,,,,,,,,,,,,,
34.0,26.4,1.3781,,,,,,,,,,,,,,
32.3,30.4,1.4450,,,,,,,,,,,,,,
30.5,33.9,1.4564,,,,,,,,,,,,,,
29.2,37.8,1.5098,,,,,,,,,,,,,,
28.4,39.1,1.4881,,,,,,,,,,,,,,
27.7,40.6,1.4828,,,,,,,,,,,,,,
27.2,42.5,1.5069,,,,,,,,,,,,,,
26.5,44.8,1.5280,,,,,,,,,,,,,,
25.5,47.6,1.5318,,,,,,,,,,,,,,
25.2,47.8,1.5076,,,,,,,,,,,,,,
23.2,53.7,1.5046,,,,,,,,,,,,,,
23.2,52.3,1.4668,,,,,,,,,,,,,,
24.0,50.3,1.4811,,,,,,,,,,,,,,
23.5,51.2,1.4634,,,,,,,,,,,,,,
23.5,50.8,1.4520,,,,,,,,,,,,,,
24.7,47.6,1.4597,,,,,,,,,,,,,,
27.2,41.1,1.4611,,,,,,,,,,,,,,
31.0,32.4,1.4294,,,,,,,,,,,,,,
35.2,24.8,1.3854,,,,,,,,,,,,,,
37.8,18.5,1.1977,,,,,,,,,,,,,,
39.0,15.1,1.0424,,,,,,,,,,,,,,
41.3,12.8,0.9933,,,,,,,,,,,,,,
41.8,11.9,0.9476,,,,,,,,,,,,,,
42.2,14.2,1.1609,,,,,,,,,,,,,,
41.4,15.5,1.2089,,,,,,,,,,,,,,
38.9,21.4,1.4605,,,,,,,,,,,,,,
34.3,26.0,1.3865,,,,,,,,,,,,,,
32.7,27.7,1.3439,,,,,,,,,,,,,,
30.5,30.4,1.3031,,,,,,,,,,,,,,
29.0,33.6,1.3277,,,,,,,,,,,,,,
28.2,36.6,1.3781,,,,,,,,,,,,,,
27.2,38.9,1.3821,,,,,,,,,,,,,,
26.7,40.0,1.3754,,,,,,,,,,,,,,
26.0,41.2,1.3598,,,,,,,,,,,,,,
22.8,50.1,1.3677,,,,,,,,,,,,,,
24.0,46.6,1.3700,,,,,,,,,,,,,,
24.0,46.4,1.3689,,,,,,,,,,,,,,
23.7,47.1,1.3602,,,,,,,,,,,,,,
23.6,47.3,1.3634,,,,,,,,,,,,,,
25.5,43.1,1.3891,,,,,,,,,,,,,,
28.5,36.8,1.4128,,,,,,,,,,,,,,
32.6,28.0,1.3566,,,,,,,,,,,,,,
36.3,23.4,1.3902,,,,,,,,,,,,,,
37.5,21.5,1.3673,,,,,,,,,,,,,,
39.6,19.0,1.3447,,,,,,,,,,,,,,
40.1,19.3,1.4013,,,,,,,,,,,,,,
40.4,20.0,1.4854,,,,,,,,,,,,,,
39.9,20.1,1.4495,,,,,,,,,,,,,,
39.1,19.6,1.3542,,,,,,,,,,,,,,
37.0,21.9,1.3503,,,,,,,,,,,,,,
33.9,26.8,1.3899,,,,,,,,,,,,,,
31.9,30.6,1.4201,,,,,,,,,,,,,,
29.7,33.9,1.3874,,,,,,,,,,,,,,
28.6,36.8,1.4160,,,,,,,,,,,,,,
27.8,38.7,1.4187,,,,,,,,,,,,,,
27.8,40.0,1.4691,,,,,,,,,,,,,,
27.5,41.3,1.4962,,,,,,,,,,,,,,
27.3,41.6,1.4906,,,,,,,,,,,,,,
26.0,44.2,1.4657,,,,,,,,,,,,,,
24.8,48.0,1.4857,,,,,,,,,,,,,,
25.9,45.1,1.4889,,,,,,,,,,,,,,
25.3,47.6,1.5108,,,,,,,,,,,,,,
24.7,49.5,1.5201,,,,,,,,,,,,,,
27.1,43.1,1.5224,,,,,,,,,,,,,,
28.3,39.8,1.5053,,,,,,,,,,,,,,
32.4,32.3,1.5484,,,,,,,,,,,,,,
35.4,27.8,1.5733,,,,,,,,,,,,,,
35.5,27.4,1.5635,,,,,,,,,,,,,,
37.8,24.4,1.5722,,,,,,,,,,,,,,
37.2,25.5,1.5914,,,,,,,,,,,,,,
37.2,25.6,1.6014,,,,,,,,,,,,,,
38.0,25.0,1.6312,,,,,,,,,,,,,,
37.1,26.9,1.6635,,,,,,,,,,,,,,
36.9,27.8,1.7099,,,,,,,,,,,,,,
34.7,31.9,1.7325,,,,,,,,,,,,,,
31.9,38.4,1.7897,,,,,,,,,,,,,,
30.5,42.3,1.8173,,,,,,,,,,,,,,
29.3,45.8,1.8362,,,,,,,,,,,,,,
28.2,48.1,1.8144,,,,,,,,,,,,,,
27.3,51.0,1.8287,,,,,,,,,,,,,,
26.8,52.4,1.8141,,,,,,,,,,,,,,
26.0,54.9,1.8141,,,,,,,,,,,,,,
26.8,51.9,1.8058,,,,,,,,,,,,,,
26.9,51.8,1.8050,,,,,,,,,,,,,,
24.6,59.1,1.8013,,,,,,,,,,,,,,
26.4,53.1,1.7987,,,,,,,,,,,,,,
27.3,46.4,1.6542,,,,,,,,,,,,,,
28.4,40.4,1.5442,,,,,,,,,,,,,,
30.8,37.1,1.6169,,,,,,,,,,,,,,
34.2,30.7,1.6252,,,,,,,,,,,,,,
37.0,26.5,1.6352,,,,,,,,,,,,,,
36.6,27.8,1.6760,,,,,,,,,,,,,,
36.9,26.9,1.6477,,,,,,,,,,,,,,
39.3,22.2,1.5520,,,,,,,,,,,,,,
38.5,22.4,1.5018,,,,,,,,,,,,,,
39.7,20.4,1.4594,,,,,,,,,,,,,,
38.8,24.2,1.6433,,,,,,,,,,,,,,
33.5,38.0,1.9390,,,,,,,,,,,,,,
34.0,32.9,1.7251,,,,,,,,,,,,,,
31.9,33.7,1.5663,,,,,,,,,,,,,,
30.2,37.6,1.5870,,,,,,,,,,,,,,
28.9,41.0,1.6096,,,,,,,,,,,,,,
27.8,45.2,1.6604,,,,,,,,,,,,,,
27.1,47.4,1.6701,,,,,,,,,,,,,,
26.2,49.4,1.6555,,,,,,,,,,,,,,
26.9,49.3,1.7196,,,,,,,,,,,,,,
26.3,50.8,1.7058,,,,,,,,,,,,,,
24.9,54.6,1.6908,,,,,,,,,,,,,,
23.4,58.6,1.6651,,,,,,,,,,,,,,
24.4,55.2,1.6604,,,,,,,,,,,,,,
25.1,54.3,1.7057,,,,,,,,,,,,,,
26.6,51.2,1.7565,,,,,,,,,,,,,,
28.2,47.1,1.7752,,,,,,,,,,,,,,
31.6,39.4,1.7969,,,,,,,,,,,,,,
34.2,31.8,1.6837,,,,,,,,,,,,,,
36.6,27.1,1.6352,,,,,,,,,,,,,,
37.6,26.9,1.7150,,,,,,,,,,,,,,
38.1,26.3,1.7213,,,,,,,,,,,,,,
37.8,26.9,1.7392,,,,,,,,,,,,,,
37.8,22.7,1.4653,,,,,,,,,,,,,,
36.9,24.7,1.5134,,,,,,,,,,,,,,
34.5,28.5,1.5310,,,,,,,,,,,,,,
32.5,30.9,1.4875,,,,,,,,,,,,,,
30.9,30.4,1.3380,,,,,,,,,,,,,,
28.7,34.7,1.3457,,,,,,,,,,,,,,
27.7,39.3,1.4372,,,,,,,,,,,,,,
26.8,45.1,1.5645,,,,,,,,,,,,,,
26.1,45.3,1.5115,,,,,,,,,,,,,,
25.9,46.1,1.5174,,,,,,,,,,,,,,
25.3,47.6,1.5130,,,,,,,,,,,,,,
26.6,43.0,1.4773,,,,,,,,,,,,,,
25.3,47.2,1.5025,,,,,,,,,,,,,,
25.1,48.0,1.5115,,,,,,,,,,,,,,
24.8,50.6,1.5654,,,,,,,,,,,,,,
25.7,49.7,1.6150,,,,,,,,,,,,,,
27.4,45.5,1.6396,,,,,,,,,,,,,,
29.3,40.0,1.6082,,,,,,,,,,,,,,
33.6,28.7,1.4693,,,,,,,,,,,,,,
34.6,27.7,1.4991,,,,,,,,,,,,,,
35.6,27.2,1.5557,,,,,,,,,,,,,,
36.9,23.3,1.4313,,,,,,,,,,,,,,
38.8,20.7,1.4036,,,,,,,,,,,,,,
38.1,22.6,1.4868,,,,,,,,,,,,,,
37.1,23.0,1.4229,,,,,,,,,,,,,,
34.8,19.3,1.0543,,,,,,,,,,,,,,
33.6,20.7,1.0590,,,,,,,,,,,,,,
31.4,18.5,0.8376,,,,,,,,,,,,,,
29.5,23.8,0.9623,,,,,,,,,,,,,,
27.4,27.1,0.9736,,,,,,,,,,,,,,
26.1,31.1,1.0338,,,,,,,,,,,,,,
25.5,34.0,1.0935,,,,,,,,,,,,,,
24.0,37.8,1.1125,,,,,,,,,,,,,,
24.2,37.3,1.1118,,,,,,,,,,,,,,
23.4,40.6,1.1571,,,,,,,,,,,,,,
21.8,46.6,1.1991,,,,,,,,,,,,,,
22.6,43.0,1.1629,,,,,,,,,,,,,,
20.2,50.7,1.1844,,,,,,,,,,,,,,
20.5,49.3,1.1760,,,,,,,,,,,,,,
21.4,48.0,1.2086,,,,,,,,,,,,,,
23.2,43.9,1.2344,,,,,,,,,,,,,,
25.3,40.7,1.2921,,,,,,,,,,,,,,
29.9,31.1,1.2883,,,,,,,,,,,,,,
33.9,21.3,1.1067,,,,,,,,,,,,,,
36.3,16.0,0.9465,,,,,,,,,,,,,,
36.6,15.2,0.9177,,,,,,,,,,,,,,
37.4,15.8,0.9998,,,,,,,,,,,,,,
37.9,15.0,0.9721,,,,,,,,,,,,,,
38.0,16.8,1.0933,,,,,,,,,,,,,,
36.9,17.5,1.0789,,,,,,,,,,,,,,
35.3,17.0,0.9561,,,,,,,,,,,,,,
31.9,20.4,0.9462,,,,,,,,,,,,,,
29.1,29.6,1.1792,,,,,,,,,,,,,,
27.4,33.4,1.2022,,,,,,,,,,,,,,
26.7,35.8,1.2318,,,,,,,,,,,,,,
25.2,42.7,1.3473,,,,,,,,,,,,,,
24.0,51.9,1.5252,,,,,,,,,,,,,,
24.5,44.4,1.3476,,,,,,,,,,,,,,
22.6,51.0,1.3805,,,,,,,,,,,,,,
22.2,52.7,1.3891,,,,,,,,,,,,,,
21.2,56.8,1.4094,,,,,,,,,,,,,,
20.3,59.6,1.3994,,,,,,,,,,,,,,
21.3,56.7,1.4178,,,,,,,,,,,,,,
23.0,54.6,1.5177,,,,,,,,,,,,,,
23.7,54.3,1.5731,,,,,,,,,,,,,,
25.4,49.3,1.5732,,,,,,,,,,,,,,
29.6,37.7,1.5440,,,,,,,,,,,,,,
33.9,26.2,1.3664,,,,,,,,,,,,,,
35.8,22.4,1.2933,,,,,,,,,,,,,,
37.9,18.8,1.2220,,,,,,,,,,,,,,
38.5,14.8,0.9942,,,,,,,,,,,,,,
39.3,14.5,1.0149,,,,,,,,,,,,,,
38.9,15.6,1.0613,,,,,,,,,,,,,,
37.9,12.7,0.8211,,,,,,,,,,,,,,
35.8,13.4,0.7749,,,,,,,,,,,,,,
32.3,19.7,0.9345,,,,,,,,,,,,,,
30.1,23.5,0.9869,,,,,,,,,,,,,,
28.2,28.7,1.0806,,,,,,,,,,,,,,
26.0,35.7,1.1842,,,,,,,,,,,,,,
25.3,39.2,1.2452,,,,,,,,,,,,,,
24.7,38.7,1.1845,,,,,,,,,,,,,,
25.5,35.7,1.1499,,,,,,,,,,,,,,
22.5,43.2,1.1589,,,,,,,,,,,,,,
21.6,46.1,1.1761,,,,,,,,,,,,,,
19.7,51.4,1.1688,,,,,,,,,,,,,,
21.6,45.7,1.1665,,,,,,,,,,,,,,
21.1,47.3,1.1654,,,,,,,,,,,,,,
21.6,44.1,1.1269,,,,,,,,,,,,,,
23.7,37.9,1.0988,,,,,,,,,,,,,,
26.0,30.1,0.9953,,,,,,,,,,,,,,
30.6,23.2,1.0010,,,,,,,,,,,,,,
34.1,19.1,1.0048,,,,,,,,,,,,,,
36.2,18.0,1.0636,,,,,,,,,,,,,,
37.4,17.3,1.0914,,,,,,,,,,,,,,
39.5,15.6,1.1020,,,,,,,,,,,,,,
40.4,14.9,1.1033,,,,,,,,,,,,,,
40.1,16.1,1.1699,,,,,,,,,,,,,,
39.3,18.9,1.3251,,,,,,,,,,,,,,
37.3,19.9,1.2437,,,,,,,,,,,,,,
33.6,22.9,1.1747,,,,,,,,,,,,,,
30.7,28.9,1.2501,,,,,,,,,,,,,,
28.8,32.8,1.2776,,,,,,,,,,,,,,
27.3,36.8,1.3207,,,,,,,,,,,,,,
26.2,39.7,1.3249,,,,,,,,,,,,,,
25.4,43.0,1.3700,,,,,,,,,,,,,,
25.8,41.0,1.3461,,,,,,,,,,,,,,
23.3,48.4,1.3677,,,,,,,,,,,,,,
23.5,47.8,1.3607,,,,,,,,,,,,,,
23.5,46.7,1.3361,,,,,,,,,,,,,,
21.8,52.3,1.3539,,,,,,,,,,,,,,
21.8,52.5,1.3529,,,,,,,,,,,,,,
22.9,49.1,1.3546,,,,,,,,,,,,,,
24.9,43.3,1.3422,,,,,,,,,,,,,,
26.7,39.4,1.3556,,,,,,,,,,,,,,
30.5,32.9,1.4135,,,,,,,,,,,,,,
34.2,27.2,1.4404,,,,,,,,,,,,,,
38.2,20.9,1.3701,,,,,,,,,,,,,,
39.6,16.9,1.2028,,,,,,,,,,,,,,
39.9,15.8,1.1410,,,,,,,,,,,,,,
40.2,13.9,1.0200,,,,,,,,,,,,,,
39.6,13.2,0.9332,,,,,,,,,,,,,,
39.5,12.6,0.8894,,,,,,,,,,,,,,
37.9,13.9,0.9015,,,,,,,,,,,,,,
34.2,17.9,0.9444,,,,,,,,,,,,,,
32.6,20.6,0.9939,,,,,,,,,,,,,,
30.4,23.2,0.9889,,,,,,,,,,,,,,
28.8,25.1,0.9793,,,,,,,,,,,,,,
27.8,29.9,1.1018,,,,,,,,,,,,,,
26.9,32.6,1.1381,,,,,,,,,,,,,,
26.3,33.7,1.1377,,,,,,,,,,,,,,
25.7,33.9,1.1065,,,,,,,,,,,,,,
24.8,36.0,1.1109,,,,,,,,,,,,,,
25.5,34.6,1.1096,,,,,,,,,,,,,,
24.0,37.8,1.1077,,,,,,,,,,,,,,
23.9,39.3,1.1522,,,,,,,,,,,,,,
24.8,38.4,1.1808,,,,,,,,,,,,,,
26.9,34.4,1.2036,,,,,,,,,,,,,,
29.6,28.7,1.1706,,,,,,,,,,,,,,
34.6,21.1,1.1398,,,,,,,,,,,,,,
38.3,17.0,1.1216,,,,,,,,,,,,,,
40.4,14.5,1.0736,,,,,,,,,,,,,,
42.6,9.6,0.8012,,,,,,,,,,,,,,
42.5,10.2,0.8478,,,,,,,,,,,,,,
41.0,11.6,0.8872,,,,,,,,,,,,,,
41.3,13.0,1.0154,,,,,,,,,,,,,,
39.2,14.5,1.0106,,,,,,,,,,,,,,
36.9,17.9,1.0960,,,,,,,,,,,,,,
35.6,20.4,1.1646,,,,,,,,,,,,,,
33.7,22.6,1.1658,,,,,,,,,,,,,,
31.5,27.8,1.2671,,,,,,,,,,,,,,
31.1,29.3,1.3055,,,,,,,,,,,,,,
30.2,30.9,1.3026,,,,,,,,,,,,,,
29.8,30.2,1.2502,,,,,,,,,,,,,,
28.4,32.5,1.2361,,,,,,,,,,,,,,
27.5,34.0,1.2310,,,,,,,,,,,,,,
26.8,35.3,1.2243,,,,,,,,,,,,,,
24.5,40.4,1.2251,,,,,,,,,,,,,,
25.6,38.8,1.2545,,,,,,,,,,,,,,
27.5,34.6,1.2518,,,,,,,,,,,,,,
25.9,37.4,1.2289,,,,,,,,,,,,,,
28.5,32.5,1.2441,,,,,,,,,,,,,,
29.5,32.7,1.3229,,,,,,,,,,,,,,
29.8,33.1,1.3693,,,,,,,,,,,,,,
33.4,26.8,1.3586,,,,,,,,,,,,,,
40.3,15.8,1.1604,,,,,,,,,,,,,,
41.8,15.0,1.1989,,,,,,,,,,,,,,
41.1,15.7,1.2071,,,,,,,,,,,,,,
41.9,14.8,1.1944,,,,,,,,,,,,,,
40.9,14.6,1.1140,,,,,,,,,,,,,,
39.1,16.9,1.1705,,,,,,,,,,,,,,
36.4,27.3,1.6308,,,,,,,,,,,,,,
34.9,29.3,1.6110,,,,,,,,,,,,,,
33.6,26.4,1.3515,,,,,,,,,,,,,,
32.2,27.6,1.3044,,,,,,,,,,,,,,
30.5,29.7,1.2742,,,,,,,,,,,,,,
29.4,35.6,1.4383,,,,,,,,,,,,,,
29.1,34.8,1.3800,,,,,,,,,,,,,,
27.7,41.9,1.5370,,,,,,,,,,,,,,
27.9,41.6,1.5425,,,,,,,,,,,,,,
27.8,43.7,1.6039,,,,,,,,,,,,,,
27.4,42.2,1.5177,,,,,,,,,,,,,,
26.6,42.8,1.4713,,,,,,,,,,,,,,
26.9,40.3,1.4041,,,,,,,,,,,,,,
27.0,37.3,1.3081,,,,,,,,,,,,,,
27.0,35.3,1.2396,,,,,,,,,,,,,,
27.4,32.0,1.1545,,,,,,,,,,,,,,
30.5,24.7,1.0592,,,,,,,,,,,,,,
32.9,20.1,0.9902,,,,,,,,,,,,,,
33.9,18.4,0.9587,,,,,,,,,,,,,,
34.4,19.3,1.0325,,,,,,,,,,,,,,
34.2,19.6,1.0399,,,,,,,,,,,,,,
33.2,20.4,1.0195,,,,,,,,,,,,,,
32.4,19.1,0.9150,,,,,,,,,,,,,,
32.2,17.1,0.8124,,,,,,,,,,,,,,
31.0,17.1,0.7526,,,,,,,,,,,,,,
28.3,24.9,0.9412,,,,,,,,,,,,,,
26.6,30.2,1.0330,,,,,,,,,,,,,,
24.8,36.8,1.1357,,,,,,,,,,,,,,
23.7,43.4,1.2495,,,,,,,,,,,,,,
23.0,46.2,1.2815,,,,,,,,,,,,,,
22.7,47.7,1.2977,,,,,,,,,,,,,,
22.2,49.5,1.3081,,,,,,,,,,,,,,
21.6,51.9,1.3254,,,,,,,,,,,,,,
22.3,50.4,1.3379,,,,,,,,,,,,,,
22.4,49.7,1.3333,,,,,,,,,,,,,,
21.7,52.0,1.3313,,,,,,,,,,,,,,
21.1,53.2,1.3181,,,,,,,,,,,,,,
22.0,51.0,1.3296,,,,,,,,,,,,,,
25.0,41.6,1.3010,,,,,,,,,,,,,,
26.7,36.4,1.2596,,,,,,,,,,,,,,
29.1,29.7,1.1751,,,,,,,,,,,,,,
31.2,23.4,1.0487,,,,,,,,,,,,,,
32.4,20.5,0.9806,,,,,,,,,,,,,,
33.3,19.2,0.9634,,,,,,,,,,,,,,
33.1,16.8,0.8391,,,,,,,,,,,,,,
33.1,18.3,0.9081,,,,,,,,,,,,,,
32.4,18.0,0.8599,,,,,,,,,,,,,,
31.8,18.7,0.8624,,,,,,,,,,,,,,
30.3,21.4,0.9064,,,,,,,,,,,,,,
27.2,28.2,1.0013,,,,,,,,,,,,,,
26.1,33.7,1.1228,,,,,,,,,,,,,,
24.7,38.8,1.1929,,,,,,,,,,,,,,
23.4,43.2,1.2290,,,,,,,,,,,,,,
23.1,44.2,1.2317,,,,,,,,,,,,,,
22.7,45.3,1.2299,,,,,,,,,,,,,,
21.6,47.5,1.2118,,,,,,,,,,,,,,
22.0,45.8,1.1965,,,,,,,,,,,,,,
20.4,51.3,1.2131,,,,,,,,,,,,,,
20.6,50.3,1.2041,,,,,,,,,,,,,,
20.6,50.6,1.2119,,,,,,,,,,,,,,
21.3,48.8,1.2189,,,,,,,,,,,,,,
20.4,52.6,1.2470,,,,,,,,,,,,,,
23.5,44.0,1.2596,,,,,,,,,,,,,,
25.7,37.9,1.2334,,,,,,,,,,,,,,
27.9,33.6,1.2433,,,,,,,,,,,,,,
29.0,28.3,1.1116,,,,,,,,,,,,,,
29.5,25.9,1.0489,,,,,,,,,,,,,,
31.8,22.3,1.0366,,,,,,,,,,,,,,
32.2,20.0,0.9488,,,,,,,,,,,,,,
32.4,19.3,0.9220,,,,,,,,,,,,,,
33.0,17.7,0.8758,,,,,,,,,,,,,,
32.0,19.8,0.9273,,,,,,,,,,,,,,
29.6,24.1,0.9831,,,,,,,,,,,,,,
26.9,27.1,0.9480,,,,,,,,,,,,,,
25.3,30.9,0.9815,,,,,,,,,,,,,,
24.2,35.9,1.0684,,,,,,,,,,,,,,
23.2,43.2,1.2104,,,,,,,,,,,,,,
22.7,43.9,1.1962,,,,,,,,,,,,,,
21.6,44.0,1.1244,,,,,,,,,,,,,,
20.7,46.4,1.1198,,,,,,,,,,,,,,
21.2,46.2,1.1482,,,,,,,,,,,,,,
22.7,42.3,1.1491,,,,,,,,,,,,,,
19.9,51.3,1.1803,,,,,,,,,,,,,,
20.0,51.8,1.1967,,,,,,,,,,,,,,
18.5,57.4,1.2076,,,,,,,,,,,,,,
19.6,54.3,1.2278,,,,,,,,,,,,,,
21.3,49.7,1.2452,,,,,,,,,,,,,,
21.7,46.3,1.1867,,,,,,,,,,,,,,
23.4,39.4,1.1172,,,,,,,,,,,,,,
25.7,33.0,1.0763,,,,,,,,,,,,,,
28.5,27.3,1.0479,,,,,,,,,,,,,,
27.0,27.9,0.9812,,,,,,,,,,,,,,
24.2,36.9,1.0966,,,,,,,,,,,,,,
26.0,34.9,1.1509,,,,,,,,,,,,,,
24.8,33.1,1.0222,,,,,,,,,,,,,,
24.0,36.3,1.0708,,,,,,,,,,,,,,
23.6,35.5,1.0187,,,,,,,,,,,,,,
23.6,35.7,1.0282,,,,,,,,,,,,,,
23.3,34.5,0.9768,,,,,,,,,,,,,,
22.5,36.8,0.9880,,,,,,,,,,,,,,
21.3,38.7,0.9686,,,,,,,,,,,,,,
20.9,39.4,0.9596,,,,,,,,,,,,,,
19.8,47.7,1.0930,,,,,,,,,,,,,,
19.3,51.4,1.1387,,,,,,,,,,,,,,
18.4,53.4,1.1170,,,,,,,,,,,,,,
18.8,51.1,1.1000,,,,,,,,,,,,,,
16.3,59.8,1.1042,,,,,,,,,,,,,,
16.6,56.8,1.0629,,,,,,,,,,,,,,
16.2,57.4,1.0515,,,,,,,,,,,,,,
17.3,54.3,1.0631,,,,,,,,,,,,,,
19.2,48.8,1.0751,,,,,,,,,,,,,,
21.7,42.4,1.0859,,,,,,,,,,,,,,
26.4,29.9,1.0138,,,,,,,,,,,,,,
31.3,19.1,0.8634,,,,,,,,,,,,,,
33.7,15.4,0.7913,,,,,,,,,,,,,,
34.5,13.3,0.7158,,,,,,,,,,,,,,
33.8,13.9,0.7172,,,,,,,,,,,,,,
30.1,19.4,0.8157,,,,,,,,,,,,,,
28.3,21.3,0.8054,,,,,,,,,,,,,,
31.9,18.3,0.8523,,,,,,,,,,,,,,
32.0,20.1,0.9364,,,,,,,,,,,,,,
28.9,24.1,0.9495,,,,,,,,,,,,,,
27.3,27.1,0.9670,,,,,,,,,,,,,,
26.0,28.5,0.9484,,,,,,,,,,,,,,
25.2,28.6,0.9008,,,,,,,,,,,,,,
24.3,31.1,0.9316,,,,,,,,,,,,,,
23.6,33.8,0.9685,,,,,,,,,,,,,,
23.0,33.8,0.9406,,,,,,,,,,,,,,
22.2,38.4,1.0126,,,,,,,,,,,,,,
20.4,42.6,1.0083,,,,,,,,,,,,,,
20.5,42.3,1.0091,,,,,,,,,,,,,,
18.8,49.0,1.0505,,,,,,,,,,,,,,
18.8,49.4,1.0624,,,,,,,,,,,,,,
19.9,46.5,1.0710,,,,,,,,,,,,,,
22.1,41.7,1.0980,,,,,,,,,,,,,,
24.0,36.4,1.0706,,,,,,,,,,,,,,
30.2,22.8,0.9616,,,,,,,,,,,,,,
33.4,17.1,0.8627,,,,,,,,,,,,,,
35.1,15.0,0.8381,,,,,,,,,,,,,,
34.1,16.0,0.8408,,,,,,,,,,,,,,
35.7,13.6,0.7836,,,,,,,,,,,,,,
35.3,13.8,0.7767,,,,,,,,,,,,,,
32.3,16.7,0.7946,,,,,,,,,,,,,,
36.0,13.3,0.7773,,,,,,,,,,,,,,
35.8,13.7,0.7868,,,,,,,,,,,,,,
32.3,18.4,0.8753,,,,,,,,,,,,,,
29.7,25.0,1.0246,,,,,,,,,,,,,,
27.8,26.6,0.9748,,,,,,,,,,,,,,
26.3,27.3,0.9238,,,,,,,,,,,,,,
25.3,30.0,0.9508,,,,,,,,,,,,,,
24.0,34.9,1.0271,,,,,,,,,,,,,,
23.4,38.6,1.0968,,,,,,,,,,,,,,
23.5,38.3,1.0972,,,,,,,,,,,,,,
22.0,42.6,1.1146,,,,,,,,,,,,,,
21.6,44.0,1.1225,,,,,,,,,,,,,,
21.4,45.6,1.1493,,,,,,,,,,,,,,
21.1,47.1,1.1641,,,,,,,,,,,,,,
21.3,48.4,1.2119,,,,,,,,,,,,,,
22.9,47.9,1.3208,,,,,,,,,,,,,,
24.4,45.5,1.3721,,,,,,,,,,,,,,
27.6,38.0,1.3818,,,,,,,,,,,,,,
31.1,29.6,1.3180,,,,,,,,,,,,,,
33.4,24.7,1.2516,,,,,,,,,,,,,,
35.7,18.9,1.0865,,,,,,,,,,,,,,
36.2,18.1,1.0724,,,,,,,,,,,,,,
37.1,17.7,1.0940,,,,,,,,,,,,,,
36.5,18.1,1.0887,,,,,,,,,,,,,,
35.5,19.1,1.0888,,,,,,,,,,,,,,
33.7,20.0,1.0275,,,,,,,,,,,,,,
30.5,22.7,0.9763,,,,,,,,,,,,,,
28.7,26.2,1.0144,,,,,,,,,,,,,,
26.7,28.9,0.9981,,,,,,,,,,,,,,
25.7,31.6,1.0285,,,,,,,,,,,,,,
24.5,35.7,1.0807,,,,,,,,,,,,,,
24.3,36.3,1.0852,,,,,,,,,,,,,,
23.8,36.9,1.0748,,,,,,,,,,,,,,
23.7,37.3,1.0760,,,,,,,,,,,,,,
22.2,40.6,1.0729,,,,,,,,,,,,,,
21.6,42.2,1.0762,,,,,,,,,,,,,,
20.3,46.8,1.1000,,,,,,,,,,,,,,
20.7,45.9,1.1088,,,,,,,,,,,,,,
20.5,47.7,1.1419,,,,,,,,,,,,,,
22.4,46.6,1.2470,,,,,,,,,,,,,,
24.2,48.5,1.4452,,,,,,,,,,,,,,
28.8,33.0,1.2825,,,,,,,,,,,,,,
32.8,25.2,1.2325,,,,,,,,,,,,,,
34.4,19.9,1.0647,,,,,,,,,,,,,,
36.5,16.7,1.0045,,,,,,,,,,,,,,
37.5,14.3,0.9099,,,,,,,,,,,,,,
38.0,15.5,1.0119,,,,,,,,,,,,,,
38.1,16.5,1.0828,,,,,,,,,,,,,,
37.3,17.3,1.0840,,,,,,,,,,,,,,
35.9,17.7,1.0316,,,,,,,,,,,,,,
32.4,21.5,1.0303,,,,,,,,,,,,,,
30.3,25.6,1.0879,,,,,,,,,,,,,,
28.5,27.8,1.0665,,,,,,,,,,,,,,
26.9,30.5,1.0671,,,,,,,,,,,,,,
25.7,33.5,1.0918,,,,,,,,,,,,,,
24.7,36.9,1.1302,,,,,,,,,,,,,,
23.6,39.2,1.1306,,,,,,,,,,,,,,
22.2,43.0,1.1363,,,,,,,,,,,,,,
21.2,45.8,1.1353,,,,,,,,,,,,,,
21.3,45.9,1.1471,,,,,,,,,,,,,,
21.6,45.0,1.1510,,,,,,,,,,,,,,
21.3,46.5,1.1608,,,,,,,,,,,,,,
21.1,46.9,1.1585,,,,,,,,,,,,,,
22.8,43.0,1.1731,,,,,,,,,,,,,,
25.0,38.3,1.1980,,,,,,,,,,,,,,
30.9,26.9,1.1835,,,,,,,,,,,,,,
35.1,19.2,1.0664,,,,,,,,,,,,,,
36.9,17.2,1.0576,,,,,,,,,,,,,,
39.3,13.9,0.9715,,,,,,,,,,,,,,
40.3,12.6,0.9302,,,,,,,,,,,,,,
39.7,13.5,0.9650,,,,,,,,,,,,,,
41.1,13.1,1.0124,,,,,,,,,,,,,,
40.1,14.9,1.0828,,,,,,,,,,,,,,
37.4,17.0,1.0757,,,,,,,,,,,,,,
34.0,19.2,1.0073,,,,,,,,,,,,,,
31.7,21.6,0.9959,,,,,,,,,,,,,,
29.7,24.2,0.9926,,,,,,,,,,,,,,
27.9,27.6,1.0252,,,,,,,,,,,,,,
26.8,29.9,1.0402,,,,,,,,,,,,,,
25.8,33.0,1.0826,,,,,,,,,,,,,,
26.3,33.1,1.1199,,,,,,,,,,,,,,
24.3,38.1,1.1398,,,,,,,,,,,,,,
24.7,36.4,1.1158,,,,,,,,,,,,,,
23.3,39.5,1.1176,,,,,,,,,,,,,,
21.1,45.6,1.1246,,,,,,,,,,,,,,
20.2,48.5,1.1319,,,,,,,,,,,,,,
21.3,45.5,1.1405,,,,,,,,,,,,,,
22.6,31.0,0.8372,,,,,,,,,,,,,,
25.7,34.8,1.1292,,,,,,,,,,,,,,
31.6,23.8,1.0842,,,,,,,,,,,,,,
36.3,16.3,0.9727,,,,,,,,,,,,,,
37.9,15.0,0.9728,,,,,,,,,,,,,,
39.4,13.7,0.9639,,,,,,,,,,,,,,
40.2,12.3,0.8983,,,,,,,,,,,,,,
41.3,11.9,0.9252,,,,,,,,,,,,,,
41.4,11.8,0.9282,,,,,,,,,,,,,,
40.1,13.6,0.9953,,,,,,,,,,,,,,
37.6,16.4,1.0458,,,,,,,,,,,,,,
33.9,20.3,1.0522,,,,,,,,,,,,,,
31.6,22.9,1.0469,,,,,,,,,,,,,,
29.7,24.8,1.0160,,,,,,,,,,,,,,
29.0,27.0,1.0630,,,,,,,,,,,,,,
27.9,30.4,1.1249,,,,,,,,,,,,,,
28.0,30.6,1.1396,,,,,,,,,,,,,,
26.8,32.3,1.1235,,,,,,,,,,,,,,
26.6,33.0,1.1338,,,,,,,,,,,,,,
23.7,38.6,1.1159,,,,,,,,,,,,,,
22.2,42.8,1.1317,,,,,,,,,,,,,,
21.2,46.3,1.1501,,,,,,,,,,,,,,
21.4,46.5,1.1720,,,,,,,,,,,,,,
22.9,43.0,1.1826,,,,,,,,,,,,,,
25.2,38.6,1.2215,,,,,,,,,,,,,,
27.1,34.9,1.2310,,,,,,,,,,,,,,
32.4,24.8,1.1886,,,,,,,,,,,,,,
36.8,18.0,1.0945,,,,,,,,,,,,,,
39.1,16.0,1.1100,,,,,,,,,,,,,,
39.2,16.4,1.1439,,,,,,,,,,,,,,
40.5,14.9,1.1110,,,,,,,,,,,,,,
41.4,13.8,1.0786,,,,,,,,,,,,,,
40.5,14.9,1.1140,,,,,,,,,,,,,,
39.6,17.0,1.2064,,,,,,,,,,,,,,
37.7,19.8,1.2715,,,,,,,,,,,,,,
34.3,24.2,1.2857,,,,,,,,,,,,,,
31.7,28.1,1.2912,,,,,,,,,,,,,,
30.2,30.8,1.3008,,,,,,,,,,,,,,
29.4,33.0,1.3343,,,,,,,,,,,,,,
29.2,33.1,1.3202,,,,,,,,,,,,,,
27.6,36.6,1.3320,,,,,,,,,,,,,,
27.2,36.9,1.3147,,,,,,,,,,,,,,
25.4,41.0,1.3079,,,,,,,,,,,,,,
25.2,41.5,1.3106,,,,,,,,,,,,,,
23.4,47.4,1.3475,,,,,,,,,,,,,,
25.1,44.0,1.3794,,,,,,,,,,,,,,
23.9,46.5,1.3637,,,,,,,,,,,,,,
24.8,43.2,1.3387,,,,,,,,,,,,,,
27.0,38.7,1.3610,,,,,,,,,,,,,,
29.4,33.6,1.3526,,,,,,,,,,,,,,
34.8,23.4,1.2781,,,,,,,,,,,,,,
38.1,18.5,1.2108,,,,,,,,,,,,,,
38.9,18.0,1.2318,,,,,,,,,,,,,,
39.8,16.0,1.1444,,,,,,,,,,,,,,
41.7,12.5,0.9941,,,,,,,,,,,,,,
42.8,12.3,1.0326,,,,,,,,,,,,,,
41.4,14.2,1.1128,,,,,,,,,,,,,,
41.3,15.5,1.2100,,,,,,,,,,,,,,
38.3,19.4,1.2851,,,,,,,,,,,,,,
34.7,23.3,1.2653,,,,,,,,,,,,,,
32.6,26.3,1.2754,,,,,,,,,,,,,,
30.9,29.0,1.2750,,,,,,,,,,,,,,
30.1,30.2,1.2711,,,,,,,,,,,,,,
29.0,33.4,1.3149,,,,,,,,,,,,,,
28.3,36.8,1.3906,,,,,,,,,,,,,,
27.6,38.2,1.3911,,,,,,,,,,,,,,
25.8,43.1,1.4113,,,,,,,,,,,,,,
27.4,39.1,1.4072,,,,,,,,,,,,,,
26.3,40.9,1.3803,,,,,,,,,,,,,,
23.3,50.1,1.4100,,,,,,,,,,,,,,
23.1,49.7,1.3863,,,,,,,,,,,,,,
24.2,46.4,1.3834,,,,,,,,,,,,,,
25.8,42.2,1.3774,,,,,,,,,,,,,,
28.1,37.3,1.3922,,,,,,,,,,,,,,
33.9,26.8,1.3970,,,,,,,,,,,,,,
38.0,17.2,1.1227,,,,,,,,,,,,,,
38.9,15.9,1.0896,,,,,,,,,,,,,,
40.4,15.0,1.1125,,,,,,,,,,,,,,
40.1,15.2,1.1065,,,,,,,,,,,,,,
42.0,14.2,1.1517,,,,,,,,,,,,,,
42.7,14.4,1.2092,,,,,,,,,,,,,,
41.6,14.5,1.1483,,,,,,,,,,,,,,
39.6,18.8,1.3413,,,,,,,,,,,,,,
36.1,25.5,1.4949,,,,,,,,,,,,,,
33.3,29.9,1.5079,,,,,,,,,,,,,,
31.2,33.2,1.4831,,,,,,,,,,,,,,
30.1,35.8,1.5034,,,,,,,,,,,,,,
28.9,39.1,1.5370,,,,,,,,,,,,,,
27.8,43.3,1.5929,,,,,,,,,,,,,,
26.9,46.1,1.6080,,,,,,,,,,,,,,
26.4,47.1,1.5947,,,,,,,,,,,,,,
25.2,51.4,1.6210,,,,,,,,,,,,,,
23.8,55.4,1.6073,,,,,,,,,,,,,,
24.9,50.6,1.5755,,,,,,,,,,,,,,
25.0,49.2,1.5418,,,,,,,,,,,,,,
24.7,50.9,1.5593,,,,,,,,,,,,,,
26.4,46.3,1.5722,,,,,,,,,,,,,,
28.1,42.0,1.5735,,,,,,,,,,,,,,
34.0,29.9,1.5614,,,,,,,,,,,,,,
37.3,22.9,1.4373,,,,,,,,,,,,,,
40.1,19.0,1.3849,,,,,,,,,,,,,,
42.0,15.8,1.2759,,,,,,,,,,,,,,
42.8,14.3,1.2003,,,,,,,,,,,,,,
44.3,13.0,1.1830,,,,,,,,,,,,,,
44.6,12.6,1.1684,,,,,,,,,,,,,,
43.4,14.8,1.2882,,,,,,,,,,,,,,
40.6,18.2,1.3680,,,,,,,,,,,,,,
37.1,21.3,1.3223,,,,,,,,,,,,,,
34.5,25.5,1.3680,,,,,,,,,,,,,,
32.2,30.4,1.4433,,,,,,,,,,,,,,
30.4,35.4,1.5144,,,,,,,,,,,,,,
29.4,38.7,1.5581,,,,,,,,,,,,,,
28.6,38.7,1.4921,,,,,,,,,,,,,,
27.7,40.5,1.4835,,,,,,,,,,,,,,
28.0,39.8,1.4803,,,,,,,,,,,,,,
24.8,48.5,1.4953,,,,,,,,,,,,,,
25.6,45.8,1.4801,,,,,,,,,,,,,,
23.6,51.5,1.4852,,,,,,,,,,,,,,
25.1,46.5,1.4615,,,,,,,,,,,,,,
24.5,48.3,1.4593,,,,,,,,,,,,,,
26.6,42.8,1.4675,,,,,,,,,,,,,,
29.0,37.6,1.4866,,,,,,,,,,,,,,
34.2,28.5,1.5071,,,,,,,,,,,,,,
37.3,22.9,1.4369,,,,,,,,,,,,,,
40.1,17.5,1.2721,,,,,,,,,,,,,,
42.2,14.6,1.1920,,,,,,,,,,,,,,
41.9,15.2,1.2173,,,,,,,,,,,,,,
43.1,13.8,1.1803,,,,,,,,,,,,,,
42.8,13.8,1.1681,,,,,,,,,,,,,,
41.1,16.5,1.2701,,,,,,,,,,,,,,
38.7,20.3,1.3743,,,,,,,,,,,,,,
35.8,24.1,1.3924,,,,,,,,,,,,,,
33.1,28.3,1.4121,,,,,,,,,,,,,,
30.1,33.9,1.4257,,,,,,,,,,,,,,
29.0,36.6,1.4431,,,,,,,,,,,,,,
28.5,38.4,1.4680,,,,,,,,,,,,,,
27.8,39.9,1.4682,,,,,,,,,,,,,,
27.0,42.8,1.5030,,,,,,,,,,,,,,
26.4,44.5,1.5119,,,,,,,,,,,,,,
25.8,46.6,1.5269,,,,,,,,,,,,,,
25.1,48.5,1.5266,,,,,,,,,,,,,,
24.6,52.2,1.5881,,,,,,,,,,,,,,
24.4,50.5,1.5243,,,,,,,,,,,,,,
25.2,49.1,1.5546,,,,,,,,,,,,,,
26.6,50.8,1.7419,,,,,,,,,,,,,,
28.0,46.9,1.7480,,,,,,,,,,,,,,
32.7,34.5,1.6798,,,,,,,,,,,,,,
36.6,26.5,1.5990,,,,,,,,,,,,,,
37.8,26.3,1.6951,,,,,,,,,,,,,,
38.3,27.1,1.7970,,,,,,,,,,,,,,
35.4,32.4,1.8370,,,,,,,,,,,,,,
37.3,28.8,1.8087,,,,,,,,,,,,,,
36.6,28.2,1.6970,,,,,,,,,,,,,,
35.1,29.6,1.6452,,,,,,,,,,,,,,
32.3,33.4,1.5900,,,,,,,,,,,,,,
29.9,37.9,1.5745,,,,,,,,,,,,,,
28.2,41.9,1.5776,,,,,,,,,,,,,,
27.2,45.9,1.6316,,,,,,,,,,,,,,
27.3,45.7,1.6308,,,,,,,,,,,,,,
27.0,47.1,1.6573,,,,,,,,,,,,,,
23.7,69.3,2.0042,,,,,,,,,,,,,,
23.8,63.5,1.8495,,,,,,,,,,,,,,
24.7,56.9,1.7390,,,,,,,,,,,,,,
25.0,53.1,1.6541,,,,,,,,,,,,,,
24.1,59.6,1.7657,,,,,,,,,,,,,,
22.5,69.1,1.8578,,,,,,,,,,,,,,
23.4,64.4,1.8350,,,,,,,,,,,,,,
24.4,57.9,1.7476,,,,,,,,,,,,,,
24.5,56.9,1.7225,,,,,,,,,,,,,,
24.9,54.8,1.7063,,,,,,,,,,,,,,
27.0,47.4,1.6661,,,,,,,,,,,,,,
27.6,43.7,1.5877,,,,,,,,,,,,,,
28.2,42.6,1.6062,,,,,,,,,,,,,,
29.1,40.8,1.6203,,,,,,,,,,,,,,
29.8,38.6,1.5911,,,,,,,,,,,,,,
31.5,34.5,1.5666,,,,,,,,,,,,,,
31.2,36.3,1.6217,,,,,,,,,,,,,,
30.0,41.3,1.7259,,,,,,,,,,,,,,
27.6,47.5,1.7266,,,,,,,,,,,,,,
28.8,41.3,1.6164,,,,,,,,,,,,,,
28.5,41.6,1.5959,,,,,,,,,,,,,,
27.7,43.4,1.5833,,,,,,,,,,,,,,
27.3,44.1,1.5751,,,,,,,,,,,,,,
26.9,45.5,1.5926,,,,,,,,,,,,,,
26.6,47.2,1.6160,,,,,,,,,,,,,,
26.0,48.0,1.5882,,,,,,,,,,,,,,
26.2,45.7,1.5324,,,,,,,,,,,,,,
25.9,46.3,1.5240,,,,,,,,,,,,,,
25.6,46.8,1.5111,,,,,,,,,,,,,,
25.3,47.6,1.5159,,,,,,,,,,,,,,
25.4,48.5,1.5507,,,,,,,,,,,,,,
26.5,46.3,1.5768,,,,,,,,,,,,,,
27.9,42.7,1.5754,,,,,,,,,,,,,,
28.8,38.9,1.5184,,,,,,,,,,,,,,
31.7,31.5,1.4487,,,,,,,,,,,,,,
33.9,26.9,1.3964,,,,,,,,,,,,,,
34.7,26.5,1.4408,,,,,,,,,,,,,,
35.4,24.8,1.4017,,,,,,,,,,,,,,
35.2,24.1,1.3510,,,,,,,,,,,,,,
36.3,22.8,1.3564,,,,,,,,,,,,,,
35.4,23.8,1.3443,,,,,,,,,,,,,,
34.6,23.5,1.2691,,,,,,,,,,,,,,
33.0,28.2,1.3921,,,,,,,,,,,,,,
32.5,27.9,1.3373,,,,,,,,,,,,,,
30.5,29.9,1.2875,,,,,,,,,,,,,,
29.1,33.1,1.3126,,,,,,,,,,,,,,
28.4,35.8,1.3665,,,,,,,,,,,,,,
27.7,37.9,1.3842,,,,,,,,,,,,,,
28.3,35.5,1.3414,,,,,,,,,,,,,,
27.1,38.6,1.3632,,,,,,,,,,,,,,
25.8,40.9,1.3377,,,,,,,,,,,,,,
26.0,40.6,1.3467,,,,,,,,,,,,,,
24.6,43.4,1.3248,,,,,,,,,,,,,,
25.1,42.3,1.3260,,,,,,,,,,,,,,
23.1,48.8,1.3638,,,,,,,,,,,,,,
24.7,46.8,1.4337,,,,,,,,,,,,,,
24.6,45.1,1.3714,,,,,,,,,,,,,,
26.2,38.5,1.2932,,,,,,,,,,,,,,
29.3,31.0,1.2445,,,,,,,,,,,,,,
31.2,26.6,1.1920,,,,,,,,,,,,,,
31.1,26.2,1.1619,,,,,,,,,,,,,,
31.7,26.4,1.2153,,,,,,,,,,,,,,
31.7,25.6,1.1790,,,,,,,,,,,,,,
32.6,22.5,1.0901,,,,,,,,,,,,,,
32.8,22.2,1.0835,,,,,,,,,,,,,,
32.4,22.4,1.0701,,,,,,,,,,,,,,
31.4,22.7,1.0270,,,,,,,,,,,,,,
28.4,24.7,0.9404,,,,,,,,,,,,,,
27.7,24.2,0.8820,,,,,,,,,,,,,,
26.1,28.3,0.9456,,,,,,,,,,,,,,
25.3,28.4,0.9041,,,,,,,,,,,,,,
25.2,27.7,0.8740,,,,,,,,,,,,,,
24.5,28.0,0.8489,,,,,,,,,,,,,,
23.6,31.9,0.9195,,,,,,,,,,,,,,
22.8,34.7,0.9514,,,,,,,,,,,,,,
23.6,33.2,0.9577,,,,,,,,,,,,,,
20.5,41.2,0.9802,,,,,,,,,,,,,,
20.6,41.5,0.9982,,,,,,,,,,,,,,
20.2,42.5,0.9949,,,,,,,,,,,,,,
20.9,40.4,0.9884,,,,,,,,,,,,,,
22.4,38.0,1.0201,,,,,,,,,,,,,,
26.0,29.7,0.9831,,,,,,,,,,,,,,
31.4,18.6,0.8398,,,,,,,,,,,,,,
34.2,15.8,0.8371,,,,,,,,,,,,,,
35.4,15.3,0.8649,,,,,,,,,,,,,,
34.6,15.5,0.8435,,,,,,,,,,,,,,
33.9,16.2,0.8454,,,,,,,,,,,,,,
35.3,15.0,0.8463,,,,,,,,,,,,,,
36.8,13.7,0.8335,,,,,,,,,,,,,,
34.4,16.4,0.8761,,,,,,,,,,,,,,
35.3,16.8,0.9448,,,,,,,,,,,,,,
32.3,20.7,0.9875,,,,,,,,,,,,,,
29.6,26.1,1.0682,,,,,,,,,,,,,,
28.6,27.2,1.0480,,,,,,,,,,,,,,
27.6,27.4,0.9926,,,,,,,,,,,,,,
26.3,29.0,0.9807,,,,,,,,,,,,,,
25.4,30.1,0.9602,,,,,,,,,,,,,,
24.7,32.1,0.9878,,,,,,,,,,,,,,
25.7,30.9,1.0048,,,,,,,,,,,,,,
25.1,32.6,1.0203,,,,,,,,,,,,,,
23.9,34.4,1.0079,,,,,,,,,,,,,,
21.4,40.3,1.0157,,,,,,,,,,,,,,
21.2,41.2,1.0246,,,,,,,,,,,,,,
21.6,40.9,1.0468,,,,,,,,,,,,,,
24.0,36.6,1.0763,,,,,,,,,,,,,,
26.8,29.5,1.0209,,,,,,,,,,,,,,
31.8,19.4,0.8936,,,,,,,,,,,,,,
34.4,16.6,0.8892,,,,,,,,,,,,,,
35.3,16.7,0.9402,,,,,,,,,,,,,,
36.4,16.8,1.0033,,,,,,,,,,,,,,
34.8,19.5,1.0667,,,,,,,,,,,,,,
38.6,16.1,1.0853,,,,,,,,,,,,,,
38.5,16.5,1.1037,,,,,,,,,,,,,,
37.4,18.1,1.1467,,,,,,,,,,,,,,
35.7,19.8,1.1399,,,,,,,,,,,,,,
32.0,24.9,1.1663,,,,,,,,,,,,,,
29.7,28.1,1.1544,,,,,,,,,,,,,,
28.5,32.1,1.2296,,,,,,,,,,,,,,
27.6,40.5,1.4715,,,,,,,,,,,,,,
26.3,45.6,1.5349,,,,,,,,,,,,,,
25.7,46.1,1.5025,,,,,,,,,,,,,,
25.1,46.3,1.4486,,,,,,,,,,,,,,
23.5,51.3,1.4670,,,,,,,,,,,,,,
23.1,52.1,1.4518,,,,,,,,,,,,,,
23.7,51.2,1.4795,,,,,,,,,,,,,,
23.0,52.2,1.4516,,,,,,,,,,,,,,
23.0,49.9,1.3849,,,,,,,,,,,,,,
23.0,50.9,1.4105,,,,,,,,,,,,,,
24.4,49.3,1.4814,,,,,,,,,,,,,,
26.8,46.6,1.6157,,,,,,,,,,,,,,
32.2,32.6,1.5412,,,,,,,,,,,,,,
34.8,26.0,1.4241,,,,,,,,,,,,,,
36.1,24.8,1.4628,,,,,,,,,,,,,,
37.7,21.8,1.3977,,,,,,,,,,,,,,
36.9,21.8,1.3384,,,,,,,,,,,,,,
39.1,18.7,1.2884,,,,,,,,,,,,,,
39.3,18.9,1.3180,,,,,,,,,,,,,,
38.2,21.8,1.4312,,,,,,,,,,,,,,
36.6,23.3,1.4042,,,,,,,,,,,,,,
33.3,28.7,1.4454,,,,,,,,,,,,,,
30.9,34.2,1.5064,,,,,,,,,,,,,,
29.1,38.9,1.5384,,,,,,,,,,,,,,
28.1,40.3,1.5086,,,,,,,,,,,,,,
27.0,41.6,1.4596,,,,,,,,,,,,,,
-200,-200,-200,,,,,,,,,,,,,,
25.7,46.8,1.5230,,,,,,,,,,,,,,
25.1,51.1,1.6044,,,,,,,,,,,,,,
23.7,56.5,1.6341,,,,,,,,,,,,,,
23.8,55.3,1.6068,,,,,,,,,,,,,,
23.7,54.6,1.5823,,,,,,,,,,,,,,
22.6,58.8,1.5903,,,,,,,,,,,,,,
24.0,53.4,1.5748,,,,,,,,,,,,,,
25.2,51.0,1.6131,,,,,,,,,,,,,,
27.3,47.1,1.6807,,,,,,,,,,,,,,
32.8,33.4,1.6330,,,,,,,,,,,,,,
36.0,28.0,1.6304,,,,,,,,,,,,,,
38.5,23.8,1.5944,,,,,,,,,,,,,,
39.8,20.5,1.4687,,,,,,,,,,,,,,
38.1,22.0,1.4402,,,,,,,,,,,,,,
40.0,20.0,1.4517,,,,,,,,,,,,,,
40.4,19.8,1.4724,,,,,,,,,,,,,,
39.1,20.7,1.4270,,,,,,,,,,,,,,
37.3,24.3,1.5222,,,,,,,,,,,,,,
34.0,30.9,1.6158,,,,,,,,,,,,,,
31.8,34.5,1.5911,,,,,,,,,,,,,,
30.1,37.7,1.5799,,,,,,,,,,,,,,
28.6,42.3,1.6251,,,,,,,,,,,,,,
27.7,44.6,1.6304,,,,,,,,,,,,,,
26.6,47.5,1.6265,,,,,,,,,,,,,,
25.7,50.7,1.6491,,,,,,,,,,,,,,
25.1,53.9,1.6890,,,,,,,,,,,,,,
24.8,58.7,1.8089,,,,,,,,,,,,,,
23.5,63.6,1.8223,,,,,,,,,,,,,,
24.3,59.4,1.7838,,,,,,,,,,,,,,
23.3,62.0,1.7547,,,,,,,,,,,,,,
24.1,63.1,1.8619,,,,,,,,,,,,,,
25.0,60.7,1.8920,,,,,,,,,,,,,,
27.3,52.4,1.8707,,,,,,,,,,,,,,
32.4,37.3,1.7808,,,,,,,,,,,,,,
35.4,31.3,1.7736,,,,,,,,,,,,,,
37.4,28.2,1.7808,,,,,,,,,,,,,,
39.2,20.2,1.4104,,,,,,,,,,,,,,
38.1,18.5,1.2141,,,,,,,,,,,,,,
40.2,17.7,1.2989,,,,,,,,,,,,,,
39.7,19.1,1.3646,,,,,,,,,,,,,,
38.5,19.8,1.3260,,,,,,,,,,,,,,
36.6,24.6,1.4872,,,,,,,,,,,,,,
33.1,32.7,1.6200,,,,,,,,,,,,,,
30.7,38.7,1.6780,,,,,,,,,,,,,,
29.5,42.7,1.7316,,,,,,,,,,,,,,
27.8,52.6,1.9398,,,,,,,,,,,,,,
27.4,55.5,1.9998,,,,,,,,,,,,,,
27.3,57.1,2.0426,,,,,,,,,,,,,,
26.7,60.1,2.0670,,,,,,,,,,,,,,
26.2,61.6,2.0575,,,,,,,,,,,,,,
25.5,62.8,2.0236,,,,,,,,,,,,,,
25.5,61.8,1.9831,,,,,,,,,,,,,,
25.1,62.4,1.9602,,,,,,,,,,,,,,
24.6,62.7,1.9158,,,,,,,,,,,,,,
25.7,58.9,1.9156,,,,,,,,,,,,,,
27.1,54.4,1.9206,,,,,,,,,,,,,,
28.4,50.7,1.9329,,,,,,,,,,,,,,
32.7,36.9,1.7953,,,,,,,,,,,,,,
34.0,32.7,1.7146,,,,,,,,,,,,,,
35.6,29.2,1.6684,,,,,,,,,,,,,,
37.1,25.6,1.5868,,,,,,,,,,,,,,
36.1,26.4,1.5505,,,,,,,,,,,,,,
37.9,23.8,1.5392,,,,,,,,,,,,,,
38.0,22.2,1.4483,,,,,,,,,,,,,,
36.9,22.7,1.3887,,,,,,,,,,,,,,
35.5,25.7,1.4626,,,,,,,,,,,,,,
32.8,32.2,1.5779,,,,,,,,,,,,,,
30.5,38.2,1.6376,,,,,,,,,,,,,,
28.8,43.5,1.6989,,,,,,,,,,,,,,
28.0,46.2,1.7210,,,,,,,,,,,,,,
27.1,49.4,1.7398,,,,,,,,,,,,,,
26.4,52.2,1.7708,,,,,,,,,,,,,,
26.2,52.3,1.7561,,,,,,,,,,,,,,
27.1,47.4,1.6809,,,,,,,,,,,,,,
28.0,45.2,1.6832,,,,,,,,,,,,,,
25.8,50.9,1.6605,,,,,,,,,,,,,,
27.2,47.2,1.6803,,,,,,,,,,,,,,
27.0,48.3,1.6946,,,,,,,,,,,,,,
25.9,51.5,1.7000,,,,,,,,,,,,,,
27.4,48.6,1.7447,,,,,,,,,,,,,,
29.1,45.5,1.7998,,,,,,,,,,,,,,
32.8,36.9,1.8030,,,,,,,,,,,,,,
34.7,32.1,1.7410,,,,,,,,,,,,,,
33.7,35.1,1.8022,,,,,,,,,,,,,,
35.1,32.4,1.7996,,,,,,,,,,,,,,
35.4,30.9,1.7505,,,,,,,,,,,,,,
36.5,28.7,1.7256,,,,,,,,,,,,,,
38.0,24.7,1.6073,,,,,,,,,,,,,,
37.5,24.4,1.5515,,,,,,,,,,,,,,
35.5,28.9,1.6468,,,,,,,,,,,,,,
31.9,37.5,1.7442,,,,,,,,,,,,,,
30.1,45.0,1.8891,,,,,,,,,,,,,,
28.8,48.9,1.9105,,,,,,,,,,,,,,
28.8,48.8,1.9039,,,,,,,,,,,,,,
28.0,49.0,1.8237,,,,,,,,,,,,,,
27.5,51.5,1.8664,,,,,,,,,,,,,,
27.3,51.5,1.8440,,,,,,,,,,,,,,
26.7,53.3,1.8366,,,,,,,,,,,,,,
25.9,55.1,1.8117,,,,,,,,,,,,,,
27.0,51.8,1.8147,,,,,,,,,,,,,,
26.8,50.9,1.7693,,,,,,,,,,,,,,
25.0,57.0,1.7792,,,,,,,,,,,,,,
26.2,52.8,1.7729,,,,,,,,,,,,,,
28.3,47.6,1.7981,,,,,,,,,,,,,,
29.9,42.1,1.7474,,,,,,,,,,,,,,
33.0,35.4,1.7504,,,,,,,,,,,,,,
35.6,30.6,1.7493,,,,,,,,,,,,,,
37.1,27.9,1.7309,,,,,,,,,,,,,,
37.9,25.7,1.6651,,,,,,,,,,,,,,
37.2,23.6,1.4764,,,,,,,,,,,,,,
39.1,21.7,1.5031,,,,,,,,,,,,,,
39.3,22.0,1.5366,,,,,,,,,,,,,,
38.2,23.8,1.5666,,,,,,,,,,,,,,
34.0,33.2,1.7395,,,,,,,,,,,,,,
25.5,58.6,1.8891,,,,,,,,,,,,,,
27.2,46.0,1.6376,,,,,,,,,,,,,,
27.6,45.2,1.6479,,,,,,,,,,,,,,
25.4,52.7,1.6867,,,,,,,,,,,,,,
26.1,49.4,1.6491,,,,,,,,,,,,,,
25.0,53.6,1.6721,,,,,,,,,,,,,,
25.4,52.9,1.6980,,,,,,,,,,,,,,
25.4,54.4,1.7384,,,,,,,,,,,,,,
25.4,54.6,1.7432,,,,,,,,,,,,,,
24.5,57.1,1.7327,,,,,,,,,,,,,,
22.8,63.7,1.7392,,,,,,,,,,,,,,
22.6,64.1,1.7358,,,,,,,,,,,,,,
24.3,58.0,1.7429,,,,,,,,,,,,,,
26.5,50.4,1.7215,,,,,,,,,,,,,,
28.1,45.4,1.6970,,,,,,,,,,,,,,
31.7,36.7,1.6843,,,,,,,,,,,,,,
35.8,28.7,1.6626,,,,,,,,,,,,,,
36.8,27.2,1.6623,,,,,,,,,,,,,,
38.3,24.5,1.6220,,,,,,,,,,,,,,
34.2,30.8,1.6299,,,,,,,,,,,,,,
28.7,51.4,1.9871,,,,,,,,,,,,,,
23.9,69.1,2.0202,,,,,,,,,,,,,,
21.5,78.8,1.9939,,,,,,,,,,,,,,
21.6,78.5,1.9940,,,,,,,,,,,,,,
21.5,78.4,1.9818,,,,,,,,,,,,,,
20.8,80.9,1.9637,,,,,,,,,,,,,,
20.7,81.8,1.9717,,,,,,,,,,,,,,
23.1,70.1,1.9582,,,,,,,,,,,,,,
22.7,68.4,1.8627,,,,,,,,,,,,,,
22.1,72.6,1.9105,,,,,,,,,,,,,,
21.8,74.1,1.9150,,,,,,,,,,,,,,
21.9,72.8,1.8944,,,,,,,,,,,,,,
21.7,73.2,1.8763,,,,,,,,,,,,,,
21.4,75.5,1.9033,,,,,,,,,,,,,,
21.4,75.5,1.9069,,,,,,,,,,,,,,
21.9,74.9,1.9396,,,,,,,,,,,,,,
22.0,75.9,1.9817,,,,,,,,,,,,,,
22.5,74.9,2.0190,,,,,,,,,,,,,,
24.5,66.2,2.0011,,,,,,,,,,,,,,
25.6,61.2,1.9808,,,,,,,,,,,,,,
29.3,48.4,1.9367,,,,,,,,,,,,,,
33.5,36.0,1.8395,,,,,,,,,,,,,,
35.6,29.8,1.7045,,,,,,,,,,,,,,
33.7,33.4,1.7186,,,,,,,,,,,,,,
34.1,33.3,1.7509,,,,,,,,,,,,,,
31.5,43.5,1.9797,,,,,,,,,,,,,,
32.5,40.6,1.9481,,,,,,,,,,,,,,
29.8,45.2,1.8642,,,,,,,,,,,,,,
27.7,49.9,1.8189,,,,,,,,,,,,,,
26.4,54.6,1.8459,,,,,,,,,,,,,,
25.5,58.0,1.8611,,,,,,,,,,,,,,
25.1,59.9,1.8797,,,,,,,,,,,,,,
24.1,63.5,1.8828,,,,,,,,,,,,,,
23.8,65.0,1.8897,,,,,,,,,,,,,,
23.4,64.9,1.8430,,,,,,,,,,,,,,
24.4,58.6,1.7714,,,,,,,,,,,,,,
23.3,63.3,1.7895,,,,,,,,,,,,,,
21.9,67.1,1.7414,,,,,,,,,,,,,,
23.6,61.2,1.7588,,,,,,,,,,,,,,
22.6,63.4,1.7136,,,,,,,,,,,,,,
22.9,62.6,1.7253,,,,,,,,,,,,,,
23.3,61.8,1.7504,,,,,,,,,,,,,,
25.4,56.2,1.7961,,,,,,,,,,,,,,
30.6,41.9,1.8104,,,,,,,,,,,,,,
33.5,34.0,1.7300,,,,,,,,,,,,,,
35.5,29.8,1.7004,,,,,,,,,,,,,,
37.5,24.7,1.5637,,,,,,,,,,,,,,
35.1,25.2,1.4020,,,,,,,,,,,,,,
38.1,21.1,1.3863,,,,,,,,,,,,,,
38.5,21.8,1.4653,,,,,,,,,,,,,,
36.8,29.5,1.8037,,,,,,,,,,,,,,
34.9,33.4,1.8384,,,,,,,,,,,,,,
32.2,37.4,1.7655,,,,,,,,,,,,,,
29.7,41.7,1.7081,,,,,,,,,,,,,,
27.7,47.4,1.7344,,,,,,,,,,,,,,
27.3,49.4,1.7602,,,,,,,,,,,,,,
26.3,51.3,1.7251,,,,,,,,,,,,,,
25.7,54.1,1.7546,,,,,,,,,,,,,,
25.4,55.1,1.7628,,,,,,,,,,,,,,
24.9,57.3,1.7822,,,,,,,,,,,,,,
24.1,61.8,1.8339,,,,,,,,,,,,,,
23.9,61.2,1.7871,,,,,,,,,,,,,,
23.8,61.3,1.7881,,,,,,,,,,,,,,
23.4,61.7,1.7495,,,,,,,,,,,,,,
24.3,58.4,1.7508,,,,,,,,,,,,,,
25.1,56.6,1.7798,,,,,,,,,,,,,,
27.3,51.3,1.8350,,,,,,,,,,,,,,
29.5,45.9,1.8662,,,,,,,,,,,,,,
27.6,52.4,1.9055,,,,,,,,,,,,,,
25.4,68.0,2.1806,,,,,,,,,,,,,,
32.2,40.3,1.8999,,,,,,,,,,,,,,
31.6,38.9,1.7838,,,,,,,,,,,,,,
33.0,37.3,1.8481,,,,,,,,,,,,,,
35.1,32.1,1.7841,,,,,,,,,,,,,,
35.0,31.1,1.7173,,,,,,,,,,,,,,
33.8,32.1,1.6596,,,,,,,,,,,,,,
31.1,38.8,1.7295,,,,,,,,,,,,,,
29.0,46.1,1.8141,,,,,,,,,,,,,,
28.1,50.6,1.8969,,,,,,,,,,,,,,
27.1,54.7,1.9284,,,,,,,,,,,,,,
26.6,56.4,1.9349,,,,,,,,,,,,,,
25.8,60.4,1.9759,,,,,,,,,,,,,,
25.5,61.6,1.9804,,,,,,,,,,,,,,
24.9,63.5,1.9647,,,,,,,,,,,,,,
24.3,65.1,1.9475,,,,,,,,,,,,,,
23.8,65.7,1.9079,,,,,,,,,,,,,,
23.2,68.0,1.9045,,,,,,,,,,,,,,
23.2,67.5,1.8990,,,,,,,,,,,,,,
24.3,63.3,1.8929,,,,,,,,,,,,,,
25.5,59.7,1.9193,,,,,,,,,,,,,,
27.7,52.5,1.9138,,,,,,,,,,,,,,
31.8,38.9,1.8005,,,,,,,,,,,,,,
32.7,34.1,1.6592,,,,,,,,,,,,,,
34.3,31.5,1.6745,,,,,,,,,,,,,,
34.2,31.5,1.6675,,,,,,,,,,,,,,
33.9,32.3,1.6809,,,,,,,,,,,,,,
34.4,31.9,1.7005,,,,,,,,,,,,,,
-200,-200,-200,,,,,,,,,,,,,,
-200,-200,-200,,,,,,,,,,,,,,
-200,-200,-200,,,,,,,,,,,,,,
-200,-200,-200,,,,,,,,,,,,,,
29.8,41.7,1.7167,,,,,,,,,,,,,,
28.8,45.9,1.7884,,,,,,,,,,,,,,
28.2,51.1,1.9221,,,,,,,,,,,,,,
27.5,54.4,1.9705,,,,,,,,,,,,,,
27.4,55.0,1.9827,,,,,,,,,,,,,,
28.1,51.6,1.9269,,,,,,,,,,,,,,
26.3,56.5,1.9027,,,,,,,,,,,,,,
24.4,65.0,1.9612,,,,,,,,,,,,,,
24.4,63.6,1.9218,,,,,,,,,,,,,,
23.5,67.4,1.9305,,,,,,,,,,,,,,
23.4,65.7,1.8720,,,,,,,,,,,,,,
24.5,61.3,1.8522,,,,,,,,,,,,,,
26.0,55.8,1.8536,,,,,,,,,,,,,,
28.5,48.5,1.8607,,,,,,,,,,,,,,
33.6,35.7,1.8229,,,,,,,,,,,,,,
36.5,28.9,1.7359,,,,,,,,,,,,,,
39.0,23.7,1.6346,,,,,,,,,,,,,,
38.8,23.7,1.6093,,,,,,,,,,,,,,
38.0,24.0,1.5686,,,,,,,,,,,,,,
40.5,23.3,1.7416,,,,,,,,,,,,,,
39.8,25.4,1.8213,,,,,,,,,,,,,,
39.6,23.3,1.6535,,,,,,,,,,,,,,
38.8,24.7,1.6772,,,,,,,,,,,,,,
34.7,35.9,1.9528,,,,,,,,,,,,,,
32.3,43.6,2.0700,,,,,,,,,,,,,,
30.7,48.1,2.0821,,,,,,,,,,,,,,
29.5,50.6,2.0492,,,,,,,,,,,,,,
28.8,52.0,2.0297,,,,,,,,,,,,,,
28.2,55.0,2.0697,,,,,,,,,,,,,,
27.2,59.1,2.0997,,,,,,,,,,,,,,
26.7,60.7,2.0977,,,,,,,,,,,,,,
26.9,60.3,2.1074,,,,,,,,,,,,,,
26.4,61.6,2.0931,,,,,,,,,,,,,,
25.9,63.6,2.1020,,,,,,,,,,,,,,
26.1,63.7,2.1170,,,,,,,,,,,,,,
26.8,60.5,2.1008,,,,,,,,,,,,,,
27.9,56.5,2.0895,,,,,,,,,,,,,,
29.8,51.1,2.1054,,,,,,,,,,,,,,
33.6,41.0,2.0995,,,,,,,,,,,,,,
35.1,38.1,2.1144,,,,,,,,,,,,,,
36.2,34.9,2.0578,,,,,,,,,,,,,,
38.0,30.7,2.0022,,,,,,,,,,,,,,
36.6,30.8,1.8617,,,,,,,,,,,,,,
38.8,25.4,1.7282,,,,,,,,,,,,,,
38.7,25.8,1.7426,,,,,,,,,,,,,,
37.4,29.9,1.8848,,,,,,,,,,,,,,
36.2,31.1,1.8371,,,,,,,,,,,,,,
33.8,34.5,1.7788,,,,,,,,,,,,,,
31.4,40.7,1.8377,,,,,,,,,,,,,,
30.8,45.0,1.9733,,,,,,,,,,,,,,
29.4,50.0,2.0181,,,,,,,,,,,,,,
28.1,54.1,2.0290,,,,,,,,,,,,,,
27.3,57.8,2.0646,,,,,,,,,,,,,,
26.7,60.6,2.0942,,,,,,,,,,,,,,
25.9,64.5,2.1247,,,,,,,,,,,,,,
25.6,63.5,2.0566,,,,,,,,,,,,,,
26.7,61.0,2.1010,,,,,,,,,,,,,,
25.8,64.6,2.1195,,,,,,,,,,,,,,
26.5,60.6,2.0630,,,,,,,,,,,,,,
26.4,61.7,2.0929,,,,,,,,,,,,,,
27.5,60.1,2.1719,,,,,,,,,,,,,,
29.4,53.1,2.1362,,,,,,,,,,,,,,
33.4,39.9,2.0177,,,,,,,,,,,,,,
33.2,39.2,1.9642,,,,,,,,,,,,,,
34.5,35.1,1.8856,,,,,,,,,,,,,,
37.1,30.5,1.8962,,,,,,,,,,,,,,
35.9,32.1,1.8697,,,,,,,,,,,,,,
37.3,28.0,1.7537,,,,,,,,,,,,,,
38.1,26.3,1.7252,,,,,,,,,,,,,,
37.1,27.2,1.6844,,,,,,,,,,,,,,
35.2,31.2,1.7485,,,,,,,,,,,,,,
32.1,38.7,1.8190,,,,,,,,,,,,,,
30.3,45.1,1.9129,,,,,,,,,,,,,,
29.3,50.2,2.0127,,,,,,,,,,,,,,
28.6,53.7,2.0691,,,,,,,,,,,,,,
27.8,57.4,2.1107,,,,,,,,,,,,,,
27.4,59.4,2.1395,,,,,,,,,,,,,,
27.2,59.3,2.1059,,,,,,,,,,,,,,
26.7,61.0,2.1005,,,,,,,,,,,,,,
26.0,62.7,2.0737,,,,,,,,,,,,,,
25.4,63.1,2.0184,,,,,,,,,,,,,,
26.1,60.3,2.0120,,,,,,,,,,,,,,
25.2,67.1,2.1164,,,,,,,,,,,,,,
26.0,61.9,2.0511,,,,,,,,,,,,,,
27.0,57.5,2.0183,,,,,,,,,,,,,,
30.5,44.4,1.9076,,,,,,,,,,,,,,
33.4,35.1,1.7810,,,,,,,,,,,,,,
35.7,29.0,1.6716,,,,,,,,,,,,,,
35.8,27.7,1.6041,,,,,,,,,,,,,,
36.3,27.4,1.6264,,,,,,,,,,,,,,
33.6,28.8,1.4695,,,,,,,,,,,,,,
35.2,20.5,1.1418,,,,,,,,,,,,,,
35.0,22.4,1.2371,,,,,,,,,,,,,,
34.0,25.2,1.3140,,,,,,,,,,,,,,
32.0,28.2,1.3204,,,,,,,,,,,,,,
29.4,34.4,1.3899,,,,,,,,,,,,,,
28.1,41.1,1.5350,,,,,,,,,,,,,,
26.9,47.5,1.6595,,,,,,,,,,,,,,
26.6,50.4,1.7240,,,,,,,,,,,,,,
25.9,52.9,1.7478,,,,,,,,,,,,,,
25.4,54.6,1.7483,,,,,,,,,,,,,,
25.1,55.7,1.7471,,,,,,,,,,,,,,
25.1,55.3,1.7330,,,,,,,,,,,,,,
25.0,56.0,1.7428,,,,,,,,,,,,,,
25.2,55.0,1.7405,,,,,,,,,,,,,,
25.6,53.5,1.7291,,,,,,,,,,,,,,
24.7,55.9,1.7114,,,,,,,,,,,,,,
24.0,57.2,1.6835,,,,,,,,,,,,,,
25.0,53.2,1.6630,,,,,,,,,,,,,,
28.0,43.4,1.6162,,,,,,,,,,,,,,
31.6,35.5,1.6269,,,,,,,,,,,,,,
35.0,29.0,1.6017,,,,,,,,,,,,,,
35.3,27.6,1.5512,,,,,,,,,,,,,,
36.2,24.1,1.4235,,,,,,,,,,,,,,
34.8,24.5,1.3373,,,,,,,,,,,,,,
38.2,19.6,1.2915,,,,,,,,,,,,,,
38.9,20.3,1.3820,,,,,,,,,,,,,,
36.9,27.1,1.6683,,,,,,,,,,,,,,
35.2,32.1,1.7898,,,,,,,,,,,,,,
32.0,38.2,1.7880,,,,,,,,,,,,,,
29.8,41.8,1.7269,,,,,,,,,,,,,,
28.2,45.9,1.7272,,,,,,,,,,,,,,
27.1,48.2,1.7075,,,,,,,,,,,,,,
26.7,49.5,1.7048,,,,,,,,,,,,,,
26.1,50.8,1.6917,,,,,,,,,,,,,,
25.7,52.5,1.7077,,,,,,,,,,,,,,
24.8,55.4,1.7054,,,,,,,,,,,,,,
23.8,57.5,1.6723,,,,,,,,,,,,,,
22.4,62.2,1.6648,,,,,,,,,,,,,,
22.5,61.8,1.6654,,,,,,,,,,,,,,
22.7,59.2,1.6139,,,,,,,,,,,,,,
23.0,58.4,1.6223,,,,,,,,,,,,,,
23.9,56.3,1.6489,,,,,,,,,,,,,,
26.3,50.1,1.6889,,,,,,,,,,,,,,
32.1,34.0,1.6039,,,,,,,,,,,,,,
35.8,25.7,1.4861,,,,,,,,,,,,,,
38.3,19.8,1.3067,,,,,,,,,,,,,,
37.3,20.5,1.2860,,,,,,,,,,,,,,
36.3,18.4,1.0976,,,,,,,,,,,,,,
36.8,16.9,1.0347,,,,,,,,,,,,,,
37.9,15.9,1.0296,,,,,,,,,,,,,,
36.7,17.1,1.0398,,,,,,,,,,,,,,
33.8,21.9,1.1303,,,,,,,,,,,,,,
32.6,24.6,1.1885,,,,,,,,,,,,,,
30.6,28.4,1.2247,,,,,,,,,,,,,,
29.4,30.5,1.2288,,,,,,,,,,,,,,
28.4,34.4,1.3140,,,,,,,,,,,,,,
28.3,34.1,1.2951,,,,,,,,,,,,,,
27.8,35.2,1.2968,,,,,,,,,,,,,,
25.3,39.7,1.2656,,,,,,,,,,,,,,
24.5,41.5,1.2589,,,,,,,,,,,,,,
24.8,39.8,1.2231,,,,,,,,,,,,,,
23.3,41.9,1.1856,,,,,,,,,,,,,,
21.5,45.6,1.1558,,,,,,,,,,,,,,
21.3,47.0,1.1793,,,,,,,,,,,,,,
22.2,45.0,1.1867,,,,,,,,,,,,,,
23.6,40.8,1.1746,,,,,,,,,,,,,,
27.1,32.4,1.1462,,,,,,,,,,,,,,
33.4,20.1,1.0142,,,,,,,,,,,,,,
35.3,17.0,0.9546,,,,,,,,,,,,,,
37.4,14.7,0.9295,,,,,,,,,,,,,,
38.6,14.6,0.9821,,,,,,,,,,,,,,
35.8,17.8,1.0274,,,,,,,,,,,,,,
38.4,16.4,1.0957,,,,,,,,,,,,,,
39.7,15.3,1.0963,,,,,,,,,,,,,,
38.8,15.8,1.0706,,,,,,,,,,,,,,
35.2,22.3,1.2467,,,,,,,,,,,,,,
31.7,28.2,1.2962,,,,,,,,,,,,,,
30.4,30.9,1.3219,,,,,,,,,,,,,,
29.5,32.1,1.3005,,,,,,,,,,,,,,
28.0,34.9,1.2989,,,,,,,,,,,,,,
28.2,36.6,1.3722,,,,,,,,,,,,,,
26.5,40.7,1.3873,,,,,,,,,,,,,,
28.3,36.7,1.3878,,,,,,,,,,,,,,
25.7,43.8,1.4233,,,,,,,,,,,,,,
24.3,49.0,1.4666,,,,,,,,,,,,,,
24.3,48.3,1.4449,,,,,,,,,,,,,,
23.6,49.2,1.4153,,,,,,,,,,,,,,
22.2,53.9,1.4201,,,,,,,,,,,,,,
22.5,52.3,1.4100,,,,,,,,,,,,,,
24.3,47.8,1.4321,,,,,,,,,,,,,,
27.3,40.7,1.4548,,,,,,,,,,,,,,
33.3,28.2,1.4189,,,,,,,,,,,,,,
35.3,23.1,1.2989,,,,,,,,,,,,,,
36.1,21.3,1.2502,,,,,,,,,,,,,,
38.5,18.0,1.2055,,,,,,,,,,,,,,
36.5,20.8,1.2446,,,,,,,,,,,,,,
38.8,19.1,1.3035,,,,,,,,,,,,,,
38.8,19.8,1.3513,,,,,,,,,,,,,,
38.1,19.7,1.2928,,,,,,,,,,,,,,
36.1,20.7,1.2151,,,,,,,,,,,,,,
32.8,24.3,1.1894,,,,,,,,,,,,,,
30.4,29.8,1.2712,,,,,,,,,,,,,,
29.1,33.6,1.3314,,,,,,,,,,,,,,
28.6,35.7,1.3726,,,,,,,,,,,,,,
28.0,36.1,1.3425,,,,,,,,,,,,,,
25.8,39.5,1.2949,,,,,,,,,,,,,,
25.1,40.1,1.2544,,,,,,,,,,,,,,
24.4,42.5,1.2854,,,,,,,,,,,,,,
23.0,46.2,1.2783,,,,,,,,,,,,,,
22.5,46.7,1.2610,,,,,,,,,,,,,,
22.9,45.7,1.2621,,,,,,,,,,,,,,
23.8,41.8,1.2149,,,,,,,,,,,,,,
24.4,42.6,1.2866,,,,,,,,,,,,,,
27.3,36.8,1.3189,,,,,,,,,,,,,,
29.6,35.4,1.4426,,,,,,,,,,,,,,
34.6,28.3,1.5338,,,,,,,,,,,,,,
33.1,32.6,1.6188,,,,,,,,,,,,,,
33.3,33.1,1.6642,,,,,,,,,,,,,,
34.6,30.1,1.6296,,,,,,,,,,,,,,
34.9,29.5,1.6275,,,,,,,,,,,,,,
35.6,28.5,1.6293,,,,,,,,,,,,,,
36.4,27.1,1.6226,,,,,,,,,,,,,,
36.8,26.2,1.5984,,,,,,,,,,,,,,
36.4,26.8,1.6038,,,,,,,,,,,,,,
33.3,32.8,1.6527,,,,,,,,,,,,,,
31.3,39.5,1.7798,,,,,,,,,,,,,,
29.9,44.7,1.8511,,,,,,,,,,,,,,
29.1,48.4,1.9186,,,,,,,,,,,,,,
28.0,52.9,1.9640,,,,,,,,,,,,,,
27.7,53.0,1.9423,,,,,,,,,,,,,,
27.7,52.6,1.9202,,,,,,,,,,,,,,
28.3,49.5,1.8782,,,,,,,,,,,,,,
28.8,49.0,1.9112,,,,,,,,,,,,,,
27.7,52.5,1.9230,,,,,,,,,,,,,,
27.5,53.0,1.9097,,,,,,,,,,,,,,
27.1,54.4,1.9168,,,,,,,,,,,,,,
27.6,52.1,1.8936,,,,,,,,,,,,,,
29.0,48.5,1.9133,,,,,,,,,,,,,,
31.0,42.9,1.8909,,,,,,,,,,,,,,
32.5,39.4,1.8982,,,,,,,,,,,,,,
36.9,30.9,1.8934,,,,,,,,,,,,,,
36.2,30.6,1.8105,,,,,,,,,,,,,,
37.7,27.7,1.7780,,,,,,,,,,,,,,
37.1,27.2,1.6874,,,,,,,,,,,,,,
39.5,24.3,1.7216,,,,,,,,,,,,,,
39.9,23.8,1.7127,,,,,,,,,,,,,,
39.6,24.3,1.7255,,,,,,,,,,,,,,
37.2,29.1,1.8185,,,,,,,,,,,,,,
33.9,37.1,1.9264,,,,,,,,,,,,,,
31.6,43.6,1.9944,,,,,,,,,,,,,,
30.3,47.3,2.0034,,,,,,,,,,,,,,
29.8,49.1,2.0248,,,,,,,,,,,,,,
29.0,51.7,2.0375,,,,,,,,,,,,,,
28.5,52.1,2.0036,,,,,,,,,,,,,,
27.7,53.7,1.9661,,,,,,,,,,,,,,
27.4,53.5,1.9267,,,,,,,,,,,,,,
28.5,48.7,1.8720,,,,,,,,,,,,,,
28.9,48.4,1.8982,,,,,,,,,,,,,,
27.1,54.8,1.9309,,,,,,,,,,,,,,
26.1,59.0,1.9669,,,,,,,,,,,,,,
26.7,58.0,2.0023,,,,,,,,,,,,,,
27.9,54.9,2.0353,,,,,,,,,,,,,,
29.7,50.5,2.0767,,,,,,,,,,,,,,
32.2,41.4,1.9624,,,,,,,,,,,,,,
35.6,32.2,1.8408,,,,,,,,,,,,,,
35.7,31.4,1.8025,,,,,,,,,,,,,,
35.5,34.9,1.9841,,,,,,,,,,,,,,
35.0,35.5,1.9620,,,,,,,,,,,,,,
35.1,34.6,1.9255,,,,,,,,,,,,,,
36.8,30.5,1.8572,,,,,,,,,,,,,,
34.5,34.7,1.8667,,,,,,,,,,,,,,
33.0,38.1,1.8813,,,,,,,,,,,,,,
30.8,43.1,1.8761,,,,,,,,,,,,,,
29.1,46.9,1.8652,,,,,,,,,,,,,,
28.2,49.8,1.8795,,,,,,,,,,,,,,
27.5,50.4,1.8230,,,,,,,,,,,,,,
27.3,49.1,1.7503,,,,,,,,,,,,,,
26.7,46.7,1.6121,,,,,,,,,,,,,,
26.0,45.0,1.4913,,,,,,,,,,,,,,
25.0,47.3,1.4771,,,,,,,,,,,,,,
25.3,44.3,1.4032,,,,,,,,,,,,,,
24.3,46.3,1.3857,,,,,,,,,,,,,,
24.8,43.4,1.3347,,,,,,,,,,,,,,
24.5,40.6,1.2327,,,,,,,,,,,,,,
25.7,36.9,1.1991,,,,,,,,,,,,,,
26.8,35.0,1.2175,,,,,,,,,,,,,,
28.0,34.9,1.3008,,,,,,,,,,,,,,
29.0,34.1,1.3445,,,,,,,,,,,,,,
30.4,30.8,1.3155,,,,,,,,,,,,,,
32.4,26.3,1.2523,,,,,,,,,,,,,,
31.0,28.9,1.2770,,,,,,,,,,,,,,
29.3,33.1,1.3220,,,,,,,,,,,,,,
26.9,35.2,1.2334,,,,,,,,,,,,,,
28.1,34.2,1.2802,,,,,,,,,,,,,,
28.5,29.4,1.1298,,,,,,,,,,,,,,
27.3,31.0,1.1110,,,,,,,,,,,,,,
25.4,36.2,1.1562,,,,,,,,,,,,,,
24.6,38.0,1.1580,,,,,,,,,,,,,,
24.3,41.6,1.2467,,,,,,,,,,,,,,
24.9,40.8,1.2696,,,,,,,,,,,,,,
23.8,44.7,1.3019,,,,,,,,,,,,,,
22.8,49.8,1.3670,,,,,,,,,,,,,,
22.8,49.4,1.3568,,,,,,,,,,,,,,
20.9,57.4,1.4037,,,,,,,,,,,,,,
20.5,60.6,1.4470,,,,,,,,,,,,,,
19.6,63.7,1.4396,,,,,,,,,,,,,,
19.4,64.5,1.4394,,,,,,,,,,,,,,
18.6,67.4,1.4302,,,,,,,,,,,,,,
19.6,63.7,1.4419,,,,,,,,,,,,,,
21.7,56.4,1.4496,,,,,,,,,,,,,,
25.2,47.4,1.4978,,,,,,,,,,,,,,
30.4,34.1,1.4577,,,,,,,,,,,,,,
33.4,25.1,1.2665,,,,,,,,,,,,,,
35.5,18.2,1.0376,,,,,,,,,,,,,,
35.1,15.7,0.8757,,,,,,,,,,,,,,
33.3,17.1,0.8592,,,,,,,,,,,,,,
36.6,11.8,0.7107,,,,,,,,,,,,,,
38.3,10.0,0.6591,,,,,,,,,,,,,,
37.3,10.9,0.6846,,,,,,,,,,,,,,
34.6,20.0,1.0817,,,,,,,,,,,,,,
30.4,28.2,1.2040,,,,,,,,,,,,,,
28.1,34.3,1.2821,,,,,,,,,,,,,,
26.5,36.6,1.2484,,,,,,,,,,,,,,
25.7,38.5,1.2548,,,,,,,,,,,,,,
24.7,41.6,1.2751,,,,,,,,,,,,,,
23.6,45.4,1.3067,,,,,,,,,,,,,,
23.4,46.3,1.3134,,,,,,,,,,,,,,
21.6,51.6,1.3171,,,,,,,,,,,,,,
21.2,53.3,1.3280,,,,,,,,,,,,,,
20.6,55.1,1.3237,,,,,,,,,,,,,,
22.1,49.6,1.3022,,,,,,,,,,,,,,
21.1,51.6,1.2784,,,,,,,,,,,,,,
21.8,48.6,1.2556,,,,,,,,,,,,,,
21.7,49.1,1.2602,,,,,,,,,,,,,,
25.3,41.7,1.3243,,,,,,,,,,,,,,
30.3,30.9,1.3096,,,,,,,,,,,,,,
32.9,24.9,1.2269,,,,,,,,,,,,,,
34.4,23.5,1.2541,,,,,,,,,,,,,,
34.3,22.5,1.1974,,,,,,,,,,,,,,
33.4,21.6,1.0927,,,,,,,,,,,,,,
36.1,18.4,1.0827,,,,,,,,,,,,,,
37.3,15.4,0.9692,,,,,,,,,,,,,,
36.8,16.2,0.9922,,,,,,,,,,,,,,
34.9,20.9,1.1463,,,,,,,,,,,,,,
30.8,26.5,1.1603,,,,,,,,,,,,,,
28.9,28.3,1.1078,,,,,,,,,,,,,,
27.0,30.7,1.0790,,,,,,,,,,,,,,
26.6,30.6,1.0459,,,,,,,,,,,,,,
26.0,33.1,1.0955,,,,,,,,,,,,,,
24.1,37.9,1.1204,,,,,,,,,,,,,,
22.2,43.1,1.1396,,,,,,,,,,,,,,
22.8,41.3,1.1284,,,,,,,,,,,,,,
21.2,43.8,1.0880,,,,,,,,,,,,,,
21.7,42.6,1.0907,,,,,,,,,,,,,,
20.2,47.1,1.1021,,,,,,,,,,,,,,
20.1,47.8,1.1093,,,,,,,,,,,,,,
20.6,45.5,1.0925,,,,,,,,,,,,,,
22.4,41.1,1.0979,,,,,,,,,,,,,,
25.0,36.6,1.1430,,,,,,,,,,,,,,
29.9,26.2,1.0891,,,,,,,,,,,,,,
32.9,21.8,1.0714,,,,,,,,,,,,,,
35.0,17.9,0.9900,,,,,,,,,,,,,,
34.6,18.2,0.9832,,,,,,,,,,,,,,
33.8,22.8,1.1781,,,,,,,,,,,,,,
36.3,19.5,1.1539,,,,,,,,,,,,,,
38.3,17.9,1.1810,,,,,,,,,,,,,,
36.9,20.9,1.2864,,,,,,,,,,,,,,
33.9,30.0,1.5600,,,,,,,,,,,,,,
29.8,43.4,1.7988,,,,,,,,,,,,,,
27.5,50.4,1.8274,,,,,,,,,,,,,,
27.5,50.4,1.8284,,,,,,,,,,,,,,
28.1,48.0,1.7933,,,,,,,,,,,,,,
26.9,49.6,1.7299,,,,,,,,,,,,,,
26.0,48.0,1.5899,,,,,,,,,,,,,,
24.9,50.6,1.5747,,,,,,,,,,,,,,
23.7,53.2,1.5418,,,,,,,,,,,,,,
24.5,50.9,1.5416,,,,,,,,,,,,,,
22.9,56.1,1.5492,,,,,,,,,,,,,,
23.3,55.5,1.5636,,,,,,,,,,,,,,
23.6,54.2,1.5583,,,,,,,,,,,,,,
24.9,52.9,1.6430,,,,,,,,,,,,,,
26.4,50.8,1.7166,,,,,,,,,,,,,,
28.1,47.4,1.7753,,,,,,,,,,,,,,
30.2,43.2,1.8230,,,,,,,,,,,,,,
31.2,41.9,1.8710,,,,,,,,,,,,,,
33.9,36.0,1.8692,,,,,,,,,,,,,,
33.9,34.1,1.7754,,,,,,,,,,,,,,
34.4,30.6,1.6402,,,,,,,,,,,,,,
35.3,28.5,1.6034,,,,,,,,,,,,,,
36.3,28.3,1.6851,,,,,,,,,,,,,,
35.3,29.4,1.6577,,,,,,,,,,,,,,
32.5,34.1,1.6453,,,,,,,,,,,,,,
29.1,42.1,1.6695,,,,,,,,,,,,,,
27.8,35.6,1.3116,,,,,,,,,,,,,,
27.0,30.0,1.0542,,,,,,,,,,,,,,
26.3,37.3,1.2555,,,,,,,,,,,,,,
25.2,40.8,1.2877,,,,,,,,,,,,,,
24.3,43.3,1.2973,,,,,,,,,,,,,,
23.3,45.3,1.2794,,,,,,,,,,,,,,
24.1,44.0,1.3034,,,,,,,,,,,,,,
23.8,44.8,1.3061,,,,,,,,,,,,,,
23.0,47.7,1.3232,,,,,,,,,,,,,,
23.7,46.7,1.3501,,,,,,,,,,,,,,
-200,-200,-200,,,,,,,,,,,,,,
-200,-200,-200,,,,,,,,,,,,,,
-200,-200,-200,,,,,,,,,,,,,,
-200,-200,-200,,,,,,,,,,,,,,
-200,-200,-200,,,,,,,,,,,,,,
-200,-200,-200,,,,,,,,,,,,,,
-200,-200,-200,,,,,,,,,,,,,,
-200,-200,-200,,,,,,,,,,,,,,
-200,-200,-200,,,,,,,,,,,,,,
-200,-200,-200,,,,,,,,,,,,,,
-200,-200,-200,,,,,,,,,,,,,,
-200,-200,-200,,,,,,,,,,,,,,
-200,-200,-200,,,,,,,,,,,,,,
-200,-200,-200,,,,,,,,,,,,,,
-200,-200,-200,,,,,,,,,,,,,,
-200,-200,-200,,,,,,,,,,,,,,
-200,-200,-200,,,,,,,,,,,,,,
-200,-200,-200,,,,,,,,,,,,,,
-200,-200,-200,,,,,,,,,,,,,,
-200,-200,-200,,,,,,,,,,,,,,
-200,-200,-200,,,,,,,,,,,,,,
-200,-200,-200,,,,,,,,,,,,,,
-200,-200,-200,,,,,,,,,,,,,,
-200,-200,-200,,,,,,,,,,,,,,
-200,-200,-200,,,,,,,,,,,,,,
-200,-200,-200,,,,,,,,,,,,,,
-200,-200,-200,,,,,,,,,,,,,,
-200,-200,-200,,,,,,,,,,,,,,
-200,-200,-200,,,,,,,,,,,,,,
-200,-200,-200,,,,,,,,,,,,,,
-200,-200,-200,,,,,,,,,,,,,,
-200,-200,-200,,,,,,,,,,,,,,
-200,-200,-200,,,,,,,,,,,,,,
-200,-200,-200,,,,,,,,,,,,,,
-200,-200,-200,,,,,,,,,,,,,,
-200,-200,-200,,,,,,,,,,,,,,
-200,-200,-200,,,,,,,,,,,,,,
-200,-200,-200,,,,,,,,,,,,,,
-200,-200,-200,,,,,,,,,,,,,,
-200,-200,-200,,,,,,,,,,,,,,
-200,-200,-200,,,,,,,,,,,,,,
-200,-200,-200,,,,,,,,,,,,,,
-200,-200,-200,,,,,,,,,,,,,,
-200,-200,-200,,,,,,,,,,,,,,
-200,-200,-200,,,,,,,,,,,,,,
19.8,59.3,1.3505,,,,,,,,,,,,,,
20.0,59.3,1.3681,,,,,,,,,,,,,,
22.5,48.6,1.3077,,,,,,,,,,,,,,
19.5,57.0,1.2739,,,,,,,,,,,,,,
19.6,56.1,1.2651,,,,,,,,,,,,,,
20.7,53.3,1.2870,,,,,,,,,,,,,,
24.7,41.8,1.2839,,,,,,,,,,,,,,
29.9,30.5,1.2616,,,,,,,,,,,,,,
32.3,27.2,1.2933,,,,,,,,,,,,,,
34.3,24.5,1.3021,,,,,,,,,,,,,,
33.4,22.5,1.1398,,,,,,,,,,,,,,
32.7,22.8,1.1069,,,,,,,,,,,,,,
34.5,20.5,1.1028,,,,,,,,,,,,,,
35.9,20.3,1.1800,,,,,,,,,,,,,,
35.8,23.0,1.3323,,,,,,,,,,,,,,
33.5,29.0,1.4797,,,,,,,,,,,,,,
29.8,39.6,1.6324,,,,,,,,,,,,,,
27.9,43.1,1.6004,,,,,,,,,,,,,,
27.3,44.5,1.5885,,,,,,,,,,,,,,
26.0,47.6,1.5806,,,,,,,,,,,,,,
25.3,52.9,1.6765,,,,,,,,,,,,,,
24.5,56.3,1.7026,,,,,,,,,,,,,,
23.5,59.8,1.7141,,,,,,,,,,,,,,
22.6,62.6,1.6945,,,,,,,,,,,,,,
21.8,64.6,1.6721,,,,,,,,,,,,,,
21.0,66.9,1.6454,,,,,,,,,,,,,,
21.2,66.4,1.6468,,,,,,,,,,,,,,
21.0,66.5,1.6344,,,,,,,,,,,,,,
21.3,64.1,1.6043,,,,,,,,,,,,,,
22.7,58.1,1.5856,,,,,,,,,,,,,,
25.1,51.8,1.6304,,,,,,,,,,,,,,
29.5,39.0,1.5868,,,,,,,,,,,,,,
32.3,31.8,1.5128,,,,,,,,,,,,,,
33.6,28.9,1.4792,,,,,,,,,,,,,,
31.9,28.2,1.3116,,,,,,,,,,,,,,
32.5,25.9,1.2437,,,,,,,,,,,,,,
34.1,23.4,1.2307,,,,,,,,,,,,,,
36.2,21.4,1.2664,,,,,,,,,,,,,,
35.6,22.6,1.2984,,,,,,,,,,,,,,
33.6,25.7,1.3101,,,,,,,,,,,,,,
29.9,35.2,1.4603,,,,,,,,,,,,,,
28.3,39.2,1.4826,,,,,,,,,,,,,,
27.0,43.0,1.5118,,,,,,,,,,,,,,
26.2,46.8,1.5669,,,,,,,,,,,,,,
25.1,51.5,1.6210,,,,,,,,,,,,,,
24.1,55.3,1.6363,,,,,,,,,,,,,,
23.8,57.8,1.6770,,,,,,,,,,,,,,
23.7,56.2,1.6255,,,,,,,,,,,,,,
24.8,52.2,1.6086,,,,,,,,,,,,,,
22.9,59.4,1.6353,,,,,,,,,,,,,,
22.0,62.3,1.6266,,,,,,,,,,,,,,
21.5,64.0,1.6256,,,,,,,,,,,,,,
22.6,60.3,1.6287,,,,,,,,,,,,,,
23.8,56.5,1.6400,,,,,,,,,,,,,,
25.7,50.6,1.6475,,,,,,,,,,,,,,
27.8,45.4,1.6751,,,,,,,,,,,,,,
29.9,39.6,1.6397,,,,,,,,,,,,,,
31.6,34.7,1.5890,,,,,,,,,,,,,,
31.5,34.4,1.5665,,,,,,,,,,,,,,
31.2,35.0,1.5669,,,,,,,,,,,,,,
33.0,31.4,1.5583,,,,,,,,,,,,,,
33.8,29.2,1.5143,,,,,,,,,,,,,,
33.0,29.5,1.4613,,,,,,,,,,,,,,
32.3,30.2,1.4347,,,,,,,,,,,,,,
28.4,38.4,1.4616,,,,,,,,,,,,,,
26.9,43.2,1.5052,,,,,,,,,,,,,,
26.0,43.6,1.4407,,,,,,,,,,,,,,
25.0,47.6,1.4872,,,,,,,,,,,,,,
24.6,50.9,1.5508,,,,,,,,,,,,,,
24.0,55.6,1.6381,,,,,,,,,,,,,,
23.5,58.3,1.6672,,,,,,,,,,,,,,
22.7,60.8,1.6519,,,,,,,,,,,,,,
24.1,55.5,1.6481,,,,,,,,,,,,,,
22.5,60.9,1.6424,,,,,,,,,,,,,,
22.0,64.5,1.6847,,,,,,,,,,,,,,
22.3,62.9,1.6754,,,,,,,,,,,,,,
23.1,60.0,1.6711,,,,,,,,,,,,,,
24.7,55.1,1.6872,,,,,,,,,,,,,,
27.7,46.1,1.6852,,,,,,,,,,,,,,
29.8,38.8,1.6029,,,,,,,,,,,,,,
31.5,32.6,1.4780,,,,,,,,,,,,,,
31.8,30.5,1.4083,,,,,,,,,,,,,,
31.4,31.8,1.4410,,,,,,,,,,,,,,
32.5,28.7,1.3796,,,,,,,,,,,,,,
33.8,25.8,1.3338,,,,,,,,,,,,,,
34.5,28.6,1.5393,,,,,,,,,,,,,,
32.7,33.0,1.5987,,,,,,,,,,,,,,
31.4,35.4,1.5972,,,,,,,,,,,,,,
27.7,43.5,1.5920,,,,,,,,,,,,,,
26.2,47.8,1.5979,,,,,,,,,,,,,,
25.7,48.7,1.5825,,,,,,,,,,,,,,
25.2,50.1,1.5800,,,,,,,,,,,,,,
24.4,53.4,1.6031,,,,,,,,,,,,,,
23.7,55.4,1.6031,,,,,,,,,,,,,,
22.8,58.5,1.5992,,,,,,,,,,,,,,
22.8,58.5,1.5985,,,,,,,,,,,,,,
22.3,59.7,1.5889,,,,,,,,,,,,,,
20.8,64.9,1.5710,,,,,,,,,,,,,,
19.7,66.8,1.5184,,,,,,,,,,,,,,
19.8,64.3,1.4678,,,,,,,,,,,,,,
20.6,62.3,1.4915,,,,,,,,,,,,,,
23.2,54.0,1.5143,,,,,,,,,,,,,,
26.3,43.1,1.4542,,,,,,,,,,,,,,
29.1,35.4,1.4008,,,,,,,,,,,,,,
30.0,31.6,1.3176,,,,,,,,,,,,,,
32.4,26.3,1.2594,,,,,,,,,,,,,,
31.3,29.1,1.3054,,,,,,,,,,,,,,
31.1,28.6,1.2718,,,,,,,,,,,,,,
33.3,24.4,1.2320,,,,,,,,,,,,,,
35.5,21.2,1.2022,,,,,,,,,,,,,,
34.6,22.0,1.1890,,,,,,,,,,,,,,
33.3,23.6,1.1842,,,,,,,,,,,,,,
30.0,28.5,1.1896,,,,,,,,,,,,,,
28.0,33.0,1.2264,,,,,,,,,,,,,,
27.2,37.4,1.3279,,,,,,,,,,,,,,
26.6,39.9,1.3657,,,,,,,,,,,,,,
25.3,41.7,1.3247,,,,,,,,,,,,,,
24.3,44.7,1.3432,,,,,,,,,,,,,,
24.4,45.6,1.3779,,,,,,,,,,,,,,
23.1,49.9,1.3891,,,,,,,,,,,,,,
22.7,51.3,1.3977,,,,,,,,,,,,,,
21.8,54.1,1.4004,,,,,,,,,,,,,,
21.0,56.9,1.3999,,,,,,,,,,,,,,
21.8,55.5,1.4323,,,,,,,,,,,,,,
21.6,57.2,1.4607,,,,,,,,,,,,,,
22.8,54.2,1.4886,,,,,,,,,,,,,,
26.2,45.0,1.5098,,,,,,,,,,,,,,
30.8,34.8,1.5165,,,,,,,,,,,,,,
34.1,28.8,1.5105,,,,,,,,,,,,,,
35.9,24.7,1.4370,,,,,,,,,,,,,,
33.7,25.1,1.2915,,,,,,,,,,,,,,
34.4,24.0,1.2790,,,,,,,,,,,,,,
36.4,20.3,1.2140,,,,,,,,,,,,,,
38.7,17.3,1.1729,,,,,,,,,,,,,,
37.2,18.9,1.1774,,,,,,,,,,,,,,
36.1,20.0,1.1767,,,,,,,,,,,,,,
32.8,29.4,1.4344,,,,,,,,,,,,,,
30.0,35.9,1.4958,,,,,,,,,,,,,,
28.7,38.2,1.4794,,,,,,,,,,,,,,
28.1,40.4,1.5120,,,,,,,,,,,,,,
27.4,41.4,1.4877,,,,,,,,,,,,,,
26.4,44.0,1.4919,,,,,,,,,,,,,,
24.9,47.9,1.4855,,,,,,,,,,,,,,
24.0,50.3,1.4760,,,,,,,,,,,,,,
25.2,47.9,1.5129,,,,,,,,,,,,,,
24.2,50.6,1.5011,,,,,,,,,,,,,,
23.1,55.0,1.5357,,,,,,,,,,,,,,
22.9,56.2,1.5522,,,,,,,,,,,,,,
22.0,59.3,1.5523,,,,,,,,,,,,,,
23.7,54.0,1.5627,,,,,,,,,,,,,,
26.7,45.7,1.5747,,,,,,,,,,,,,,
31.4,34.5,1.5599,,,,,,,,,,,,,,
34.5,28.5,1.5324,,,,,,,,,,,,,,
36.4,23.6,1.4064,,,,,,,,,,,,,,
35.1,23.2,1.2884,,,,,,,,,,,,,,
35.7,22.2,1.2765,,,,,,,,,,,,,,
37.6,19.6,1.2534,,,,,,,,,,,,,,
38.8,17.6,1.1979,,,,,,,,,,,,,,
39.3,16.0,1.1138,,,,,,,,,,,,,,
37.0,23.6,1.4639,,,,,,,,,,,,,,
33.2,30.1,1.5095,,,,,,,,,,,,,,
31.0,33.1,1.4620,,,,,,,,,,,,,,
29.5,33.4,1.3562,,,,,,,,,,,,,,
29.1,36.7,1.4502,,,,,,,,,,,,,,
27.8,40.7,1.5002,,,,,,,,,,,,,,
26.0,45.3,1.4999,,,,,,,,,,,,,,
25.8,45.4,1.4870,,,,,,,,,,,,,,
25.4,45.9,1.4684,,,,,,,,,,,,,,
25.2,46.4,1.4640,,,,,,,,,,,,,,
23.0,52.7,1.4568,,,,,,,,,,,,,,
22.1,54.5,1.4337,,,,,,,,,,,,,,
22.5,53.6,1.4422,,,,,,,,,,,,,,
22.0,55.4,1.4436,,,,,,,,,,,,,,
23.4,51.6,1.4639,,,,,,,,,,,,,,
26.7,43.0,1.4808,,,,,,,,,,,,,,
31.3,32.9,1.4771,,,,,,,,,,,,,,
34.8,27.1,1.4837,,,,,,,,,,,,,,
38.3,21.5,1.4263,,,,,,,,,,,,,,
37.1,21.2,1.3107,,,,,,,,,,,,,,
37.3,20.3,1.2771,,,,,,,,,,,,,,
38.3,19.3,1.2736,,,,,,,,,,,,,,
40.7,17.0,1.2793,,,,,,,,,,,,,,
39.5,18.5,1.3076,,,,,,,,,,,,,,
36.6,22.6,1.3664,,,,,,,,,,,,,,
32.8,28.2,1.3842,,,,,,,,,,,,,,
30.7,30.7,1.3338,,,,,,,,,,,,,,
30.1,28.7,1.2052,,,,,,,,,,,,,,
29.7,25.4,1.0440,,,,,,,,,,,,,,
29.6,24.3,0.9889,,,,,,,,,,,,,,
28.0,29.1,1.0846,,,,,,,,,,,,,,
27.2,33.3,1.1788,,,,,,,,,,,,,,
27.5,30.9,1.1155,,,,,,,,,,,,,,
27.1,33.3,1.1762,,,,,,,,,,,,,,
26.4,35.1,1.1919,,,,,,,,,,,,,,
25.6,37.6,1.2131,,,,,,,,,,,,,,
25.4,38.6,1.2352,,,,,,,,,,,,,,
25.5,38.2,1.2296,,,,,,,,,,,,,,
27.0,34.3,1.2089,,,,,,,,,,,,,,
29.9,29.6,1.2296,,,,,,,,,,,,,,
31.9,26.8,1.2477,,,,,,,,,,,,,,
33.0,23.5,1.1583,,,,,,,,,,,,,,
34.5,19.3,1.0369,,,,,,,,,,,,,,
33.2,19.0,0.9533,,,,,,,,,,,,,,
32.2,20.5,0.9699,,,,,,,,,,,,,,
32.6,17.5,0.8467,,,,,,,,,,,,,,
33.0,17.5,0.8683,,,,,,,,,,,,,,
32.9,17.5,0.8622,,,,,,,,,,,,,,
31.6,18.0,0.8243,,,,,,,,,,,,,,
29.3,20.4,0.8162,,,,,,,,,,,,,,
27.8,24.4,0.9002,,,,,,,,,,,,,,
27.1,26.9,0.9524,,,,,,,,,,,,,,
26.3,29.5,0.9959,,,,,,,,,,,,,,
25.9,32.9,1.0826,,,,,,,,,,,,,,
25.3,36.9,1.1764,,,,,,,,,,,,,,
24.8,40.1,1.2378,,,,,,,,,,,,,,
24.3,42.9,1.2906,,,,,,,,,,,,,,
24.0,45.5,1.3404,,,,,,,,,,,,,,
23.9,47.4,1.3881,,,,,,,,,,,,,,
23.5,49.1,1.3991,,,,,,,,,,,,,,
23.7,49.2,1.4195,,,,,,,,,,,,,,
23.6,49.6,1.4247,,,,,,,,,,,,,,
24.3,45.4,1.3650,,,,,,,,,,,,,,
26.3,38.3,1.2932,,,,,,,,,,,,,,
27.6,34.2,1.2464,,,,,,,,,,,,,,
29.2,29.1,1.1586,,,,,,,,,,,,,,
29.2,28.6,1.1423,,,,,,,,,,,,,,
29.4,28.3,1.1434,,,,,,,,,,,,,,
29.8,28.0,1.1558,,,,,,,,,,,,,,
30.1,26.7,1.1217,,,,,,,,,,,,,,
30.1,27.2,1.1406,,,,,,,,,,,,,,
29.6,27.5,1.1229,,,,,,,,,,,,,,
29.6,27.7,1.1278,,,,,,,,,,,,,,
28.0,30.1,1.1226,,,,,,,,,,,,,,
26.8,33.8,1.1723,,,,,,,,,,,,,,
25.7,35.8,1.1600,,,,,,,,,,,,,,
25.4,35.2,1.1255,,,,,,,,,,,,,,
25.0,37.3,1.1614,,,,,,,,,,,,,,
24.6,40.5,1.2362,,,,,,,,,,,,,,
24.2,43.8,1.3057,,,,,,,,,,,,,,
24.0,43.7,1.2876,,,,,,,,,,,,,,
21.9,48.3,1.2522,,,,,,,,,,,,,,
22.4,47.2,1.2593,,,,,,,,,,,,,,
22.9,46.5,1.2861,,,,,,,,,,,,,,
23.1,47.0,1.3122,,,,,,,,,,,,,,
23.7,46.2,1.3376,,,,,,,,,,,,,,
25.8,41.9,1.3688,,,,,,,,,,,,,,
27.3,38.3,1.3669,,,,,,,,,,,,,,
31.0,29.1,1.2885,,,,,,,,,,,,,,
31.6,25.5,1.1638,,,,,,,,,,,,,,
32.5,21.2,1.0173,,,,,,,,,,,,,,
31.7,20.5,0.9428,,,,,,,,,,,,,,
31.5,21.5,0.9768,,,,,,,,,,,,,,
31.6,20.8,0.9562,,,,,,,,,,,,,,
32.4,19.4,0.9279,,,,,,,,,,,,,,
31.7,20.3,0.9336,,,,,,,,,,,,,,
31.1,21.0,0.9337,,,,,,,,,,,,,,
28.9,25.4,0.9933,,,,,,,,,,,,,,
27.4,30.8,1.1112,,,,,,,,,,,,,,
26.3,34.1,1.1453,,,,,,,,,,,,,,
25.4,35.2,1.1288,,,,,,,,,,,,,,
-200,-200,-200,,,,,,,,,,,,,,
-200,-200,-200,,,,,,,,,,,,,,
-200,-200,-200,,,,,,,,,,,,,,
-200,-200,-200,,,,,,,,,,,,,,
-200,-200,-200,,,,,,,,,,,,,,
-200,-200,-200,,,,,,,,,,,,,,
-200,-200,-200,,,,,,,,,,,,,,
-200,-200,-200,,,,,,,,,,,,,,
-200,-200,-200,,,,,,,,,,,,,,
-200,-200,-200,,,,,,,,,,,,,,
22.7,33.0,0.8987,,,,,,,,,,,,,,
-200,-200,-200,,,,,,,,,,,,,,
-200,-200,-200,,,,,,,,,,,,,,
-200,-200,-200,,,,,,,,,,,,,,
-200,-200,-200,,,,,,,,,,,,,,
-200,-200,-200,,,,,,,,,,,,,,
-200,-200,-200,,,,,,,,,,,,,,
-200,-200,-200,,,,,,,,,,,,,,
-200,-200,-200,,,,,,,,,,,,,,
32.4,19.8,0.9484,,,,,,,,,,,,,,
29.9,22.3,0.9235,,,,,,,,,,,,,,
28.2,24.8,0.9360,,,,,,,,,,,,,,
26.8,28.9,1.0019,,,,,,,,,,,,,,
25.1,32.3,1.0131,,,,,,,,,,,,,,
25.4,30.5,0.9722,,,,,,,,,,,,,,
24.9,28.3,0.8775,,,,,,,,,,,,,,
23.2,30.5,0.8558,,,,,,,,,,,,,,
22.3,33.6,0.8959,,,,,,,,,,,,,,
23.0,33.0,0.9184,,,,,,,,,,,,,,
21.4,35.7,0.8982,,,,,,,,,,,,,,
21.7,33.4,0.8545,,,,,,,,,,,,,,
20.3,35.5,0.8342,,,,,,,,,,,,,,
19.7,37.5,0.8501,,,,,,,,,,,,,,
21.0,35.6,0.8736,,,,,,,,,,,,,,
25.0,28.9,0.9025,,,,,,,,,,,,,,
31.0,21.9,0.9708,,,,,,,,,,,,,,
34.9,18.5,1.0189,,,,,,,,,,,,,,
37.1,15.0,0.9297,,,,,,,,,,,,,,
35.0,17.3,0.9542,,,,,,,,,,,,,,
35.1,17.5,0.9733,,,,,,,,,,,,,,
35.4,16.6,0.9385,,,,,,,,,,,,,,
38.4,13.8,0.9221,,,,,,,,,,,,,,
37.6,14.5,0.9277,,,,,,,,,,,,,,
35.2,16.6,0.9242,,,,,,,,,,,,,,
31.2,25.5,1.1379,,,,,,,,,,,,,,
29.3,30.7,1.2290,,,,,,,,,,,,,,
28.3,30.1,1.1392,,,,,,,,,,,,,,
27.4,31.5,1.1330,,,,,,,,,,,,,,
26.2,35.7,1.1929,,,,,,,,,,,,,,
25.2,38.1,1.2049,,,,,,,,,,,,,,
24.4,39.1,1.1784,,,,,,,,,,,,,,
23.7,39.1,1.1289,,,,,,,,,,,,,,
24.2,38.5,1.1491,,,,,,,,,,,,,,
24.5,38.5,1.1688,,,,,,,,,,,,,,
22.4,43.5,1.1624,,,,,,,,,,,,,,
22.3,43.8,1.1631,,,,,,,,,,,,,,
21.4,45.8,1.1515,,,,,,,,,,,,,,
22.9,41.3,1.1383,,,,,,,,,,,,,,
26.6,30.3,1.0378,,,,,,,,,,,,,,
30.3,23.0,0.9770,,,,,,,,,,,,,,
32.8,18.9,0.9234,,,,,,,,,,,,,,
34.3,17.7,0.9416,,,,,,,,,,,,,,
33.3,18.9,0.9536,,,,,,,,,,,,,,
33.0,20.1,0.9959,,,,,,,,,,,,,,
33.6,19.6,1.0029,,,,,,,,,,,,,,
34.9,18.4,1.0106,,,,,,,,,,,,,,
33.4,20.3,1.0270,,,,,,,,,,,,,,
31.6,22.7,1.0410,,,,,,,,,,,,,,
29.2,26.9,1.0709,,,,,,,,,,,,,,
27.7,30.1,1.0991,,,,,,,,,,,,,,
27.1,31.0,1.0991,,,,,,,,,,,,,,
26.0,33.4,1.1071,,,,,,,,,,,,,,
25.1,35.7,1.1222,,,,,,,,,,,,,,
24.3,38.5,1.1525,,,,,,,,,,,,,,
23.4,40.7,1.1551,,,,,,,,,,,,,,
23.2,41.2,1.1561,,,,,,,,,,,,,,
23.6,40.5,1.1667,,,,,,,,,,,,,,
23.5,40.9,1.1677,,,,,,,,,,,,,,
20.5,48.4,1.1557,,,,,,,,,,,,,,
20.7,48.4,1.1663,,,,,,,,,,,,,,
19.9,50.8,1.1694,,,,,,,,,,,,,,
21.3,47.2,1.1825,,,,,,,,,,,,,,
24.0,40.8,1.1993,,,,,,,,,,,,,,
28.7,30.3,1.1769,,,,,,,,,,,,,,
31.9,24.7,1.1477,,,,,,,,,,,,,,
33.8,21.9,1.1331,,,,,,,,,,,,,,
32.7,22.7,1.1044,,,,,,,,,,,,,,
33.0,21.3,1.0512,,,,,,,,,,,,,,
33.9,21.2,1.0989,,,,,,,,,,,,,,
35.9,20.3,1.1845,,,,,,,,,,,,,,
34.2,22.6,1.1970,,,,,,,,,,,,,,
32.0,27.3,1.2752,,,,,,,,,,,,,,
29.3,32.6,1.3105,,,,,,,,,,,,,,
27.2,38.0,1.3470,,,,,,,,,,,,,,
26.1,41.1,1.3705,,,,,,,,,,,,,,
25.3,44.6,1.4161,,,,,,,,,,,,,,
24.6,47.2,1.4424,,,,,,,,,,,,,,
24.1,48.8,1.4412,,,,,,,,,,,,,,
23.6,50.4,1.4470,,,,,,,,,,,,,,
22.0,55.8,1.4585,,,,,,,,,,,,,,
22.4,53.6,1.4379,,,,,,,,,,,,,,
21.6,55.8,1.4228,,,,,,,,,,,,,,
21.8,55.2,1.4184,,,,,,,,,,,,,,
21.7,55.4,1.4192,,,,,,,,,,,,,,
20.6,59.8,1.4350,,,,,,,,,,,,,,
22.1,55.3,1.4495,,,,,,,,,,,,,,
24.8,48.2,1.4883,,,,,,,,,,,,,,
27.9,43.4,1.6017,,,,,,,,,,,,,,
30.1,38.5,1.6212,,,,,,,,,,,,,,
28.2,48.6,1.8253,,,,,,,,,,,,,,
24.8,70.4,2.1766,,,,,,,,,,,,,,
27.8,49.4,1.8209,,,,,,,,,,,,,,
25.4,59.9,1.9168,,,,,,,,,,,,,,
26.1,66.8,2.2310,,,,,,,,,,,,,,
28.0,53.2,1.9810,,,,,,,,,,,,,,
27.4,51.4,1.8404,,,,,,,,,,,,,,
25.7,55.8,1.8149,,,,,,,,,,,,,,
24.6,60.3,1.8363,,,,,,,,,,,,,,
24.2,61.6,1.8381,,,,,,,,,,,,,,
23.8,63.5,1.8495,,,,,,,,,,,,,,
23.0,64.8,1.8020,,,,,,,,,,,,,,
23.0,63.3,1.7589,,,,,,,,,,,,,,
22.8,63.3,1.7355,,,,,,,,,,,,,,
21.0,68.6,1.6873,,,,,,,,,,,,,,
20.4,70.7,1.6734,,,,,,,,,,,,,,
19.4,73.4,1.6417,,,,,,,,,,,,,,
19.5,72.0,1.6118,,,,,,,,,,,,,,
19.7,70.3,1.5925,,,,,,,,,,,,,,
20.4,66.7,1.5770,,,,,,,,,,,,,,
21.8,61.8,1.5966,,,,,,,,,,,,,,
23.0,60.2,1.6652,,,,,,,,,,,,,,
25.4,53.0,1.6963,,,,,,,,,,,,,,
30.0,41.6,1.7324,,,,,,,,,,,,,,
32.6,34.8,1.6872,,,,,,,,,,,,,,
32.2,34.2,1.6145,,,,,,,,,,,,,,
32.1,33.5,1.5690,,,,,,,,,,,,,,
32.6,31.8,1.5361,,,,,,,,,,,,,,
35.2,25.2,1.4111,,,,,,,,,,,,,,
34.3,24.7,1.3154,,,,,,,,,,,,,,
31.5,29.9,1.3638,,,,,,,,,,,,,,
29.0,36.6,1.4452,,,,,,,,,,,,,,
27.1,42.2,1.4949,,,,,,,,,,,,,,
26.1,46.4,1.5445,,,,,,,,,,,,,,
25.1,49.4,1.5480,,,,,,,,,,,,,,
26.0,46.4,1.5375,,,,,,,,,,,,,,
24.7,49.2,1.5116,,,,,,,,,,,,,,
24.8,49.0,1.5092,,,,,,,,,,,,,,
23.5,52.6,1.5035,,,,,,,,,,,,,,
20.8,62.1,1.5044,,,,,,,,,,,,,,
19.9,65.5,1.5078,,,,,,,,,,,,,,
20.6,62.9,1.5088,,,,,,,,,,,,,,
21.3,59.4,1.4918,,,,,,,,,,,,,,
22.0,58.3,1.5199,,,,,,,,,,,,,,
23.2,55.4,1.5559,,,,,,,,,,,,,,
26.5,50.2,1.7130,,,,,,,,,,,,,,
29.0,45.5,1.7976,,,,,,,,,,,,,,
30.1,42.0,1.7602,,,,,,,,,,,,,,
32.3,35.9,1.7067,,,,,,,,,,,,,,
33.2,33.8,1.6900,,,,,,,,,,,,,,
34.0,33.6,1.7591,,,,,,,,,,,,,,
29.9,45.6,1.8942,,,,,,,,,,,,,,
27.7,53.7,1.9670,,,,,,,,,,,,,,
28.0,52.7,1.9604,,,,,,,,,,,,,,
28.6,48.2,1.8616,,,,,,,,,,,,,,
24.8,61.6,1.9067,,,,,,,,,,,,,,
20.3,77.2,1.8204,,,,,,,,,,,,,,
19.7,82.5,1.8674,,,,,,,,,,,,,,
20.6,78.8,1.8885,,,,,,,,,,,,,,
19.2,87.2,1.9195,,,,,,,,,,,,,,
20.5,81.5,1.9360,,,,,,,,,,,,,,
21.4,74.0,1.8683,,,,,,,,,,,,,,
20.5,78.2,1.8678,,,,,,,,,,,,,,
20.7,77.8,1.8764,,,,,,,,,,,,,,
20.5,78.0,1.8636,,,,,,,,,,,,,,
20.6,76.2,1.8272,,,,,,,,,,,,,,
20.1,77.4,1.8020,,,,,,,,,,,,,,
20.9,73.3,1.7870,,,,,,,,,,,,,,
21.2,72.3,1.8007,,,,,,,,,,,,,,
22.5,68.9,1.8511,,,,,,,,,,,,,,
23.7,64.5,1.8682,,,,,,,,,,,,,,
23.2,68.4,1.9243,,,,,,,,,,,,,,
23.5,69.2,1.9776,,,,,,,,,,,,,,
24.1,65.5,1.9371,,,,,,,,,,,,,,
24.2,65.6,1.9501,,,,,,,,,,,,,,
24.6,63.9,1.9459,,,,,,,,,,,,,,
26.3,56.5,1.9018,,,,,,,,,,,,,,
26.9,53.1,1.8557,,,,,,,,,,,,,,
26.5,50.8,1.7334,,,,,,,,,,,,,,
25.1,55.8,1.7511,,,,,,,,,,,,,,
23.9,58.9,1.7276,,,,,,,,,,,,,,
23.1,62.8,1.7562,,,,,,,,,,,,,,
22.1,67.3,1.7671,,,,,,,,,,,,,,
22.1,66.5,1.7441,,,,,,,,,,,,,,
21.1,70.1,1.7366,,,,,,,,,,,,,,
21.9,67.1,1.7394,,,,,,,,,,,,,,
21.7,67.4,1.7262,,,,,,,,,,,,,,
20.2,73.8,1.7229,,,,,,,,,,,,,,
19.1,76.0,1.6668,,,,,,,,,,,,,,
19.4,75.4,1.6802,,,,,,,,,,,,,,
19.7,74.4,1.6829,,,,,,,,,,,,,,
19.9,74.3,1.7083,,,,,,,,,,,,,,
20.4,72.8,1.7198,,,,,,,,,,,,,,
21.6,67.7,1.7254,,,,,,,,,,,,,,
22.9,59.1,1.6330,,,,,,,,,,,,,,
18.7,73.1,1.5608,,,,,,,,,,,,,,
21.1,58.3,1.4444,,,,,,,,,,,,,,
23.3,47.1,1.3281,,,,,,,,,,,,,,
22.9,47.9,1.3208,,,,,,,,,,,,,,
23.3,46.2,1.3010,,,,,,,,,,,,,,
23.7,45.4,1.3150,,,,,,,,,,,,,,
23.8,46.1,1.3373,,,,,,,,,,,,,,
23.0,49.3,1.3689,,,,,,,,,,,,,,
21.9,53.1,1.3787,,,,,,,,,,,,,,
21.3,54.8,1.3742,,,,,,,,,,,,,,
21.2,55.2,1.3699,,,,,,,,,,,,,,
21.4,54.8,1.3813,,,,,,,,,,,,,,
20.8,57.2,1.3925,,,,,,,,,,,,,,
21.3,55.8,1.3974,,,,,,,,,,,,,,
21.4,52.1,1.3125,,,,,,,,,,,,,,
20.6,56.6,1.3583,,,,,,,,,,,,,,
20.0,59.1,1.3694,,,,,,,,,,,,,,
19.7,61.9,1.4017,,,,,,,,,,,,,,
19.6,59.1,1.3346,,,,,,,,,,,,,,
19.8,56.7,1.2941,,,,,,,,,,,,,,
20.2,55.6,1.3043,,,,,,,,,,,,,,
19.7,57.8,1.3112,,,,,,,,,,,,,,
20.2,53.1,1.2442,,,,,,,,,,,,,,
22.0,47.0,1.2259,,,,,,,,,,,,,,
23.5,41.6,1.1884,,,,,,,,,,,,,,
22.8,41.8,1.1417,,,,,,,,,,,,,,
23.4,40.4,1.1500,,,,,,,,,,,,,,
23.2,42.8,1.2017,,,,,,,,,,,,,,
23.6,43.2,1.2433,,,,,,,,,,,,,,
23.9,40.8,1.1937,,,,,,,,,,,,,,
23.6,42.8,1.2300,,,,,,,,,,,,,,
23.2,43.3,1.2161,,,,,,,,,,,,,,
22.8,42.5,1.1608,,,,,,,,,,,,,,
22.3,42.2,1.1209,,,,,,,,,,,,,,
22.1,43.0,1.1271,,,,,,,,,,,,,,
22.2,42.7,1.1237,,,,,,,,,,,,,,
22.1,42.8,1.1265,,,,,,,,,,,,,,
22.1,43.5,1.1443,,,,,,,,,,,,,,
21.5,45.6,1.1528,,,,,,,,,,,,,,
21.1,44.5,1.0980,,,,,,,,,,,,,,
20.4,47.1,1.1178,,,,,,,,,,,,,,
20.6,45.9,1.0993,,,,,,,,,,,,,,
20.2,46.7,1.0899,,,,,,,,,,,,,,
20.1,47.8,1.1144,,,,,,,,,,,,,,
20.0,50.7,1.1724,,,,,,,,,,,,,,
20.7,49.7,1.1970,,,,,,,,,,,,,,
24.3,39.5,1.1842,,,,,,,,,,,,,,
25.4,34.8,1.1119,,,,,,,,,,,,,,
26.6,30.7,1.0501,,,,,,,,,,,,,,
27.7,28.1,1.0272,,,,,,,,,,,,,,
27.6,28.7,1.0406,,,,,,,,,,,,,,
27.6,29.2,1.0594,,,,,,,,,,,,,,
28.1,28.6,1.0715,,,,,,,,,,,,,,
29.1,26.8,1.0648,,,,,,,,,,,,,,
28.4,28.3,1.0798,,,,,,,,,,,,,,
26.6,32.1,1.1020,,,,,,,,,,,,,,
25.3,35.3,1.1262,,,,,,,,,,,,,,
24.7,37.1,1.1397,,,,,,,,,,,,,,
23.5,40.6,1.1588,,,,,,,,,,,,,,
22.8,43.4,1.1915,,,,,,,,,,,,,,
22.2,47.9,1.2626,,,,,,,,,,,,,,
21.3,50.5,1.2652,,,,,,,,,,,,,,
20.6,53.2,1.2742,,,,,,,,,,,,,,
19.6,56.6,1.2797,,,,,,,,,,,,,,
18.8,59.8,1.2847,,,,,,,,,,,,,,
18.8,59.5,1.2758,,,,,,,,,,,,,,
19.3,57.0,1.2603,,,,,,,,,,,,,,
18.2,60.8,1.2567,,,,,,,,,,,,,,
16.8,66.8,1.2721,,,,,,,,,,,,,,
18.6,60.0,1.2757,,,,,,,,,,,,,,
22.2,48.0,1.2678,,,,,,,,,,,,,,
26.5,35.7,1.2149,,,,,,,,,,,,,,
30.0,28.5,1.1883,,,,,,,,,,,,,,
32.2,24.7,1.1696,,,,,,,,,,,,,,
29.6,28.6,1.1628,,,,,,,,,,,,,,
29.8,28.5,1.1809,,,,,,,,,,,,,,
31.1,26.1,1.1630,,,,,,,,,,,,,,
34.6,22.4,1.2120,,,,,,,,,,,,,,
33.2,25.4,1.2722,,,,,,,,,,,,,,
30.0,31.4,1.3074,,,,,,,,,,,,,,
27.5,38.1,1.3756,,,,,,,,,,,,,,
26.2,42.5,1.4230,,,,,,,,,,,,,,
24.7,46.4,1.4206,,,,,,,,,,,,,,
23.6,50.0,1.4383,,,,,,,,,,,,,,
22.7,53.6,1.4632,,,,,,,,,,,,,,
22.7,53.8,1.4666,,,,,,,,,,,,,,
22.8,53.0,1.4577,,,,,,,,,,,,,,
21.4,57.6,1.4469,,,,,,,,,,,,,,
19.9,62.3,1.4363,,,,,,,,,,,,,,
19.5,63.5,1.4269,,,,,,,,,,,,,,
20.2,60.8,1.4243,,,,,,,,,,,,,,
19.4,63.5,1.4139,,,,,,,,,,,,,,
18.7,65.6,1.4039,,,,,,,,,,,,,,
20.1,60.6,1.4062,,,,,,,,,,,,,,
23.5,49.7,1.4156,,,,,,,,,,,,,,
26.4,41.9,1.4237,,,,,,,,,,,,,,
29.9,34.0,1.4096,,,,,,,,,,,,,,
31.5,30.8,1.4017,,,,,,,,,,,,,,
30.2,30.2,1.2744,,,,,,,,,,,,,,
30.5,29.3,1.2612,,,,,,,,,,,,,,
31.8,27.4,1.2673,,,,,,,,,,,,,,
34.3,23.2,1.2326,,,,,,,,,,,,,,
34.1,23.0,1.2081,,,,,,,,,,,,,,
30.5,29.2,1.2585,,,,,,,,,,,,,,
28.1,32.4,1.2173,,,,,,,,,,,,,,
26.5,31.7,1.0787,,,,,,,,,,,,,,
24.8,33.7,1.0377,,,,,,,,,,,,,,
23.9,38.1,1.1123,,,,,,,,,,,,,,
23.0,43.0,1.1897,,,,,,,,,,,,,,
23.5,44.7,1.2755,,,,,,,,,,,,,,
22.3,47.7,1.2643,,,,,,,,,,,,,,
22.1,49.8,1.3094,,,,,,,,,,,,,,
21.8,51.4,1.3272,,,,,,,,,,,,,,
20.8,55.9,1.3581,,,,,,,,,,,,,,
18.8,63.0,1.3582,,,,,,,,,,,,,,
18.3,65.5,1.3686,,,,,,,,,,,,,,
18.2,66.1,1.3679,,,,,,,,,,,,,,
19.6,60.7,1.3713,,,,,,,,,,,,,,
22.6,51.4,1.3920,,,,,,,,,,,,,,
25.8,44.2,1.4512,,,,,,,,,,,,,,
28.5,39.0,1.4928,,,,,,,,,,,,,,
30.1,35.1,1.4782,,,,,,,,,,,,,,
29.4,36.4,1.4718,,,,,,,,,,,,,,
29.2,37.9,1.5116,,,,,,,,,,,,,,
30.5,34.9,1.5015,,,,,,,,,,,,,,
31.5,31.4,1.4310,,,,,,,,,,,,,,
31.2,31.4,1.3987,,,,,,,,,,,,,,
28.5,37.2,1.4282,,,,,,,,,,,,,,
26.7,42.3,1.4618,,,,,,,,,,,,,,
24.8,49.0,1.5092,,,,,,,,,,,,,,
23.6,53.6,1.5374,,,,,,,,,,,,,,
23.0,55.8,1.5480,,,,,,,,,,,,,,
22.1,58.4,1.5393,,,,,,,,,,,,,,
22.6,56.3,1.5233,,,,,,,,,,,,,,
21.0,61.3,1.5031,,,,,,,,,,,,,,
23.0,54.0,1.5010,,,,,,,,,,,,,,
19.8,65.3,1.4894,,,,,,,,,,,,,,
18.3,70.8,1.4794,,,,,,,,,,,,,,
18.1,72.5,1.4876,,,,,,,,,,,,,,
18.3,71.0,1.4807,,,,,,,,,,,,,,
18.5,68.9,1.4565,,,,,,,,,,,,,,
20.1,62.7,1.4610,,,,,,,,,,,,,,
23.5,52.0,1.4833,,,,,,,,,,,,,,
26.8,42.7,1.4864,,,,,,,,,,,,,,
29.1,36.7,1.4543,,,,,,,,,,,,,,
30.8,32.0,1.4014,,,,,,,,,,,,,,
27.9,37.0,1.3720,,,,,,,,,,,,,,
28.5,37.3,1.4291,,,,,,,,,,,,,,
30.2,32.9,1.3865,,,,,,,,,,,,,,
32.9,27.7,1.3622,,,,,,,,,,,,,,
32.2,28.8,1.3624,,,,,,,,,,,,,,
28.8,39.0,1.5203,,,,,,,,,,,,,,
26.7,43.3,1.4881,,,,,,,,,,,,,,
24.6,54.0,1.6461,,,,,,,,,,,,,,
23.4,59.9,1.6992,,,,,,,,,,,,,,
22.5,62.6,1.6883,,,,,,,,,,,,,,
22.9,62.0,1.7127,,,,,,,,,,,,,,
22.2,64.9,1.7190,,,,,,,,,,,,,,
21.4,68.5,1.7261,,,,,,,,,,,,,,
22.2,63.0,1.6673,,,,,,,,,,,,,,
22.4,59.9,1.6069,,,,,,,,,,,,,,
21.1,63.8,1.5817,,,,,,,,,,,,,,
22.9,57.5,1.5879,,,,,,,,,,,,,,
21.3,63.2,1.5794,,,,,,,,,,,,,,
21.3,63.5,1.5941,,,,,,,,,,,,,,
23.7,54.4,1.5765,,,,,,,,,,,,,,
25.0,50.8,1.5903,,,,,,,,,,,,,,
26.3,48.1,1.6199,,,,,,,,,,,,,,
26.4,47.3,1.6006,,,,,,,,,,,,,,
29.3,39.5,1.5855,,,,,,,,,,,,,,
29.0,39.6,1.5581,,,,,,,,,,,,,,
29.8,38.0,1.5642,,,,,,,,,,,,,,
30.4,37.2,1.5880,,,,,,,,,,,,,,
31.5,34.9,1.5903,,,,,,,,,,,,,,
31.6,34.8,1.5925,,,,,,,,,,,,,,
29.0,40.5,1.5949,,,,,,,,,,,,,,
27.2,45.9,1.6302,,,,,,,,,,,,,,
26.2,48.7,1.6256,,,,,,,,,,,,,,
25.1,50.5,1.5840,,,,,,,,,,,,,,
24.1,50.7,1.4959,,,,,,,,,,,,,,
22.5,53.7,1.4486,,,,,,,,,,,,,,
22.7,53.7,1.4580,,,,,,,,,,,,,,
21.5,57.9,1.4658,,,,,,,,,,,,,,
22.3,55.8,1.4828,,,,,,,,,,,,,,
22.7,53.8,1.4673,,,,,,,,,,,,,,
21.1,59.9,1.4789,,,,,,,,,,,,,,
20.4,63.0,1.4946,,,,,,,,,,,,,,
20.8,62.2,1.5119,,,,,,,,,,,,,,
21.3,61.6,1.5452,,,,,,,,,,,,,,
21.9,60.2,1.5600,,,,,,,,,,,,,,
23.0,56.4,1.5614,,,,,,,,,,,,,,
25.1,49.5,1.5572,,,,,,,,,,,,,,
26.6,44.3,1.5229,,,,,,,,,,,,,,
26.2,46.0,1.5422,,,,,,,,,,,,,,
25.4,48.7,1.5594,,,,,,,,,,,,,,
25.6,48.3,1.5580,,,,,,,,,,,,,,
25.7,47.8,1.5548,,,,,,,,,,,,,,
24.9,49.2,1.5251,,,,,,,,,,,,,,
18.3,75.4,1.5682,,,,,,,,,,,,,,
16.3,73.9,1.3601,,,,,,,,,,,,,,
15.6,75.7,1.3345,,,,,,,,,,,,,,
15.4,76.6,1.3334,,,,,,,,,,,,,,
14.0,75.4,1.1988,,,,,,,,,,,,,,
14.9,60.5,1.0213,,,,,,,,,,,,,,
15.5,50.9,0.8880,,,,,,,,,,,,,,
15.6,50.0,0.8773,,,,,,,,,,,,,,
15.4,53.6,0.9326,,,,,,,,,,,,,,
15.4,53.9,0.9334,,,,,,,,,,,,,,
15.3,52.4,0.9017,,,,,,,,,,,,,,
15.3,53.1,0.9181,,,,,,,,,,,,,,
15.4,53.7,0.9295,,,,,,,,,,,,,,
15.5,53.3,0.9308,,,,,,,,,,,,,,
15.4,52.7,0.9178,,,,,,,,,,,,,,
15.7,51.1,0.9056,,,,,,,,,,,,,,
16.9,47.7,0.9142,,,,,,,,,,,,,,
18.2,41.9,0.8674,,,,,,,,,,,,,,
19.1,37.0,0.8104,,,,,,,,,,,,,,
19.3,34.8,0.7710,,,,,,,,,,,,,,
19.8,31.2,0.7127,,,,,,,,,,,,,,
19.8,31.1,0.7104,,,,,,,,,,,,,,
20.2,28.6,0.6717,,,,,,,,,,,,,,
22.1,24.8,0.6514,,,,,,,,,,,,,,
21.1,27.7,0.6853,,,,,,,,,,,,,,
20.1,30.3,0.7045,,,,,,,,,,,,,,
19.5,33.0,0.7384,,,,,,,,,,,,,,
19.3,32.3,0.7163,,,,,,,,,,,,,,
18.4,33.2,0.6975,,,,,,,,,,,,,,
17.8,36.5,0.7366,,,,,,,,,,,,,,
17.8,39.9,0.8035,,,,,,,,,,,,,,
17.0,43.0,0.8242,,,,,,,,,,,,,,
15.5,52.2,0.9136,,,,,,,,,,,,,,
15.6,51.9,0.9135,,,,,,,,,,,,,,
13.5,59.4,0.9176,,,,,,,,,,,,,,
13.4,59.9,0.9173,,,,,,,,,,,,,,
12.5,63.2,0.9146,,,,,,,,,,,,,,
13.6,57.6,0.8941,,,,,,,,,,,,,,
12.2,63.2,0.8964,,,,,,,,,,,,,,
14.6,56.4,0.9319,,,,,,,,,,,,,,
19.8,38.6,0.8831,,,,,,,,,,,,,,
21.6,33.4,0.8519,,,,,,,,,,,,,,
22.0,32.2,0.8407,,,,,,,,,,,,,,
22.7,30.2,0.8217,,,,,,,,,,,,,,
22.3,30.4,0.8063,,,,,,,,,,,,,,
22.1,30.5,0.7981,,,,,,,,,,,,,,
22.1,29.5,0.7761,,,,,,,,,,,,,,
23.4,27.1,0.7681,,,,,,,,,,,,,,
23.1,27.0,0.7538,,,,,,,,,,,,,,
21.5,31.4,0.7943,,,,,,,,,,,,,,
20.3,35.5,0.8330,,,,,,,,,,,,,,
19.6,36.3,0.8193,,,,,,,,,,,,,,
18.7,39.7,0.8482,,,,,,,,,,,,,,
18.0,42.7,0.8745,,,,,,,,,,,,,,
17.1,47.6,0.9208,,,,,,,,,,,,,,
16.6,51.3,0.9634,,,,,,,,,,,,,,
15.9,55.2,0.9881,,,,,,,,,,,,,,
14.9,58.9,0.9891,,,,,,,,,,,,,,
14.1,61.0,0.9799,,,,,,,,,,,,,,
14.0,62.6,0.9948,,,,,,,,,,,,,,
14.1,61.7,0.9844,,,,,,,,,,,,,,
14.4,60.3,0.9802,,,,,,,,,,,,,,
15.0,57.7,0.9778,,,,,,,,,,,,,,
16.9,50.3,0.9580,,,,,,,,,,,,,,
19.7,40.2,0.9108,,,,,,,,,,,,,,
22.2,33.6,0.8886,,,,,,,,,,,,,,
23.7,29.6,0.8537,,,,,,,,,,,,,,
21.9,30.7,0.7961,,,,,,,,,,,,,,
22.3,29.5,0.7838,,,,,,,,,,,,,,
23.8,27.0,0.7845,,,,,,,,,,,,,,
23.3,28.3,0.8012,,,,,,,,,,,,,,
24.2,27.2,0.8128,,,,,,,,,,,,,,
25.1,25.8,0.8065,,,,,,,,,,,,,,
22.3,29.2,0.7773,,,,,,,,,,,,,,
20.8,32.5,0.7873,,,,,,,,,,,,,,
19.1,36.8,0.8066,,,,,,,,,,,,,,
18.1,39.9,0.8232,,,,,,,,,,,,,,
17.4,42.8,0.8463,,,,,,,,,,,,,,
16.7,46.6,0.8793,,,,,,,,,,,,,,
17.1,46.8,0.9054,,,,,,,,,,,,,,
15.3,51.9,0.8982,,,,,,,,,,,,,,
15.0,52.8,0.8929,,,,,,,,,,,,,,
14.4,54.5,0.8887,,,,,,,,,,,,,,
12.8,59.8,0.8801,,,,,,,,,,,,,,
11.9,62.7,0.8726,,,,,,,,,,,,,,
12.1,62.6,0.8825,,,,,,,,,,,,,,
13.5,58.2,0.8944,,,,,,,,,,,,,,
14.4,55.7,0.9087,,,,,,,,,,,,,,
17.8,45.7,0.9224,,,,,,,,,,,,,,
21.0,37.2,0.9155,,,,,,,,,,,,,,
24.5,29.8,0.9008,,,,,,,,,,,,,,
26.4,26.4,0.8969,,,,,,,,,,,,,,
25.2,26.8,0.8451,,,,,,,,,,,,,,
26.1,24.8,0.8283,,,,,,,,,,,,,,
26.2,24.4,0.8174,,,,,,,,,,,,,,
28.9,21.3,0.8382,,,,,,,,,,,,,,
28.0,23.3,0.8681,,,,,,,,,,,,,,
24.7,27.9,0.8559,,,,,,,,,,,,,,
23.0,33.6,0.9302,,,,,,,,,,,,,,
20.9,45.8,1.1159,,,,,,,,,,,,,,
19.8,48.6,1.1130,,,,,,,,,,,,,,
19.8,47.7,1.0885,,,,,,,,,,,,,,
18.6,49.1,1.0435,,,,,,,,,,,,,,
17.2,53.9,1.0498,,,,,,,,,,,,,,
16.3,56.8,1.0470,,,,,,,,,,,,,,
17.4,53.4,1.0541,,,,,,,,,,,,,,
15.5,58.8,1.0309,,,,,,,,,,,,,,
14.6,62.1,1.0236,,,,,,,,,,,,,,
17.1,52.5,1.0130,,,,,,,,,,,,,,
15.2,58.3,0.9986,,,,,,,,,,,,,,
14.9,59.2,0.9985,,,,,,,,,,,,,,
15.1,59.0,1.0086,,,,,,,,,,,,,,
19.0,47.8,1.0434,,,,,,,,,,,,,,
22.4,38.8,1.0400,,,,,,,,,,,,,,
25.4,33.3,1.0679,,,,,,,,,,,,,,
27.2,30.4,1.0810,,,,,,,,,,,,,,
25.5,34.8,1.1152,,,,,,,,,,,,,,
26.4,28.5,0.9658,,,,,,,,,,,,,,
27.7,25.1,0.9158,,,,,,,,,,,,,,
28.6,23.2,0.8917,,,,,,,,,,,,,,
27.2,26.3,0.9317,,,,,,,,,,,,,,
25.3,33.0,1.0473,,,,,,,,,,,,,,
23.2,36.9,1.0346,,,,,,,,,,,,,,
21.6,43.3,1.1019,,,,,,,,,,,,,,
21.1,44.8,1.1088,,,,,,,,,,,,,,
19.7,49.3,1.1148,,,,,,,,,,,,,,
20.3,47.8,1.1281,,,,,,,,,,,,,,
19.4,50.3,1.1201,,,,,,,,,,,,,,
18.3,53.1,1.1056,,,,,,,,,,,,,,
17.5,56.1,1.1103,,,,,,,,,,,,,,
19.2,50.3,1.1087,,,,,,,,,,,,,,
16.6,59.6,1.1170,,,,,,,,,,,,,,
17.5,57.1,1.1311,,,,,,,,,,,,,,
17.6,57.6,1.1471,,,,,,,,,,,,,,
18.0,57.0,1.1665,,,,,,,,,,,,,,
18.5,55.9,1.1779,,,,,,,,,,,,,,
18.6,57.2,1.2146,,,,,,,,,,,,,,
20.2,53.0,1.2407,,,,,,,,,,,,,,
21.3,50.1,1.2539,,,,,,,,,,,,,,
24.6,42.8,1.3053,,,,,,,,,,,,,,
24.6,44.1,1.3477,,,,,,,,,,,,,,
25.6,43.4,1.4049,,,,,,,,,,,,,,
26.1,42.6,1.4172,,,,,,,,,,,,,,
25.8,44.8,1.4644,,,,,,,,,,,,,,
25.4,47.9,1.5346,,,,,,,,,,,,,,
24.6,50.0,1.5241,,,,,,,,,,,,,,
23.6,54.4,1.5687,,,,,,,,,,,,,,
22.6,59.5,1.6155,,,,,,,,,,,,,,
22.1,61.3,1.6133,,,,,,,,,,,,,,
22.1,61.3,1.6053,,,,,,,,,,,,,,
21.1,64.7,1.5956,,,,,,,,,,,,,,
20.3,66.4,1.5591,,,,,,,,,,,,,,
19.4,69.3,1.5418,,,,,,,,,,,,,,
19.0,70.8,1.5417,,,,,,,,,,,,,,
20.2,65.8,1.5442,,,,,,,,,,,,,,
19.8,67.2,1.5322,,,,,,,,,,,,,,
19.0,70.3,1.5308,,,,,,,,,,,,,,
18.8,71.8,1.5372,,,,,,,,,,,,,,
20.2,66.3,1.5550,,,,,,,,,,,,,,
20.8,64.3,1.5630,,,,,,,,,,,,,,
22.3,59.3,1.5705,,,,,,,,,,,,,,
23.2,56.6,1.5929,,,,,,,,,,,,,,
23.8,54.7,1.5870,,,,,,,,,,,,,,
23.5,56.2,1.6048,,,,,,,,,,,,,,
23.9,54.4,1.5963,,,,,,,,,,,,,,
-200,-200,-200,,,,,,,,,,,,,,
25.4,47.4,1.5170,,,,,,,,,,,,,,
26.4,45.4,1.5400,,,,,,,,,,,,,,
25.8,46.9,1.5375,,,,,,,,,,,,,,
25.3,49.6,1.5805,,,,,,,,,,,,,,
24.2,54.3,1.6117,,,,,,,,,,,,,,
22.8,58.1,1.5951,,,,,,,,,,,,,,
21.5,63.2,1.5993,,,,,,,,,,,,,,
21.3,63.0,1.5798,,,,,,,,,,,,,,
20.8,64.1,1.5540,,,,,,,,,,,,,,
20.6,64.0,1.5346,,,,,,,,,,,,,,
20.6,63.4,1.5190,,,,,,,,,,,,,,
20.4,64.4,1.5220,,,,,,,,,,,,,,
21.3,61.0,1.5290,,,,,,,,,,,,,,
20.5,64.0,1.5247,,,,,,,,,,,,,,
20.3,65.3,1.5321,,,,,,,,,,,,,,
20.1,65.9,1.5321,,,,,,,,,,,,,,
20.2,65.6,1.5368,,,,,,,,,,,,,,
21.1,62.8,1.5481,,,,,,,,,,,,,,
22.5,57.5,1.5518,,,,,,,,,,,,,,
24.2,51.9,1.5426,,,,,,,,,,,,,,
25.2,48.9,1.5437,,,,,,,,,,,,,,
25.8,47.8,1.5662,,,,,,,,,,,,,,
25.7,49.2,1.5988,,,,,,,,,,,,,,
25.8,49.6,1.6213,,,,,,,,,,,,,,
25.7,48.8,1.5913,,,,,,,,,,,,,,
26.5,45.9,1.5626,,,,,,,,,,,,,,
25.4,48.9,1.5650,,,,,,,,,,,,,,
24.4,52.5,1.5830,,,,,,,,,,,,,,
23.9,54.6,1.5936,,,,,,,,,,,,,,
22.9,57.9,1.5958,,,,,,,,,,,,,,
22.1,61.1,1.6012,,,,,,,,,,,,,,
20.8,65.6,1.5898,,,,,,,,,,,,,,
21.7,60.8,1.5630,,,,,,,,,,,,,,
21.1,62.8,1.5505,,,,,,,,,,,,,,
20.7,63.2,1.5240,,,,,,,,,,,,,,
21.2,61.5,1.5241,,,,,,,,,,,,,,
20.3,64.6,1.5180,,,,,,,,,,,,,,
20.2,64.4,1.5035,,,,,,,,,,,,,,
20.1,65.3,1.5153,,,,,,,,,,,,,,
19.9,66.0,1.5141,,,,,,,,,,,,,,
19.8,66.4,1.5145,,,,,,,,,,,,,,
20.4,64.1,1.5178,,,,,,,,,,,,,,
21.6,60.8,1.5496,,,,,,,,,,,,,,
23.5,54.5,1.5553,,,,,,,,,,,,,,
25.7,46.6,1.5105,,,,,,,,,,,,,,
26.6,43.7,1.5031,,,,,,,,,,,,,,
27.4,41.8,1.5056,,,,,,,,,,,,,,
27.4,42.8,1.5344,,,,,,,,,,,,,,
27.1,43.3,1.5255,,,,,,,,,,,,,,
26.9,44.4,1.5510,,,,,,,,,,,,,,
26.9,44.4,1.5538,,,,,,,,,,,,,,
24.7,51.9,1.5868,,,,,,,,,,,,,,
23.7,55.6,1.6074,,,,,,,,,,,,,,
22.7,59.6,1.6261,,,,,,,,,,,,,,
21.9,61.4,1.5946,,,,,,,,,,,,,,
22.0,59.8,1.5620,,,,,,,,,,,,,,
20.5,64.9,1.5473,,,,,,,,,,,,,,
19.8,66.9,1.5277,,,,,,,,,,,,,,
18.4,71.6,1.4997,,,,,,,,,,,,,,
18.9,68.6,1.4818,,,,,,,,,,,,,,
17.8,72.3,1.4546,,,,,,,,,,,,,,
17.1,73.9,1.4262,,,,,,,,,,,,,,
17.7,70.3,1.4088,,,,,,,,,,,,,,
17.1,71.8,1.3936,,,,,,,,,,,,,,
18.3,67.5,1.4044,,,,,,,,,,,,,,
18.5,67.0,1.4135,,,,,,,,,,,,,,
19.9,61.7,1.4193,,,,,,,,,,,,,,
22.9,52.6,1.4519,,,,,,,,,,,,,,
24.2,49.0,1.4586,,,,,,,,,,,,,,
25.8,44.7,1.4590,,,,,,,,,,,,,,
26.0,44.5,1.4731,,,,,,,,,,,,,,
27.1,40.2,1.4217,,,,,,,,,,,,,,
27.4,39.8,1.4318,,,,,,,,,,,,,,
28.9,36.3,1.4291,,,,,,,,,,,,,,
28.4,37.5,1.4251,,,,,,,,,,,,,,
26.0,43.9,1.4562,,,,,,,,,,,,,,
24.3,49.6,1.4860,,,,,,,,,,,,,,
23.3,53.0,1.4939,,,,,,,,,,,,,,
22.6,55.1,1.4899,,,,,,,,,,,,,,
21.2,59.3,1.4787,,,,,,,,,,,,,,
20.6,60.9,1.4642,,,,,,,,,,,,,,
20.0,63.1,1.4592,,,,,,,,,,,,,,
19.7,63.4,1.4383,,,,,,,,,,,,,,
20.8,58.8,1.4305,,,,,,,,,,,,,,
17.8,69.8,1.4058,,,,,,,,,,,,,,
18.8,65.3,1.4023,,,,,,,,,,,,,,
17.6,69.5,1.3889,,,,,,,,,,,,,,
17.4,69.7,1.3714,,,,,,,,,,,,,,
17.4,70.1,1.3783,,,,,,,,,,,,,,
18.5,65.5,1.3787,,,,,,,,,,,,,,
20.6,58.5,1.4054,,,,,,,,,,,,,,
23.9,48.7,1.4269,,,,,,,,,,,,,,
26.0,43.8,1.4499,,,,,,,,,,,,,,
28.6,37.3,1.4423,,,,,,,,,,,,,,
27.9,38.0,1.4029,,,,,,,,,,,,,,
28.4,37.6,1.4282,,,,,,,,,,,,,,
28.5,37.3,1.4329,,,,,,,,,,,,,,
30.8,31.8,1.3908,,,,,,,,,,,,,,
29.7,33.1,1.3546,,,,,,,,,,,,,,
27.0,40.2,1.4158,,,,,,,,,,,,,,
25.6,47.5,1.5390,,,,,,,,,,,,,,
23.9,57.2,1.6774,,,,,,,,,,,,,,
22.7,60.8,1.6582,,,,,,,,,,,,,,
21.8,59.9,1.5492,,,,,,,,,,,,,,
22.4,58.3,1.5610,,,,,,,,,,,,,,
21.7,60.2,1.5442,,,,,,,,,,,,,,
21.2,61.4,1.5258,,,,,,,,,,,,,,
19.3,68.4,1.5130,,,,,,,,,,,,,,
19.8,65.1,1.4900,,,,,,,,,,,,,,
20.0,62.9,1.4495,,,,,,,,,,,,,,
18.3,68.5,1.4291,,,,,,,,,,,,,,
18.1,68.5,1.4067,,,,,,,,,,,,,,
17.6,70.5,1.4057,,,,,,,,,,,,,,
18.3,67.8,1.4091,,,,,,,,,,,,,,
20.4,61.2,1.4470,,,,,,,,,,,,,,
22.5,55.6,1.4990,,,,,,,,,,,,,,
25.7,46.4,1.5070,,,,,,,,,,,,,,
26.8,44.6,1.5467,,,,,,,,,,,,,,
26.0,46.4,1.5414,,,,,,,,,,,,,,
26.3,46.0,1.5478,,,,,,,,,,,,,,
27.4,43.9,1.5811,,,,,,,,,,,,,,
29.6,36.7,1.4936,,,,,,,,,,,,,,
28.7,37.3,1.4486,,,,,,,,,,,,,,
25.7,44.1,1.4331,,,,,,,,,,,,,,
24.5,49.5,1.5022,,,,,,,,,,,,,,
23.3,54.4,1.5386,,,,,,,,,,,,,,
22.4,57.9,1.5449,,,,,,,,,,,,,,
22.7,55.8,1.5218,,,,,,,,,,,,,,
20.4,62.4,1.4758,,,,,,,,,,,,,,
20.3,64.2,1.5063,,,,,,,,,,,,,,
21.4,60.6,1.5236,,,,,,,,,,,,,,
20.3,66.3,1.5657,,,,,,,,,,,,,,
20.9,62.2,1.5182,,,,,,,,,,,,,,
19.9,66.1,1.5198,,,,,,,,,,,,,,
19.8,67.1,1.5305,,,,,,,,,,,,,,
20.1,64.4,1.4967,,,,,,,,,,,,,,
19.7,66.4,1.5035,,,,,,,,,,,,,,
20.9,62.4,1.5226,,,,,,,,,,,,,,
22.5,57.0,1.5314,,,,,,,,,,,,,,
23.5,53.4,1.5241,,,,,,,,,,,,,,
24.7,48.2,1.4802,,,,,,,,,,,,,,
27.1,40.9,1.4405,,,,,,,,,,,,,,
25.9,44.2,1.4576,,,,,,,,,,,,,,
26.9,41.8,1.4555,,,,,,,,,,,,,,
27.2,40.7,1.4481,,,,,,,,,,,,,,
28.6,37.6,1.4468,,,,,,,,,,,,,,
28.0,38.5,1.4370,,,,,,,,,,,,,,
25.2,45.8,1.4464,,,,,,,,,,,,,,
24.0,50.6,1.4892,,,,,,,,,,,,,,
23.2,54.7,1.5296,,,,,,,,,,,,,,
22.3,57.1,1.5219,,,,,,,,,,,,,,
21.8,58.2,1.5036,,,,,,,,,,,,,,
20.9,61.3,1.4923,,,,,,,,,,,,,,
20.6,62.0,1.4827,,,,,,,,,,,,,,
20.3,62.5,1.4720,,,,,,,,,,,,,,
20.5,62.1,1.4771,,,,,,,,,,,,,,
18.7,68.5,1.4586,,,,,,,,,,,,,,
18.2,70.3,1.4498,,,,,,,,,,,,,,
18.2,70.1,1.4552,,,,,,,,,,,,,,
18.2,70.0,1.4519,,,,,,,,,,,,,,
19.4,66.5,1.4801,,,,,,,,,,,,,,
19.5,66.9,1.4999,,,,,,,,,,,,,,
21.1,61.1,1.5056,,,,,,,,,,,,,,
23.2,54.7,1.5349,,,,,,,,,,,,,,
24.4,52.5,1.5807,,,,,,,,,,,,,,
26.4,45.8,1.5530,,,,,,,,,,,,,,
27.7,39.2,1.4356,,,,,,,,,,,,,,
28.0,39.6,1.4738,,,,,,,,,,,,,,
28.7,38.4,1.4860,,,,,,,,,,,,,,
28.5,39.4,1.5147,,,,,,,,,,,,,,
28.4,39.8,1.5191,,,,,,,,,,,,,,
26.4,45.9,1.5572,,,,,,,,,,,,,,
25.2,49.5,1.5665,,,,,,,,,,,,,,
24.9,50.9,1.5856,,,,,,,,,,,,,,
24.6,52.2,1.5951,,,,,,,,,,,,,,
24.0,54.4,1.6049,,,,,,,,,,,,,,
23.8,56.1,1.6298,,,,,,,,,,,,,,
22.3,60.6,1.6080,,,,,,,,,,,,,,
21.9,61.5,1.5967,,,,,,,,,,,,,,
21.1,64.5,1.5940,,,,,,,,,,,,,,
21.0,64.4,1.5828,,,,,,,,,,,,,,
21.3,63.9,1.5951,,,,,,,,,,,,,,
20.8,66.7,1.6201,,,,,,,,,,,,,,
20.6,67.5,1.6210,,,,,,,,,,,,,,
20.9,66.3,1.6165,,,,,,,,,,,,,,
21.5,63.7,1.6186,,,,,,,,,,,,,,
23.7,56.0,1.6238,,,,,,,,,,,,,,
26.0,48.2,1.5980,,,,,,,,,,,,,,
28.5,42.4,1.6286,,,,,,,,,,,,,,
28.1,45.3,1.6957,,,,,,,,,,,,,,
29.0,43.9,1.7309,,,,,,,,,,,,,,
28.9,44.3,1.7392,,,,,,,,,,,,,,
29.6,42.3,1.7248,,,,,,,,,,,,,,
29.4,42.9,1.7308,,,,,,,,,,,,,,
28.7,45.1,1.7468,,,,,,,,,,,,,,
27.0,51.2,1.7928,,,,,,,,,,,,,,
26.5,52.7,1.7966,,,,,,,,,,,,,,
26.2,51.7,1.7334,,,,,,,,,,,,,,
24.8,56.4,1.7447,,,,,,,,,,,,,,
24.9,56.0,1.7367,,,,,,,,,,,,,,
24.5,57.5,1.7433,,,,,,,,,,,,,,
24.7,56.9,1.7438,,,,,,,,,,,,,,
23.9,59.2,1.7327,,,,,,,,,,,,,,
23.8,60.2,1.7515,,,,,,,,,,,,,,
23.5,61.3,1.7538,,,,,,,,,,,,,,
22.8,64.0,1.7507,,,,,,,,,,,,,,
22.2,65.6,1.7355,,,,,,,,,,,,,,
21.3,69.1,1.7275,,,,,,,,,,,,,,
21.3,68.2,1.7127,,,,,,,,,,,,,,
22.2,65.2,1.7256,,,,,,,,,,,,,,
24.1,59.0,1.7449,,,,,,,,,,,,,,
24.3,61.6,1.8468,,,,,,,,,,,,,,
24.8,59.6,1.8351,,,,,,,,,,,,,,
24.5,58.8,1.7838,,,,,,,,,,,,,,
21.0,76.8,1.8881,,,,,,,,,,,,,,
19.8,78.0,1.7879,,,,,,,,,,,,,,
19.4,80.5,1.7917,,,,,,,,,,,,,,
19.6,79.1,1.7877,,,,,,,,,,,,,,
20.8,73.1,1.7695,,,,,,,,,,,,,,
21.1,68.6,1.7014,,,,,,,,,,,,,,
21.1,68.3,1.6914,,,,,,,,,,,,,,
21.2,67.7,1.6848,,,,,,,,,,,,,,
20.8,68.6,1.6719,,,,,,,,,,,,,,
20.8,68.1,1.6585,,,,,,,,,,,,,,
20.7,68.4,1.6507,,,,,,,,,,,,,,
20.1,70.5,1.6384,,,,,,,,,,,,,,
20.2,67.9,1.5901,,,,,,,,,,,,,,
19.4,70.4,1.5663,,,,,,,,,,,,,,
18.8,73.8,1.5885,,,,,,,,,,,,,,
17.9,77.7,1.5795,,,,,,,,,,,,,,
18.2,76.9,1.5945,,,,,,,,,,,,,,
18.6,74.9,1.5918,,,,,,,,,,,,,,
19.6,70.3,1.5821,,,,,,,,,,,,,,
20.2,66.6,1.5567,,,,,,,,,,,,,,
19.7,68.9,1.5638,,,,,,,,,,,,,,
19.2,73.4,1.6192,,,,,,,,,,,,,,
20.0,69.6,1.6070,,,,,,,,,,,,,,
21.1,64.0,1.5795,,,,,,,,,,,,,,
20.2,67.4,1.5832,,,,,,,,,,,,,,
20.2,68.9,1.6074,,,,,,,,,,,,,,
21.9,57.6,1.4942,,,,,,,,,,,,,,
23.2,52.0,1.4642,,,,,,,,,,,,,,
21.7,59.1,1.5115,,,,,,,,,,,,,,
20.8,61.4,1.4898,,,,,,,,,,,,,,
19.9,64.2,1.4711,,,,,,,,,,,,,,
19.7,65.1,1.4769,,,,,,,,,,,,,,
20.0,63.3,1.4672,,,,,,,,,,,,,,
19.0,66.1,1.4415,,,,,,,,,,,,,,
18.8,60.9,1.3032,,,,,,,,,,,,,,
18.9,60.7,1.3110,,,,,,,,,,,,,,
18.1,65.2,1.3430,,,,,,,,,,,,,,
18.3,65.1,1.3529,,,,,,,,,,,,,,
18.3,66.9,1.3952,,,,,,,,,,,,,,
17.8,67.5,1.3674,,,,,,,,,,,,,,
16.9,66.7,1.2772,,,,,,,,,,,,,,
17.8,60.6,1.2276,,,,,,,,,,,,,,
17.6,60.8,1.2151,,,,,,,,,,,,,,
17.9,57.8,1.1751,,,,,,,,,,,,,,
18.1,56.4,1.1645,,,,,,,,,,,,,,
18.2,55.9,1.1547,,,,,,,,,,,,,,
19.7,49.1,1.1148,,,,,,,,,,,,,,
20.8,45.8,1.1126,,,,,,,,,,,,,,
20.5,46.0,1.1000,,,,,,,,,,,,,,
18.9,50.6,1.0927,,,,,,,,,,,,,,
18.4,51.6,1.0832,,,,,,,,,,,,,,
17.9,52.6,1.0711,,,,,,,,,,,,,,
17.1,54.2,1.0503,,,,,,,,,,,,,,
16.5,56.2,1.0455,,,,,,,,,,,,,,
16.7,54.1,1.0212,,,,,,,,,,,,,,
15.4,57.7,1.0008,,,,,,,,,,,,,,
15.5,57.1,0.9971,,,,,,,,,,,,,,
15.6,55.9,0.9850,,,,,,,,,,,,,,
14.8,58.4,0.9777,,,,,,,,,,,,,,
14.8,57.9,0.9662,,,,,,,,,,,,,,
14.6,57.6,0.9517,,,,,,,,,,,,,,
14.6,57.1,0.9428,,,,,,,,,,,,,,
14.4,57.6,0.9416,,,,,,,,,,,,,,
14.5,57.4,0.9413,,,,,,,,,,,,,,
14.3,58.4,0.9501,,,,,,,,,,,,,,
14.7,57.4,0.9564,,,,,,,,,,,,,,
14.3,58.1,0.9404,,,,,,,,,,,,,,
14.0,58.3,0.9294,,,,,,,,,,,,,,
15.4,53.2,0.9246,,,,,,,,,,,,,,
16.5,49.9,0.9289,,,,,,,,,,,,,,
17.4,47.6,0.9387,,,,,,,,,,,,,,
18.0,46.1,0.9401,,,,,,,,,,,,,,
17.9,46.5,0.9474,,,,,,,,,,,,,,
17.4,48.3,0.9550,,,,,,,,,,,,,,
16.0,52.6,0.9489,,,,,,,,,,,,,,
15.3,58.7,1.0154,,,,,,,,,,,,,,
15.2,55.9,0.9572,,,,,,,,,,,,,,
14.8,56.3,0.9459,,,,,,,,,,,,,,
14.7,57.8,0.9626,,,,,,,,,,,,,,
14.8,57.3,0.9603,,,,,,,,,,,,,,
14.9,57.1,0.9581,,,,,,,,,,,,,,
15.2,55.5,0.9521,,,,,,,,,,,,,,
15.3,55.4,0.9564,,,,,,,,,,,,,,
15.1,56.9,0.9673,,,,,,,,,,,,,,
15.0,56.4,0.9554,,,,,,,,,,,,,,
14.9,56.4,0.9474,,,,,,,,,,,,,,
15.2,54.7,0.9394,,,,,,,,,,,,,,
15.1,55.4,0.9439,,,,,,,,,,,,,,
14.9,56.8,0.9541,,,,,,,,,,,,,,
15.2,55.9,0.9589,,,,,,,,,,,,,,
15.3,56.3,0.9684,,,,,,,,,,,,,,
15.6,55.4,0.9725,,,,,,,,,,,,,,
16.3,53.3,0.9809,,,,,,,,,,,,,,
20.4,42.2,0.9964,,,,,,,,,,,,,,
21.9,39.4,1.0234,,,,,,,,,,,,,,
21.5,41.2,1.0399,,,,,,,,,,,,,,
22.2,41.4,1.0970,,,,,,,,,,,,,,
21.0,46.8,1.1508,,,,,,,,,,,,,,
21.9,44.9,1.1635,,,,,,,,,,,,,,
21.5,46.7,1.1837,,,,,,,,,,,,,,
19.7,56.6,1.2811,,,,,,,,,,,,,,
18.8,60.8,1.3036,,,,,,,,,,,,,,
19.3,59.6,1.3195,,,,,,,,,,,,,,
17.6,69.2,1.3803,,,,,,,,,,,,,,
16.4,77.1,1.4243,,,,,,,,,,,,,,
16.6,77.3,1.4491,,,,,,,,,,,,,,
15.9,78.1,1.4039,,,,,,,,,,,,,,
15.1,82.3,1.4009,,,,,,,,,,,,,,
14.8,83.8,1.4005,,,,,,,,,,,,,,
14.4,84.6,1.3794,,,,,,,,,,,,,,
15.8,77.6,1.3792,,,,,,,,,,,,,,
15.2,79.4,1.3605,,,,,,,,,,,,,,
14.8,81.9,1.3735,,,,,,,,,,,,,,
14.6,82.9,1.3706,,,,,,,,,,,,,,
14.8,80.4,1.3428,,,,,,,,,,,,,,
15.6,77.1,1.3527,,,,,,,,,,,,,,
17.3,70.9,1.3876,,,,,,,,,,,,,,
22.2,51.3,1.3543,,,,,,,,,,,,,,
24.4,43.9,1.3184,,,,,,,,,,,,,,
22.7,47.6,1.2989,,,,,,,,,,,,,,
20.5,61.5,1.4673,,,,,,,,,,,,,,
23.3,40.4,1.1421,,,,,,,,,,,,,,
23.2,39.9,1.1172,,,,,,,,,,,,,,
21.5,44.5,1.1290,,,,,,,,,,,,,,
20.9,48.5,1.1878,,,,,,,,,,,,,,
19.8,53.1,1.2160,,,,,,,,,,,,,,
20.1,53.6,1.2477,,,,,,,,,,,,,,
19.6,56.0,1.2623,,,,,,,,,,,,,,
18.6,60.4,1.2817,,,,,,,,,,,,,,
14.5,78.3,1.2880,,,,,,,,,,,,,,
16.3,70.5,1.2921,,,,,,,,,,,,,,
14.1,83.8,1.3460,,,,,,,,,,,,,,
14.5,81.3,1.3399,,,,,,,,,,,,,,
14.7,80.7,1.3414,,,,,,,,,,,,,,
14.5,82.1,1.3493,,,,,,,,,,,,,,
15.0,78.4,1.3333,,,,,,,,,,,,,,
14.5,80.5,1.3221,,,,,,,,,,,,,,
14.6,79.0,1.3082,,,,,,,,,,,,,,
15.0,74.8,1.2672,,,,,,,,,,,,,,
15.9,70.4,1.2658,,,,,,,,,,,,,,
17.4,62.3,1.2282,,,,,,,,,,,,,,
21.3,42.9,1.0727,,,,,,,,,,,,,,
22.0,38.9,1.0154,,,,,,,,,,,,,,
20.3,41.3,0.9745,,,,,,,,,,,,,,
20.2,45.6,1.0663,,,,,,,,,,,,,,
20.8,37.4,0.9107,,,,,,,,,,,,,,
21.6,35.9,0.9164,,,,,,,,,,,,,,
22.0,35.7,0.9329,,,,,,,,,,,,,,
19.9,42.0,0.9665,,,,,,,,,,,,,,
19.2,46.3,1.0158,,,,,,,,,,,,,,
17.9,56.9,1.1545,,,,,,,,,,,,,,
14.7,75.5,1.2554,,,,,,,,,,,,,,
15.1,78.9,1.3409,,,,,,,,,,,,,,
17.2,66.7,1.2987,,,,,,,,,,,,,,
15.4,73.2,1.2755,,,,,,,,,,,,,,
16.5,68.5,1.2753,,,,,,,,,,,,,,
16.4,70.3,1.3031,,,,,,,,,,,,,,
15.4,78.1,1.3557,,,,,,,,,,,,,,
15.8,75.5,1.3436,,,,,,,,,,,,,,
16.0,69.5,1.2549,,,,,,,,,,,,,,
15.0,71.0,1.2032,,,,,,,,,,,,,,
13.9,75.2,1.1884,,,,,,,,,,,,,,
15.9,62.1,1.1103,,,,,,,,,,,,,,
15.9,61.0,1.0911,,,,,,,,,,,,,,
17.1,58.7,1.1332,,,,,,,,,,,,,,
19.2,51.9,1.1404,,,,,,,,,,,,,,
21.5,42.6,1.0798,,,,,,,,,,,,,,
21.6,39.9,1.0156,,,,,,,,,,,,,,
21.6,40.4,1.0309,,,,,,,,,,,,,,
22.0,37.3,0.9768,,,,,,,,,,,,,,
22.1,35.2,0.9253,,,,,,,,,,,,,,
22.4,36.0,0.9621,,,,,,,,,,,,,,
20.9,40.3,0.9866,,,,,,,,,,,,,,
19.8,41.5,0.9489,,,,,,,,,,,,,,
18.2,46.0,0.9538,,,,,,,,,,,,,,
17.3,50.3,0.9837,,,,,,,,,,,,,,
15.8,57.6,1.0271,,,,,,,,,,,,,,
15.5,59.7,1.0413,,,,,,,,,,,,,,
15.5,60.6,1.0574,,,,,,,,,,,,,,
15.8,59.9,1.0676,,,,,,,,,,,,,,
14.8,64.3,1.0730,,,,,,,,,,,,,,
14.8,64.7,1.0788,,,,,,,,,,,,,,
13.8,67.6,1.0581,,,,,,,,,,,,,,
14.5,65.0,1.0672,,,,,,,,,,,,,,
14.0,67.4,1.0703,,,,,,,,,,,,,,
12.6,73.6,1.0699,,,,,,,,,,,,,,
13.3,70.4,1.0711,,,,,,,,,,,,,,
14.4,65.8,1.0773,,,,,,,,,,,,,,
16.8,57.8,1.0947,,,,,,,,,,,,,,
19.7,49.3,1.1199,,,,,,,,,,,,,,
21.1,47.2,1.1659,,,,,,,,,,,,,,
22.2,43.2,1.1427,,,,,,,,,,,,,,
21.4,47.2,1.1927,,,,,,,,,,,,,,
19.9,55.4,1.2702,,,,,,,,,,,,,,
20.3,54.0,1.2744,,,,,,,,,,,,,,
20.0,56.5,1.3051,,,,,,,,,,,,,,
19.7,57.8,1.3138,,,,,,,,,,,,,,
19.3,59.0,1.3077,,,,,,,,,,,,,,
18.5,60.3,1.2706,,,,,,,,,,,,,,
17.8,66.3,1.3410,,,,,,,,,,,,,,
17.6,65.9,1.3175,,,,,,,,,,,,,,
17.5,63.5,1.2622,,,,,,,,,,,,,,
16.5,67.2,1.2491,,,,,,,,,,,,,,
16.2,69.1,1.2590,,,,,,,,,,,,,,
14.9,74.7,1.2564,,,,,,,,,,,,,,
14.1,76.7,1.2273,,,,,,,,,,,,,,
14.0,76.6,1.2202,,,,,,,,,,,,,,
14.9,73.8,1.2400,,,,,,,,,,,,,,
15.2,73.1,1.2570,,,,,,,,,,,,,,
15.2,73.4,1.2626,,,,,,,,,,,,,,
15.2,74.7,1.2824,,,,,,,,,,,,,,
15.8,71.7,1.2780,,,,,,,,,,,,,,
16.6,68.4,1.2829,,,,,,,,,,,,,,
17.6,64.9,1.2925,,,,,,,,,,,,,,
18.3,63.8,1.3310,,,,,,,,,,,,,,
19.4,61.1,1.3652,,,,,,,,,,,,,,
20.9,58.1,1.4193,,,,,,,,,,,,,,
22.0,54.0,1.4114,,,,,,,,,,,,,,
22.8,53.0,1.4482,,,,,,,,,,,,,,
21.7,57.6,1.4756,,,,,,,,,,,,,,
21.3,60.8,1.5205,,,,,,,,,,,,,,
21.2,61.7,1.5309,,,,,,,,,,,,,,
21.2,62.2,1.5473,,,,,,,,,,,,,,
20.8,65.1,1.5782,,,,,,,,,,,,,,
19.9,69.0,1.5877,,,,,,,,,,,,,,
18.8,73.7,1.5785,,,,,,,,,,,,,,
19.2,71.3,1.5723,,,,,,,,,,,,,,
19.0,71.6,1.5549,,,,,,,,,,,,,,
19.5,69.7,1.5596,,,,,,,,,,,,,,
19.4,70.1,1.5626,,,,,,,,,,,,,,
18.4,74.5,1.5634,,,,,,,,,,,,,,
18.7,73.4,1.5701,,,,,,,,,,,,,,
18.4,74.6,1.5631,,,,,,,,,,,,,,
18.5,74.4,1.5661,,,,,,,,,,,,,,
18.8,73.0,1.5737,,,,,,,,,,,,,,
19.9,69.9,1.6036,,,,,,,,,,,,,,
21.3,66.1,1.6556,,,,,,,,,,,,,,
23.0,61.8,1.7135,,,,,,,,,,,,,,
22.4,64.6,1.7271,,,,,,,,,,,,,,
23.8,59.9,1.7376,,,,,,,,,,,,,,
24.7,56.9,1.7472,,,,,,,,,,,,,,
25.4,55.1,1.7610,,,,,,,,,,,,,,
25.7,54.5,1.7684,,,,,,,,,,,,,,
24.8,57.7,1.7765,,,,,,,,,,,,,,
24.6,58.9,1.8005,,,,,,,,,,,,,,
23.9,61.8,1.8088,,,,,,,,,,,,,,
23.0,65.9,1.8319,,,,,,,,,,,,,,
22.4,67.7,1.8161,,,,,,,,,,,,,,
22.0,69.2,1.8061,,,,,,,,,,,,,,
21.8,69.6,1.7900,,,,,,,,,,,,,,
21.9,68.3,1.7699,,,,,,,,,,,,,,
21.7,69.7,1.7872,,,,,,,,,,,,,,
21.3,70.3,1.7574,,,,,,,,,,,,,,
20.8,71.7,1.7415,,,,,,,,,,,,,,
21.4,69.0,1.7421,,,,,,,,,,,,,,
21.4,69.3,1.7515,,,,,,,,,,,,,,
21.3,69.5,1.7447,,,,,,,,,,,,,,
21.5,67.5,1.7080,,,,,,,,,,,,,,
21.9,64.8,1.6830,,,,,,,,,,,,,,
22.6,61.4,1.6645,,,,,,,,,,,,,,
22.6,61.5,1.6636,,,,,,,,,,,,,,
25.5,52.3,1.6796,,,,,,,,,,,,,,
27.0,47.6,1.6700,,,,,,,,,,,,,,
25.2,53.3,1.6834,,,,,,,,,,,,,,
26.6,49.3,1.6872,,,,,,,,,,,,,,
27.2,48.5,1.7172,,,,,,,,,,,,,,
26.9,50.0,1.7507,,,,,,,,,,,,,,
26.5,52.2,1.7769,,,,,,,,,,,,,,
27.0,51.0,1.7936,,,,,,,,,,,,,,
25.9,55.8,1.8347,,,,,,,,,,,,,,
25.1,59.4,1.8632,,,,,,,,,,,,,,
24.7,58.7,1.8001,,,,,,,,,,,,,,
23.6,62.2,1.7863,,,,,,,,,,,,,,
22.4,67.1,1.7940,,,,,,,,,,,,,,
21.6,69.2,1.7630,,,,,,,,,,,,,,
21.3,68.5,1.7164,,,,,,,,,,,,,,
21.2,68.6,1.7046,,,,,,,,,,,,,,
20.3,70.6,1.6659,,,,,,,,,,,,,,
20.8,67.3,1.6353,,,,,,,,,,,,,,
19.6,71.3,1.6120,,,,,,,,,,,,,,
18.7,74.4,1.5861,,,,,,,,,,,,,,
19.8,69.2,1.5808,,,,,,,,,,,,,,
19.8,69.4,1.5859,,,,,,,,,,,,,,
20.4,66.7,1.5781,,,,,,,,,,,,,,
22.3,60.6,1.6069,,,,,,,,,,,,,,
22.6,59.9,1.6246,,,,,,,,,,,,,,
24.5,54.5,1.6514,,,,,,,,,,,,,,
24.4,55.4,1.6712,,,,,,,,,,,,,,
26.0,51.9,1.7148,,,,,,,,,,,,,,
26.8,49.1,1.7101,,,,,,,,,,,,,,
26.4,49.8,1.6928,,,,,,,,,,,,,,
26.9,48.6,1.7017,,,,,,,,,,,,,,
26.2,48.9,1.6340,,,,,,,,,,,,,,
24.3,54.3,1.6276,,,,,,,,,,,,,,
23.3,58.1,1.6457,,,,,,,,,,,,,,
22.3,62.5,1.6616,,,,,,,,,,,,,,
21.3,66.1,1.6556,,,,,,,,,,,,,,
21.2,65.7,1.6319,,,,,,,,,,,,,,
20.3,68.1,1.6009,,,,,,,,,,,,,,
20.4,66.7,1.5830,,,,,,,,,,,,,,
19.9,67.5,1.5544,,,,,,,,,,,,,,
19.1,70.0,1.5331,,,,,,,,,,,,,,
19.3,68.1,1.5139,,,,,,,,,,,,,,
19.6,66.9,1.5125,,,,,,,,,,,,,,
18.1,72.1,1.4834,,,,,,,,,,,,,,
18.1,72.3,1.4927,,,,,,,,,,,,,,
17.6,74.8,1.4910,,,,,,,,,,,,,,
18.2,72.8,1.5048,,,,,,,,,,,,,,
20.2,65.8,1.5374,,,,,,,,,,,,,,
21.6,61.4,1.5696,,,,,,,,,,,,,,
23.3,57.5,1.6169,,,,,,,,,,,,,,
25.0,52.4,1.6356,,,,,,,,,,,,,,
25.4,50.8,1.6275,,,,,,,,,,,,,,
26.1,47.1,1.5724,,,,,,,,,,,,,,
27.0,44.2,1.5490,,,,,,,,,,,,,,
27.2,43.0,1.5246,,,,,,,,,,,,,,
25.6,48.3,1.5641,,,,,,,,,,,,,,
23.3,57.9,1.6376,,,,,,,,,,,,,,
22.2,63.6,1.6763,,,,,,,,,,,,,,
21.6,67.7,1.7228,,,,,,,,,,,,,,
21.0,69.3,1.7058,,,,,,,,,,,,,,
20.3,70.5,1.6599,,,,,,,,,,,,,,
20.0,69.5,1.6109,,,,,,,,,,,,,,
19.7,70.1,1.5891,,,,,,,,,,,,,,
19.5,70.7,1.5851,,,,,,,,,,,,,,
19.4,71.4,1.5959,,,,,,,,,,,,,,
19.3,71.1,1.5746,,,,,,,,,,,,,,
18.7,73.8,1.5704,,,,,,,,,,,,,,
18.0,75.4,1.5441,,,,,,,,,,,,,,
17.3,78.4,1.5320,,,,,,,,,,,,,,
17.5,76.6,1.5174,,,,,,,,,,,,,,
20.0,66.7,1.5401,,,,,,,,,,,,,,
19.1,70.0,1.5366,,,,,,,,,,,,,,
21.4,61.7,1.5547,,,,,,,,,,,,,,
24.6,50.4,1.5363,,,,,,,,,,,,,,
25.0,49.1,1.5295,,,,,,,,,,,,,,
25.3,46.7,1.4874,,,,,,,,,,,,,,
24.8,47.9,1.4819,,,,,,,,,,,,,,
25.3,48.0,1.5249,,,,,,,,,,,,,,
26.5,44.9,1.5278,,,,,,,,,,,,,,
25.0,50.1,1.5630,,,,,,,,,,,,,,
22.9,57.6,1.5885,,,,,,,,,,,,,,
21.7,62.9,1.6117,,,,,,,,,,,,,,
21.8,63.0,1.6190,,,,,,,,,,,,,,
21.2,63.4,1.5748,,,,,,,,,,,,,,
20.2,65.8,1.5350,,,,,,,,,,,,,,
18.4,71.5,1.5038,,,,,,,,,,,,,,
17.9,72.4,1.4758,,,,,,,,,,,,,,
16.9,75.4,1.4393,,,,,,,,,,,,,,
16.5,75.5,1.4056,,,,,,,,,,,,,,
15.4,79.0,1.3735,,,,,,,,,,,,,,
15.5,78.6,1.3700,,,,,,,,,,,,,,
16.2,76.9,1.4029,,,,,,,,,,,,,,
15.8,79.6,1.4170,,,,,,,,,,,,,,
16.0,76.3,1.3772,,,,,,,,,,,,,,
16.3,74.3,1.3644,,,,,,,,,,,,,,
18.7,66.3,1.4140,,,,,,,,,,,,,,
20.5,60.2,1.4346,,,,,,,,,,,,,,
19.3,66.2,1.4706,,,,,,,,,,,,,,
20.0,63.9,1.4805,,,,,,,,,,,,,,
21.4,59.4,1.4928,,,,,,,,,,,,,,
21.5,60.9,1.5398,,,,,,,,,,,,,,
21.6,60.9,1.5551,,,,,,,,,,,,,,
21.6,62.0,1.5784,,,,,,,,,,,,,,
21.7,61.9,1.5920,,,,,,,,,,,,,,
21.0,64.9,1.5987,,,,,,,,,,,,,,
20.0,68.6,1.5882,,,,,,,,,,,,,,
19.3,71.4,1.5805,,,,,,,,,,,,,,
18.5,73.4,1.5461,,,,,,,,,,,,,,
17.7,75.6,1.5226,,,,,,,,,,,,,,
18.5,70.4,1.4870,,,,,,,,,,,,,,
17.0,76.1,1.4582,,,,,,,,,,,,,,
16.8,74.9,1.4258,,,,,,,,,,,,,,
15.5,78.5,1.3782,,,,,,,,,,,,,,
15.3,79.0,1.3605,,,,,,,,,,,,,,
15.0,77.9,1.3197,,,,,,,,,,,,,,
14.8,79.4,1.3312,,,,,,,,,,,,,,
15.7,77.0,1.3591,,,,,,,,,,,,,,
16.2,75.9,1.3872,,,,,,,,,,,,,,
16.3,75.9,1.3991,,,,,,,,,,,,,,
17.7,70.6,1.4202,,,,,,,,,,,,,,
18.3,67.6,1.4103,,,,,,,,,,,,,,
20.1,62.0,1.4409,,,,,,,,,,,,,,
22.6,54.5,1.4737,,,,,,,,,,,,,,
24.6,47.1,1.4378,,,,,,,,,,,,,,
24.9,48.3,1.4942,,,,,,,,,,,,,,
24.9,50.0,1.5522,,,,,,,,,,,,,,
24.0,55.0,1.6211,,,,,,,,,,,,,,
23.2,58.7,1.6510,,,,,,,,,,,,,,
22.5,61.5,1.6579,,,,,,,,,,,,,,
22.2,61.0,1.6071,,,,,,,,,,,,,,
22.6,58.3,1.5829,,,,,,,,,,,,,,
21.0,57.4,1.4098,,,,,,,,,,,,,,
19.8,63.7,1.4524,,,,,,,,,,,,,,
17.7,78.8,1.5855,,,,,,,,,,,,,,
17.6,80.5,1.6062,,,,,,,,,,,,,,
17.4,81.3,1.6066,,,,,,,,,,,,,,
17.4,81.0,1.6012,,,,,,,,,,,,,,
17.2,81.8,1.5856,,,,,,,,,,,,,,
17.0,81.0,1.5521,,,,,,,,,,,,,,
16.8,81.3,1.5447,,,,,,,,,,,,,,
17.6,78.8,1.5723,,,,,,,,,,,,,,
18.0,75.7,1.5527,,,,,,,,,,,,,,
18.0,74.8,1.5281,,,,,,,,,,,,,,
18.2,74.0,1.5343,,,,,,,,,,,,,,
19.7,65.4,1.4854,,,,,,,,,,,,,,
21.0,57.9,1.4267,,,,,,,,,,,,,,
20.7,58.6,1.4142,,,,,,,,,,,,,,
19.5,67.1,1.5060,,,,,,,,,,,,,,
18.5,76.2,1.6045,,,,,,,,,,,,,,
19.6,69.7,1.5675,,,,,,,,,,,,,,
19.9,65.3,1.5066,,,,,,,,,,,,,,
20.0,63.3,1.4622,,,,,,,,,,,,,,
19.2,66.4,1.4592,,,,,,,,,,,,,,
19.3,67.5,1.4977,,,,,,,,,,,,,,
18.2,71.4,1.4776,,,,,,,,,,,,,,
17.8,71.2,1.4396,,,,,,,,,,,,,,
17.6,69.9,1.3969,,,,,,,,,,,,,,
16.0,75.9,1.3721,,,,,,,,,,,,,,
16.9,72.0,1.3749,,,,,,,,,,,,,,
15.7,76.3,1.3519,,,,,,,,,,,,,,
14.8,78.7,1.3169,,,,,,,,,,,,,,
14.8,79.7,1.3286,,,,,,,,,,,,,,
14.6,79.9,1.3156,,,,,,,,,,,,,,
15.2,78.0,1.3382,,,,,,,,,,,,,,
15.5,77.2,1.3502,,,,,,,,,,,,,,
15.7,76.4,1.3558,,,,,,,,,,,,,,
16.0,76.4,1.3751,,,,,,,,,,,,,,
16.7,73.8,1.3886,,,,,,,,,,,,,,
18.6,66.3,1.4047,,,,,,,,,,,,,,
20.4,58.1,1.3762,,,,,,,,,,,,,,
20.6,57.3,1.3792,,,,,,,,,,,,,,
21.6,53.6,1.3669,,,,,,,,,,,,,,
21.4,55.6,1.4015,,,,,,,,,,,,,,
20.7,63.0,1.5204,,,,,,,,,,,,,,
21.3,61.9,1.5463,,,,,,,,,,,,,,
20.8,64.0,1.5522,,,,,,,,,,,,,,
20.3,66.7,1.5656,,,,,,,,,,,,,,
19.7,64.5,1.4594,,,,,,,,,,,,,,
19.4,64.0,1.4282,,,,,,,,,,,,,,
20.1,60.8,1.4152,,,,,,,,,,,,,,
20.4,60.4,1.4263,,,,,,,,,,,,,,
20.1,62.6,1.4543,,,,,,,,,,,,,,
19.9,64.9,1.4905,,,,,,,,,,,,,,
18.2,74.7,1.5441,,,,,,,,,,,,,,
18.4,73.8,1.5463,,,,,,,,,,,,,,
18.7,73.5,1.5664,,,,,,,,,,,,,,
18.2,76.6,1.5907,,,,,,,,,,,,,,
18.5,76.4,1.6112,,,,,,,,,,,,,,
19.3,71.6,1.5844,,,,,,,,,,,,,,
20.2,66.9,1.5643,,,,,,,,,,,,,,
20.8,64.7,1.5692,,,,,,,,,,,,,,
21.9,61.8,1.6021,,,,,,,,,,,,,,
23.5,57.7,1.6515,,,,,,,,,,,,,,
19.8,81.0,1.8538,,,,,,,,,,,,,,
20.2,86.5,2.0224,,,,,,,,,,,,,,
20.2,82.2,1.9184,,,,,,,,,,,,,,
19.7,82.2,1.8669,,,,,,,,,,,,,,
20.2,79.1,1.8500,,,,,,,,,,,,,,
20.1,75.4,1.7510,,,,,,,,,,,,,,
20.2,72.3,1.6893,,,,,,,,,,,,,,
20.0,73.3,1.6930,,,,,,,,,,,,,,
18.3,74.9,1.5583,,,,,,,,,,,,,,
18.9,70.4,1.5259,,,,,,,,,,,,,,
17.3,76.3,1.4919,,,,,,,,,,,,,,
17.1,77.9,1.5081,,,,,,,,,,,,,,
17.3,79.3,1.5569,,,,,,,,,,,,,,
17.3,79.9,1.5643,,,,,,,,,,,,,,
16.9,80.6,1.5372,,,,,,,,,,,,,,
16.9,81.4,1.5510,,,,,,,,,,,,,,
16.8,81.5,1.5418,,,,,,,,,,,,,,
16.9,79.8,1.5238,,,,,,,,,,,,,,
16.7,79.7,1.5030,,,,,,,,,,,,,,
16.8,79.0,1.4978,,,,,,,,,,,,,,
16.8,79.8,1.5115,,,,,,,,,,,,,,
16.9,79.9,1.5253,,,,,,,,,,,,,,
17.4,79.3,1.5593,,,,,,,,,,,,,,
18.0,76.6,1.5706,,,,,,,,,,,,,,
21.2,64.4,1.6015,,,,,,,,,,,,,,
22.4,60.8,1.6261,,,,,,,,,,,,,,
22.6,61.1,1.6596,,,,,,,,,,,,,,
23.6,57.3,1.6450,,,,,,,,,,,,,,
23.5,58.3,1.6640,,,,,,,,,,,,,,
22.9,61.6,1.7014,,,,,,,,,,,,,,
22.3,64.3,1.7055,,,,,,,,,,,,,,
21.6,68.0,1.7305,,,,,,,,,,,,,,
21.2,67.4,1.6755,,,,,,,,,,,,,,
20.8,65.8,1.6001,,,,,,,,,,,,,,
20.4,64.8,1.5379,,,,,,,,,,,,,,
20.1,66.7,1.5548,,,,,,,,,,,,,,
19.5,70.0,1.5711,,,,,,,,,,,,,,
19.3,70.4,1.5578,,,,,,,,,,,,,,
19.7,68.6,1.5563,,,,,,,,,,,,,,
19.7,68.2,1.5484,,,,,,,,,,,,,,
19.9,68.4,1.5673,,,,,,,,,,,,,,
18.4,74.2,1.5581,,,,,,,,,,,,,,
18.9,71.3,1.5449,,,,,,,,,,,,,,
18.1,79.0,1.6224,,,,,,,,,,,,,,
20.4,71.2,1.6834,,,,,,,,,,,,,,
20.6,70.7,1.6996,,,,,,,,,,,,,,
19.3,74.1,1.6391,,,,,,,,,,,,,,
22.2,64.4,1.7005,,,,,,,,,,,,,,
23.0,64.6,1.7851,,,,,,,,,,,,,,
24.3,57.4,1.7233,,,,,,,,,,,,,,
22.0,67.0,1.7441,,,,,,,,,,,,,,
22.9,65.7,1.8148,,,,,,,,,,,,,,
23.2,63.9,1.7957,,,,,,,,,,,,,,
23.0,62.3,1.7248,,,,,,,,,,,,,,
22.4,63.2,1.6878,,,,,,,,,,,,,,
21.7,66.6,1.7077,,,,,,,,,,,,,,
21.2,70.3,1.7476,,,,,,,,,,,,,,
20.8,70.9,1.7203,,,,,,,,,,,,,,
20.0,73.2,1.6965,,,,,,,,,,,,,,
19.7,73.7,1.6708,,,,,,,,,,,,,,
19.9,72.6,1.6681,,,,,,,,,,,,,,
20.1,71.3,1.6564,,,,,,,,,,,,,,
20.1,71.1,1.6498,,,,,,,,,,,,,,
19.6,73.2,1.6543,,,,,,,,,,,,,,
19.1,75.8,1.6568,,,,,,,,,,,,,,
18.4,77.9,1.6389,,,,,,,,,,,,,,
18.4,78.1,1.6370,,,,,,,,,,,,,,
19.2,74.7,1.6398,,,,,,,,,,,,,,
19.4,75.1,1.6766,,,,,,,,,,,,,,
19.1,75.6,1.6519,,,,,,,,,,,,,,
20.3,71.1,1.6803,,,,,,,,,,,,,,
23.1,61.3,1.7131,,,,,,,,,,,,,,
25.1,56.0,1.7565,,,,,,,,,,,,,,
25.8,56.1,1.8410,,,,,,,,,,,,,,
23.7,68.2,1.9739,,,,,,,,,,,,,,
23.1,70.8,1.9800,,,,,,,,,,,,,,
23.9,66.3,1.9361,,,,,,,,,,,,,,
23.8,65.0,1.8897,,,,,,,,,,,,,,
23.2,65.6,1.8435,,,,,,,,,,,,,,
21.8,72.7,1.8789,,,,,,,,,,,,,,
21.7,67.3,1.7256,,,,,,,,,,,,,,
21.3,66.3,1.6594,,,,,,,,,,,,,,
20.4,71.6,1.7004,,,,,,,,,,,,,,
19.6,75.3,1.6981,,,,,,,,,,,,,,
19.3,75.8,1.6762,,,,,,,,,,,,,,
18.4,76.3,1.6017,,,,,,,,,,,,,,
18.2,76.4,1.5787,,,,,,,,,,,,,,
17.9,74.8,1.5219,,,,,,,,,,,,,,
17.5,74.5,1.4781,,,,,,,,,,,,,,
17.2,74.0,1.4388,,,,,,,,,,,,,,
17.6,73.2,1.4555,,,,,,,,,,,,,,
17.9,69.3,1.4099,,,,,,,,,,,,,,
16.1,76.3,1.3902,,,,,,,,,,,,,,
17.1,72.8,1.4054,,,,,,,,,,,,,,
20.8,57.9,1.4070,,,,,,,,,,,,,,
20.6,60.2,1.4428,,,,,,,,,,,,,,
22.1,56.6,1.4851,,,,,,,,,,,,,,
24.0,50.0,1.4679,,,,,,,,,,,,,,
25.7,45.6,1.4870,,,,,,,,,,,,,,
25.5,49.7,1.5985,,,,,,,,,,,,,,
25.2,50.6,1.5989,,,,,,,,,,,,,,
25.4,50.7,1.6187,,,,,,,,,,,,,,
24.4,56.0,1.6885,,,,,,,,,,,,,,
23.0,62.1,1.7283,,,,,,,,,,,,,,
21.8,65.3,1.6889,,,,,,,,,,,,,,
20.9,67.5,1.6539,,,,,,,,,,,,,,
20.2,68.6,1.6034,,,,,,,,,,,,,,
19.3,70.8,1.5728,,,,,,,,,,,,,,
19.2,68.8,1.5097,,,,,,,,,,,,,,
20.4,61.1,1.4495,,,,,,,,,,,,,,
18.0,71.5,1.4615,,,,,,,,,,,,,,
17.5,73.2,1.4515,,,,,,,,,,,,,,
17.2,71.7,1.3940,,,,,,,,,,,,,,
16.4,74.4,1.3779,,,,,,,,,,,,,,
16.8,71.9,1.3628,,,,,,,,,,,,,,
16.9,70.5,1.3504,,,,,,,,,,,,,,
17.0,70.1,1.3512,,,,,,,,,,,,,,
18.8,62.5,1.3401,,,,,,,,,,,,,,
20.3,58.4,1.3745,,,,,,,,,,,,,,
23.7,49.1,1.4230,,,,,,,,,,,,,,
26.6,42.8,1.4713,,,,,,,,,,,,,,
26.2,43.5,1.4591,,,,,,,,,,,,,,
26.3,43.6,1.4663,,,,,,,,,,,,,,
26.6,42.5,1.4568,,,,,,,,,,,,,,
26.3,43.7,1.4718,,,,,,,,,,,,,,
25.6,46.2,1.4903,,,,,,,,,,,,,,
25.1,47.6,1.4983,,,,,,,,,,,,,,
23.8,51.4,1.4956,,,,,,,,,,,,,,
23.3,53.1,1.4960,,,,,,,,,,,,,,
22.4,55.2,1.4735,,,,,,,,,,,,,,
21.7,57.7,1.4766,,,,,,,,,,,,,,
20.5,63.0,1.5043,,,,,,,,,,,,,,
19.5,67.6,1.5156,,,,,,,,,,,,,,
18.7,69.0,1.4727,,,,,,,,,,,,,,
19.3,65.5,1.4500,,,,,,,,,,,,,,
17.6,70.8,1.4105,,,,,,,,,,,,,,
16.8,72.9,1.3851,,,,,,,,,,,,,,
17.8,68.1,1.3722,,,,,,,,,,,,,,
16.1,73.5,1.3329,,,,,,,,,,,,,,
15.8,73.5,1.3151,,,,,,,,,,,,,,
17.0,68.0,1.3102,,,,,,,,,,,,,,
16.0,72.2,1.3077,,,,,,,,,,,,,,
17.8,65.4,1.3213,,,,,,,,,,,,,,
20.6,56.0,1.3467,,,,,,,,,,,,,,
23.6,48.0,1.3757,,,,,,,,,,,,,,
23.7,49.8,1.4433,,,,,,,,,,,,,,
24.7,47.4,1.4527,,,,,,,,,,,,,,
25.9,42.8,1.4122,,,,,,,,,,,,,,
26.8,43.3,1.4977,,,,,,,,,,,,,,
26.6,45.5,1.5555,,,,,,,,,,,,,,
24.8,53.9,1.6683,,,,,,,,,,,,,,
23.1,61.1,1.7082,,,,,,,,,,,,,,
22.2,63.7,1.6865,,,,,,,,,,,,,,
21.1,66.1,1.6313,,,,,,,,,,,,,,
20.0,69.0,1.5956,,,,,,,,,,,,,,
19.1,72.0,1.5732,,,,,,,,,,,,,,
18.8,70.6,1.5209,,,,,,,,,,,,,,
18.5,69.5,1.4657,,,,,,,,,,,,,,
18.4,68.5,1.4390,,,,,,,,,,,,,,
16.8,73.3,1.3915,,,,,,,,,,,,,,
17.9,66.8,1.3596,,,,,,,,,,,,,,
16.5,71.0,1.3239,,,,,,,,,,,,,,
16.9,67.9,1.2950,,,,,,,,,,,,,,
16.1,69.3,1.2591,,,,,,,,,,,,,,
16.1,69.6,1.2593,,,,,,,,,,,,,,
16.2,70.1,1.2837,,,,,,,,,,,,,,
16.5,69.3,1.2897,,,,,,,,,,,,,,
19.6,58.3,1.3141,,,,,,,,,,,,,,
20.7,55.5,1.3414,,,,,,,,,,,,,,
20.8,56.3,1.3664,,,,,,,,,,,,,,
21.7,53.1,1.3649,,,,,,,,,,,,,,
23.0,49.0,1.3620,,,,,,,,,,,,,,
24.2,44.0,1.3078,,,,,,,,,,,,,,
24.7,43.6,1.3396,,,,,,,,,,,,,,
23.0,54.2,1.5066,,,,,,,,,,,,,,
21.4,60.9,1.5322,,,,,,,,,,,,,,
20.3,61.4,1.4417,,,,,,,,,,,,,,
20.0,63.2,1.4581,,,,,,,,,,,,,,
19.1,64.4,1.4050,,,,,,,,,,,,,,
18.1,67.5,1.3855,,,,,,,,,,,,,,
17.8,66.9,1.3464,,,,,,,,,,,,,,
17.6,66.5,1.3249,,,,,,,,,,,,,,
16.1,71.2,1.2948,,,,,,,,,,,,,,
15.5,73.3,1.2845,,,,,,,,,,,,,,
15.4,72.8,1.2633,,,,,,,,,,,,,,
15.6,70.8,1.2461,,,,,,,,,,,,,,
17.0,64.5,1.2374,,,,,,,,,,,,,,
14.9,72.3,1.2186,,,,,,,,,,,,,,
14.0,76.6,1.2183,,,,,,,,,,,,,,
14.6,74.2,1.2256,,,,,,,,,,,,,,
15.9,69.8,1.2530,,,,,,,,,,,,,,
18.4,61.3,1.2854,,,,,,,,,,,,,,
20.0,56.7,1.3078,,,,,,,,,,,,,,
20.4,57.0,1.3507,,,,,,,,,,,,,,
20.7,59.3,1.4283,,,,,,,,,,,,,,
21.7,54.8,1.4024,,,,,,,,,,,,,,
22.0,54.2,1.4096,,,,,,,,,,,,,,
21.4,57.1,1.4356,,,,,,,,,,,,,,
20.8,58.7,1.4259,,,,,,,,,,,,,,
20.1,59.6,1.3852,,,,,,,,,,,,,,
20.0,58.4,1.3473,,,,,,,,,,,,,,
19.5,58.9,1.3195,,,,,,,,,,,,,,
19.5,57.4,1.2874,,,,,,,,,,,,,,
19.1,59.2,1.2950,,,,,,,,,,,,,,
18.8,59.1,1.2702,,,,,,,,,,,,,,
18.0,60.4,1.2331,,,,,,,,,,,,,,
17.5,60.7,1.2009,,,,,,,,,,,,,,
17.5,59.4,1.1768,,,,,,,,,,,,,,
17.1,59.2,1.1477,,,,,,,,,,,,,,
17.0,52.3,1.0009,,,,,,,,,,,,,,
16.1,49.8,0.9021,,,,,,,,,,,,,,
15.5,51.5,0.9026,,,,,,,,,,,,,,
15.1,52.0,0.8878,,,,,,,,,,,,,,
14.9,46.8,0.7885,,,,,,,,,,,,,,
15.5,42.4,0.7400,,,,,,,,,,,,,,
16.6,38.2,0.7186,,,,,,,,,,,,,,
18.0,34.7,0.7089,,,,,,,,,,,,,,
18.0,35.1,0.7176,,,,,,,,,,,,,,
17.6,33.8,0.6726,,,,,,,,,,,,,,
17.5,33.7,0.6691,,,,,,,,,,,,,,
17.2,33.9,0.6591,,,,,,,,,,,,,,
16.8,32.1,0.6073,,,,,,,,,,,,,,
16.0,34.1,0.6155,,,,,,,,,,,,,,
14.8,37.5,0.6259,,,,,,,,,,,,,,
14.4,39.2,0.6407,,,,,,,,,,,,,,
14.1,43.0,0.6883,,,,,,,,,,,,,,
13.4,48.4,0.7397,,,,,,,,,,,,,,
12.7,51.2,0.7505,,,,,,,,,,,,,,
9.9,71.4,0.8736,,,,,,,,,,,,,,
10.2,71.6,0.8893,,,,,,,,,,,,,,
10.6,61.3,0.7856,,,,,,,,,,,,,,
11.1,55.6,0.7344,,,,,,,,,,,,,,
11.5,50.4,0.6815,,,,,,,,,,,,,,
11.3,49.5,0.6615,,,,,,,,,,,,,,
10.8,50.9,0.6570,,,,,,,,,,,,,,
10.9,50.1,0.6519,,,,,,,,,,,,,,
10.8,49.7,0.6429,,,,,,,,,,,,,,
10.7,50.4,0.6467,,,,,,,,,,,,,,
10.9,50.0,0.6531,,,,,,,,,,,,,,
12.1,46.5,0.6530,,,,,,,,,,,,,,
12.4,44.1,0.6324,,,,,,,,,,,,,,
13.0,40.1,0.5989,,,,,,,,,,,,,,
13.4,36.3,0.5556,,,,,,,,,,,,,,
13.1,38.5,0.5776,,,,,,,,,,,,,,
11.5,46.4,0.6302,,,,,,,,,,,,,,
13.1,40.4,0.6060,,,,,,,,,,,,,,
13.0,39.3,0.5877,,,,,,,,,,,,,,
11.3,50.9,0.6790,,,,,,,,,,,,,,
10.6,53.4,0.6818,,,,,,,,,,,,,,
9.5,57.9,0.6877,,,,,,,,,,,,,,
8.6,60.5,0.6788,,,,,,,,,,,,,,
8.5,59.7,0.6649,,,,,,,,,,,,,,
7.9,61.4,0.6582,,,,,,,,,,,,,,
7.1,63.6,0.6442,,,,,,,,,,,,,,
7.2,62.2,0.6362,,,,,,,,,,,,,,
5.6,67.9,0.6247,,,,,,,,,,,,,,
5.1,68.7,0.6077,,,,,,,,,,,,,,
4.4,71.4,0.6024,,,,,,,,,,,,,,
4.1,73.1,0.6074,,,,,,,,,,,,,,
3.2,76.8,0.5963,,,,,,,,,,,,,,
3.7,76.2,0.6137,,,,,,,,,,,,,,
4.9,70.7,0.6193,,,,,,,,,,,,,,
7.1,62.0,0.6265,,,,,,,,,,,,,,
8.1,59.1,0.6397,,,,,,,,,,,,,,
11.1,48.8,0.6430,,,,,,,,,,,,,,
11.3,46.5,0.6194,,,,,,,,,,,,,,
12.5,42.3,0.6104,,,,,,,,,,,,,,
12.5,42.8,0.6177,,,,,,,,,,,,,,
12.6,42.4,0.6159,,,,,,,,,,,,,,
13.8,40.7,0.6405,,,,,,,,,,,,,,
11.0,58.8,0.7705,,,,,,,,,,,,,,
8.3,76.5,0.8426,,,,,,,,,,,,,,
8.6,75.5,0.8469,,,,,,,,,,,,,,
8.8,76.6,0.8678,,,,,,,,,,,,,,
8.0,81.0,0.8714,,,,,,,,,,,,,,
7.3,85.7,0.8818,,,,,,,,,,,,,,
6.5,85.6,0.8353,,,,,,,,,,,,,,
6.5,83.5,0.8116,,,,,,,,,,,,,,
6.9,82.3,0.8244,,,,,,,,,,,,,,
7.3,78.1,0.8041,,,,,,,,,,,,,,
7.9,68.0,0.7265,,,,,,,,,,,,,,
8.0,64.5,0.6950,,,,,,,,,,,,,,
8.1,68.6,0.7409,,,,,,,,,,,,,,
6.3,84.8,0.8148,,,,,,,,,,,,,,
6.7,79.8,0.7872,,,,,,,,,,,,,,
7.1,77.9,0.7914,,,,,,,,,,,,,,
7.9,73.5,0.7883,,,,,,,,,,,,,,
6.9,86.0,0.8632,,,,,,,,,,,,,,
6.8,87.1,0.8652,,,,,,,,,,,,,,
8.0,81.6,0.8755,,,,,,,,,,,,,,
9.5,70.0,0.8296,,,,,,,,,,,,,,
10.5,62.2,0.7923,,,,,,,,,,,,,,
11.4,59.1,0.7963,,,,,,,,,,,,,,
11.1,58.6,0.7737,,,,,,,,,,,,,,
10.8,57.6,0.7473,,,,,,,,,,,,,,
10.6,56.9,0.7281,,,,,,,,,,,,,,
10.6,59.3,0.7588,,,,,,,,,,,,,,
10.0,71.5,0.8768,,,,,,,,,,,,,,
10.3,71.1,0.8878,,,,,,,,,,,,,,
10.5,70.3,0.8930,,,,,,,,,,,,,,
10.2,71.3,0.8859,,,,,,,,,,,,,,
9.7,73.1,0.8787,,,,,,,,,,,,,,
9.3,73.5,0.8651,,,,,,,,,,,,,,
9.2,73.9,0.8616,,,,,,,,,,,,,,
8.1,78.1,0.8452,,,,,,,,,,,,,,
7.6,81.2,0.8483,,,,,,,,,,,,,,
7.5,81.5,0.8495,,,,,,,,,,,,,,
8.3,77.2,0.8464,,,,,,,,,,,,,,
8.9,75.6,0.8667,,,,,,,,,,,,,,
9.2,81.7,0.9506,,,,,,,,,,,,,,
9.9,83.4,1.0194,,,,,,,,,,,,,,
10.2,82.3,1.0253,,,,,,,,,,,,,,
11.2,80.7,1.0688,,,,,,,,,,,,,,
11.8,76.1,1.0516,,,,,,,,,,,,,,
12.5,71.3,1.0285,,,,,,,,,,,,,,
13.2,68.4,1.0346,,,,,,,,,,,,,,
12.5,73.2,1.0563,,,,,,,,,,,,,,
12.2,75.7,1.0693,,,,,,,,,,,,,,
11.5,78.1,1.0565,,,,,,,,,,,,,,
11.6,76.0,1.0354,,,,,,,,,,,,,,
12.0,73.3,1.0264,,,,,,,,,,,,,,
12.9,68.8,1.0175,,,,,,,,,,,,,,
13.1,69.6,1.0464,,,,,,,,,,,,,,
12.3,73.4,1.0490,,,,,,,,,,,,,,
12.7,71.0,1.0387,,,,,,,,,,,,,,
12.9,69.9,1.0371,,,,,,,,,,,,,,
12.9,70.5,1.0442,,,,,,,,,,,,,,
13.1,67.7,1.0198,,,,,,,,,,,,,,
13.1,67.6,1.0127,,,,,,,,,,,,,,
13.8,64.0,1.0042,,,,,,,,,,,,,,
13.7,64.4,1.0036,,,,,,,,,,,,,,
13.9,63.8,1.0079,,,,,,,,,,,,,,
14.1,64.5,1.0287,,,,,,,,,,,,,,
14.0,66.1,1.0488,,,,,,,,,,,,,,
14.2,66.4,1.0673,,,,,,,,,,,,,,
14.9,62.5,1.0529,,,,,,,,,,,,,,
16.3,58.4,1.0729,,,,,,,,,,,,,,
16.9,56.5,1.0801,,,,,,,,,,,,,,
17.4,55.8,1.0980,,,,,,,,,,,,,,
17.4,57.3,1.1328,,,,,,,,,,,,,,
17.7,55.5,1.1127,,,,,,,,,,,,,,
16.8,58.9,1.1199,,,,,,,,,,,,,,
17.0,57.5,1.1071,,,,,,,,,,,,,,
16.2,60.2,1.1003,,,,,,,,,,,,,,
16.7,58.0,1.0916,,,,,,,,,,,,,,
16.5,58.8,1.0921,,,,,,,,,,,,,,
15.8,61.1,1.0856,,,,,,,,,,,,,,
15.7,60.8,1.0769,,,,,,,,,,,,,,
15.9,59.6,1.0673,,,,,,,,,,,,,,
15.6,60.0,1.0594,,,,,,,,,,,,,,
15.6,60.1,1.0557,,,,,,,,,,,,,,
15.7,59.5,1.0534,,,,,,,,,,,,,,
15.7,60.1,1.0640,,,,,,,,,,,,,,
15.6,61.7,1.0847,,,,,,,,,,,,,,
15.8,59.9,1.0693,,,,,,,,,,,,,,
15.2,61.8,1.0602,,,,,,,,,,,,,,
16.1,55.4,1.0089,,,,,,,,,,,,,,
14.9,64.1,1.0773,,,,,,,,,,,,,,
15.6,62.0,1.0904,,,,,,,,,,,,,,
17.9,54.6,1.1100,,,,,,,,,,,,,,
21.1,44.5,1.0964,,,,,,,,,,,,,,
20.3,46.7,1.0971,,,,,,,,,,,,,,
21.5,42.7,1.0837,,,,,,,,,,,,,,
21.5,43.1,1.0919,,,,,,,,,,,,,,
21.5,43.4,1.0965,,,,,,,,,,,,,,
20.8,45.5,1.1054,,,,,,,,,,,,,,
19.2,49.6,1.0893,,,,,,,,,,,,,,
18.3,51.6,1.0732,,,,,,,,,,,,,,
17.7,51.5,1.0357,,,,,,,,,,,,,,
17.2,51.5,1.0015,,,,,,,,,,,,,,
15.9,54.9,0.9853,,,,,,,,,,,,,,
14.0,55.2,0.8807,,,,,,,,,,,,,,
13.3,53.0,0.8044,,,,,,,,,,,,,,
11.9,55.5,0.7711,,,,,,,,,,,,,,
11.4,54.6,0.7363,,,,,,,,,,,,,,
10.4,53.7,0.6749,,,,,,,,,,,,,,
9.9,54.3,0.6609,,,,,,,,,,,,,,
9.8,51.3,0.6225,,,,,,,,,,,,,,
9.5,52.2,0.6198,,,,,,,,,,,,,,
10.0,45.7,0.5598,,,,,,,,,,,,,,
10.2,41.9,0.5209,,,,,,,,,,,,,,
10.6,36.1,0.4624,,,,,,,,,,,,,,
10.7,36.0,0.4623,,,,,,,,,,,,,,
10.8,35.4,0.4583,,,,,,,,,,,,,,
11.4,32.9,0.4435,,,,,,,,,,,,,,
12.4,32.0,0.4583,,,,,,,,,,,,,,
12.4,31.3,0.4500,,,,,,,,,,,,,,
12.2,31.8,0.4514,,,,,,,,,,,,,,
10.5,37.9,0.4821,,,,,,,,,,,,,,
9.6,44.2,0.5289,,,,,,,,,,,,,,
8.2,57.9,0.6293,,,,,,,,,,,,,,
7.3,63.5,0.6519,,,,,,,,,,,,,,
8.4,55.7,0.6155,,,,,,,,,,,,,,
9.1,49.6,0.5765,,,,,,,,,,,,,,
10.0,41.4,0.5102,,,,,,,,,,,,,,
10.4,36.2,0.4561,,,,,,,,,,,,,,
11.3,32.3,0.4329,,,,,,,,,,,,,,
10.9,33.5,0.4378,,,,,,,,,,,,,,
10.6,34.9,0.4455,,,,,,,,,,,,,,
10.7,36.1,0.4639,,,,,,,,,,,,,,
11.0,37.3,0.4880,,,,,,,,,,,,,,
10.7,39.2,0.5045,,,,,,,,,,,,,,
10.4,38.6,0.4862,,,,,,,,,,,,,,
10.4,37.4,0.4717,,,,,,,,,,,,,,
10.5,37.0,0.4707,,,,,,,,,,,,,,
10.7,37.9,0.4870,,,,,,,,,,,,,,
11.1,38.1,0.5023,,,,,,,,,,,,,,
12.6,36.6,0.5314,,,,,,,,,,,,,,
13.8,36.2,0.5690,,,,,,,,,,,,,,
13.4,37.1,0.5683,,,,,,,,,,,,,,
13.5,34.9,0.5393,,,,,,,,,,,,,,
13.7,32.2,0.5032,,,,,,,,,,,,,,
13.6,32.1,0.4977,,,,,,,,,,,,,,
13.5,31.8,0.4876,,,,,,,,,,,,,,
13.5,27.9,0.4287,,,,,,,,,,,,,,
12.7,28.9,0.4233,,,,,,,,,,,,,,
12.6,30.2,0.4384,,,,,,,,,,,,,,
12.3,32.0,0.4553,,,,,,,,,,,,,,
12.0,34.3,0.4787,,,,,,,,,,,,,,
11.6,37.3,0.5095,,,,,,,,,,,,,,
11.3,40.3,0.5406,,,,,,,,,,,,,,
11.3,41.8,0.5610,,,,,,,,,,,,,,
11.2,42.0,0.5582,,,,,,,,,,,,,,
11.0,42.6,0.5595,,,,,,,,,,,,,,
11.2,41.3,0.5498,,,,,,,,,,,,,,
11.1,40.8,0.5395,,,,,,,,,,,,,,
10.7,41.8,0.5360,,,,,,,,,,,,,,
10.2,43.6,0.5405,,,,,,,,,,,,,,
10.1,44.0,0.5434,,,,,,,,,,,,,,
10.1,45.6,0.5632,,,,,,,,,,,,,,
11.3,43.9,0.5867,,,,,,,,,,,,,,
14.5,33.8,0.5541,,,,,,,,,,,,,,
17.5,26.4,0.5228,,,,,,,,,,,,,,
17.2,22.4,0.4354,,,,,,,,,,,,,,
17.3,20.4,0.4011,,,,,,,,,,,,,,
18.1,21.0,0.4321,,,,,,,,,,,,,,
17.9,22.3,0.4537,,,,,,,,,,,,,,
17.6,23.7,0.4730,,,,,,,,,,,,,,
16.7,25.9,0.4886,,,,,,,,,,,,,,
14.8,29.6,0.4965,,,,,,,,,,,,,,
13.6,34.0,0.5251,,,,,,,,,,,,,,
13.4,40.4,0.6178,,,,,,,,,,,,,,
11.8,44.3,0.6121,,,,,,,,,,,,,,
10.7,47.5,0.6108,,,,,,,,,,,,,,
10.2,49.4,0.6138,,,,,,,,,,,,,,
9.5,51.0,0.6045,,,,,,,,,,,,,,
7.7,57.9,0.6107,,,,,,,,,,,,,,
8.4,54.5,0.6022,,,,,,,,,,,,,,
7.9,55.4,0.5930,,,,,,,,,,,,,,
6.2,61.0,0.5824,,,,,,,,,,,,,,
6.8,58.6,0.5813,,,,,,,,,,,,,,
5.7,62.7,0.5801,,,,,,,,,,,,,,
5.9,62.0,0.5811,,,,,,,,,,,,,,
6.3,61.7,0.5926,,,,,,,,,,,,,,
7.5,58.8,0.6117,,,,,,,,,,,,,,
11.4,45.4,0.6113,,,,,,,,,,,,,,
14.1,39.2,0.6278,,,,,,,,,,,,,,
13.3,42.3,0.6448,,,,,,,,,,,,,,
14.7,38.9,0.6462,,,,,,,,,,,,,,
16.5,32.9,0.6127,,,,,,,,,,,,,,
17.4,32.7,0.6422,,,,,,,,,,,,,,
17.3,33.9,0.6627,,,,,,,,,,,,,,
16.0,41.5,0.7483,,,,,,,,,,,,,,
13.7,52.8,0.8244,,,,,,,,,,,,,,
13.0,55.1,0.8240,,,,,,,,,,,,,,
12.4,56.8,0.8141,,,,,,,,,,,,,,
10.7,62.1,0.7972,,,,,,,,,,,,,,
10.5,61.1,0.7755,,,,,,,,,,,,,,
9.7,62.5,0.7509,,,,,,,,,,,,,,
8.8,65.5,0.7435,,,,,,,,,,,,,,
8.8,63.8,0.7236,,,,,,,,,,,,,,
8.5,65.0,0.7221,,,,,,,,,,,,,,
7.5,69.3,0.7201,,,,,,,,,,,,,,
6.4,74.0,0.7134,,,,,,,,,,,,,,
5.9,76.6,0.7179,,,,,,,,,,,,,,
6.1,76.7,0.7271,,,,,,,,,,,,,,
6.8,74.5,0.7415,,,,,,,,,,,,,,
7.7,72.5,0.7666,,,,,,,,,,,,,,
8.9,67.4,0.7714,,,,,,,,,,,,,,
11.4,58.3,0.7868,,,,,,,,,,,,,,
13.4,52.8,0.8086,,,,,,,,,,,,,,
15.8,50.1,0.8920,,,,,,,,,,,,,,
18.3,50.0,1.0431,,,,,,,,,,,,,,
18.8,49.2,1.0548,,,,,,,,,,,,,,
18.4,49.6,1.0391,,,,,,,,,,,,,,
18.3,51.0,1.0586,,,,,,,,,,,,,,
17.6,53.1,1.0596,,,,,,,,,,,,,,
17.3,53.6,1.0472,,,,,,,,,,,,,,
16.8,55.2,1.0480,,,,,,,,,,,,,,
16.6,56.5,1.0551,,,,,,,,,,,,,,
16.3,58.1,1.0648,,,,,,,,,,,,,,
15.9,59.0,1.0590,,,,,,,,,,,,,,
15.9,59.4,1.0628,,,,,,,,,,,,,,
15.7,60.9,1.0774,,,,,,,,,,,,,,
16.1,59.5,1.0811,,,,,,,,,,,,,,
15.5,63.8,1.1119,,,,,,,,,,,,,,
14.9,65.3,1.1018,,,,,,,,,,,,,,
14.7,64.4,1.0704,,,,,,,,,,,,,,
14.7,59.8,0.9968,,,,,,,,,,,,,,
15.4,55.9,0.9722,,,,,,,,,,,,,,
14.5,63.0,1.0319,,,,,,,,,,,,,,
14.7,63.1,1.0513,,,,,,,,,,,,,,
15.2,62.2,1.0641,,,,,,,,,,,,,,
16.1,59.2,1.0736,,,,,,,,,,,,,,
17.0,55.9,1.0741,,,,,,,,,,,,,,
17.6,52.2,1.0396,,,,,,,,,,,,,,
17.3,55.4,1.0836,,,,,,,,,,,,,,
17.8,53.5,1.0833,,,,,,,,,,,,,,
18.3,52.3,1.0922,,,,,,,,,,,,,,
18.3,52.8,1.1016,,,,,,,,,,,,,,
17.7,56.6,1.1330,,,,,,,,,,,,,,
17.3,58.2,1.1435,,,,,,,,,,,,,,
16.2,62.6,1.1455,,,,,,,,,,,,,,
15.2,57.5,0.9829,,,,,,,,,,,,,,
14.2,27.7,0.4451,,,,,,,,,,,,,,
13.4,14.3,0.2185,,,,,,,,,,,,,,
12.8,14.8,0.2180,,,,,,,,,,,,,,
12.2,14.0,0.1988,,,,,,,,,,,,,,
12.0,14.5,0.2029,,,,,,,,,,,,,,
10.8,17.0,0.2193,,,,,,,,,,,,,,
10.4,19.2,0.2420,,,,,,,,,,,,,,
9.7,22.5,0.2698,,,,,,,,,,,,,,
9.0,23.1,0.2648,,,,,,,,,,,,,,
8.7,24.7,0.2785,,,,,,,,,,,,,,
6.9,39.4,0.3948,,,,,,,,,,,,,,
6.3,44.8,0.4310,,,,,,,,,,,,,,
7.2,43.2,0.4417,,,,,,,,,,,,,,
11.9,27.9,0.3882,,,,,,,,,,,,,,
14.8,17.9,0.2977,,,,,,,,,,,,,,
14.8,14.3,0.2397,,,,,,,,,,,,,,
14.7,15.5,0.2586,,,,,,,,,,,,,,
14.7,16.6,0.2756,,,,,,,,,,,,,,
14.8,15.6,0.2615,,,,,,,,,,,,,,
15.3,14.3,0.2462,,,,,,,,,,,,,,
13.5,19.5,0.3003,,,,,,,,,,,,,,
11.1,31.8,0.4187,,,,,,,,,,,,,,
10.2,33.4,0.4143,,,,,,,,,,,,,,
9.5,35.9,0.4273,,,,,,,,,,,,,,
8.0,39.8,0.4286,,,,,,,,,,,,,,
6.6,44.1,0.4333,,,,,,,,,,,,,,
6.1,45.2,0.4295,,,,,,,,,,,,,,
5.2,50.8,0.4520,,,,,,,,,,,,,,
4.9,53.0,0.4629,,,,,,,,,,,,,,
5.3,48.7,0.4364,,,,,,,,,,,,,,
4.2,53.6,0.4454,,,,,,,,,,,,,,
3.1,56.3,0.4368,,,,,,,,,,,,,,
4.1,52.2,0.4338,,,,,,,,,,,,,,
3.5,55.9,0.4431,,,,,,,,,,,,,,
1.8,61.7,0.4376,,,,,,,,,,,,,,
1.3,65.3,0.4457,,,,,,,,,,,,,,
3.2,57.0,0.4434,,,,,,,,,,,,,,
7.2,42.8,0.4356,,,,,,,,,,,,,,
10.3,34.2,0.4291,,,,,,,,,,,,,,
10.9,33.8,0.4393,,,,,,,,,,,,,,
12.2,30.0,0.4245,,,,,,,,,,,,,,
13.3,24.3,0.3686,,,,,,,,,,,,,,
15.2,18.7,0.3214,,,,,,,,,,,,,,
14.9,21.7,0.3646,,,,,,,,,,,,,,
13.1,25.4,0.3814,,,,,,,,,,,,,,
11.7,32.7,0.4472,,,,,,,,,,,,,,
10.1,34.4,0.4249,,,,,,,,,,,,,,
9.8,36.0,0.4364,,,,,,,,,,,,,,
7.1,43.2,0.4360,,,,,,,,,,,,,,
5.9,47.8,0.4459,,,,,,,,,,,,,,
5.3,50.5,0.4530,,,,,,,,,,,,,,
5.6,48.0,0.4412,,,,,,,,,,,,,,
3.9,55.9,0.4568,,,,,,,,,,,,,,
3.3,58.0,0.4551,,,,,,,,,,,,,,
3.7,56.3,0.4544,,,,,,,,,,,,,,
4.2,54.8,0.4571,,,,,,,,,,,,,,
2.6,60.8,0.4544,,,,,,,,,,,,,,
3.7,57.9,0.4651,,,,,,,,,,,,,,
4.5,54.8,0.4660,,,,,,,,,,,,,,
4.9,55.8,0.4882,,,,,,,,,,,,,,
5.4,55.1,0.4970,,,,,,,,,,,,,,
6.2,51.8,0.4952,,,,,,,,,,,,,,
6.8,49.8,0.4959,,,,,,,,,,,,,,
7.3,50.6,0.5184,,,,,,,,,,,,,,
7.8,49.0,0.5191,,,,,,,,,,,,,,
8.0,49.2,0.5282,,,,,,,,,,,,,,
8.3,49.3,0.5414,,,,,,,,,,,,,,
8.5,49.6,0.5517,,,,,,,,,,,,,,
8.5,52.6,0.5856,,,,,,,,,,,,,,
8.9,53.4,0.6117,,,,,,,,,,,,,,
9.1,53.8,0.6216,,,,,,,,,,,,,,
8.9,54.2,0.6183,,,,,,,,,,,,,,
8.5,54.2,0.6054,,,,,,,,,,,,,,
8.5,57.8,0.6432,,,,,,,,,,,,,,
7.7,71.1,0.7503,,,,,,,,,,,,,,
7.9,72.5,0.7766,,,,,,,,,,,,,,
8.0,75.3,0.8079,,,,,,,,,,,,,,
8.0,76.2,0.8217,,,,,,,,,,,,,,
7.8,81.3,0.8631,,,,,,,,,,,,,,
7.9,81.8,0.8759,,,,,,,,,,,,,,
8.2,81.4,0.8880,,,,,,,,,,,,,,
8.5,81.1,0.8989,,,,,,,,,,,,,,
8.9,79.3,0.9088,,,,,,,,,,,,,,
9.5,77.9,0.9278,,,,,,,,,,,,,,
9.9,77.6,0.9488,,,,,,,,,,,,,,
10.7,76.2,0.9798,,,,,,,,,,,,,,
11.8,72.2,0.9948,,,,,,,,,,,,,,
13.3,66.9,1.0163,,,,,,,,,,,,,,
13.8,67.0,1.0513,,,,,,,,,,,,,,
13.9,67.6,1.0666,,,,,,,,,,,,,,
14.2,66.8,1.0730,,,,,,,,,,,,,,
14.2,67.8,1.0879,,,,,,,,,,,,,,
13.6,71.0,1.1018,,,,,,,,,,,,,,
13.2,72.6,1.0936,,,,,,,,,,,,,,
12.4,74.7,1.0741,,,,,,,,,,,,,,
11.5,76.2,1.0324,,,,,,,,,,,,,,
10.4,79.3,0.9993,,,,,,,,,,,,,,
10.0,82.5,1.0150,,,,,,,,,,,,,,
10.0,82.6,1.0163,,,,,,,,,,,,,,
10.1,83.5,1.0296,,,,,,,,,,,,,,
10.0,83.6,1.0235,,,,,,,,,,,,,,
10.4,80.8,1.0191,,,,,,,,,,,,,,
10.6,80.3,1.0252,,,,,,,,,,,,,,
10.6,78.8,1.0080,,,,,,,,,,,,,,
10.5,77.8,0.9839,,,,,,,,,,,,,,
9.8,79.2,0.9567,,,,,,,,,,,,,,
9.5,80.3,0.9532,,,,,,,,,,,,,,
9.8,80.5,0.9724,,,,,,,,,,,,,,
10.3,80.3,1.0020,,,,,,,,,,,,,,
11.1,77.2,1.0175,,,,,,,,,,,,,,
13.3,68.8,1.0505,,,,,,,,,,,,,,
15.1,58.3,0.9978,,,,,,,,,,,,,,
15.6,56.2,0.9876,,,,,,,,,,,,,,
15.4,59.6,1.0375,,,,,,,,,,,,,,
14.6,63.7,1.0508,,,,,,,,,,,,,,
13.7,66.8,1.0432,,,,,,,,,,,,,,
12.3,72.5,1.0331,,,,,,,,,,,,,,
10.8,77.2,1.0021,,,,,,,,,,,,,,
10.2,80.4,1.0003,,,,,,,,,,,,,,
10.1,79.3,0.9795,,,,,,,,,,,,,,
10.0,76.1,0.9329,,,,,,,,,,,,,,
8.6,82.3,0.9198,,,,,,,,,,,,,,
7.7,84.3,0.8881,,,,,,,,,,,,,,
7.1,84.1,0.8557,,,,,,,,,,,,,,
6.7,83.2,0.8190,,,,,,,,,,,,,,
6.0,83.0,0.7800,,,,,,,,,,,,,,
5.1,84.0,0.7439,,,,,,,,,,,,,,
4.3,85.4,0.7152,,,,,,,,,,,,,,
4.0,85.7,0.7041,,,,,,,,,,,,,,
4.0,84.4,0.6943,,,,,,,,,,,,,,
4.0,83.1,0.6820,,,,,,,,,,,,,,
4.4,81.3,0.6890,,,,,,,,,,,,,,
6.7,72.6,0.7180,,,,,,,,,,,,,,
10.0,63.4,0.7791,,,,,,,,,,,,,,
13.6,48.7,0.7547,,,,,,,,,,,,,,
14.6,46.5,0.7687,,,,,,,,,,,,,,
15.4,43.0,0.7483,,,,,,,,,,,,,,
16.4,38.2,0.7081,,,,,,,,,,,,,,
16.8,37.6,0.7129,,,,,,,,,,,,,,
16.8,36.7,0.6944,,,,,,,,,,,,,,
15.4,41.3,0.7151,,,,,,,,,,,,,,
13.8,48.9,0.7699,,,,,,,,,,,,,,
13.3,50.9,0.7745,,,,,,,,,,,,,,
11.5,57.3,0.7786,,,,,,,,,,,,,,
10.7,59.8,0.7674,,,,,,,,,,,,,,
10.0,61.8,0.7576,,,,,,,,,,,,,,
9.9,62.1,0.7566,,,,,,,,,,,,,,
9.3,64.5,0.7554,,,,,,,,,,,,,,
9.1,65.7,0.7607,,,,,,,,,,,,,,
8.9,71.8,0.8180,,,,,,,,,,,,,,
9.1,72.9,0.8429,,,,,,,,,,,,,,
8.7,77.6,0.8753,,,,,,,,,,,,,,
9.0,77.3,0.8873,,,,,,,,,,,,,,
9.1,77.3,0.8944,,,,,,,,,,,,,,
9.3,76.9,0.9007,,,,,,,,,,,,,,
10.0,75.0,0.9179,,,,,,,,,,,,,,
10.6,72.7,0.9272,,,,,,,,,,,,,,
12.4,64.8,0.9310,,,,,,,,,,,,,,
13.7,59.9,0.9335,,,,,,,,,,,,,,
14.9,57.0,0.9564,,,,,,,,,,,,,,
15.5,56.2,0.9814,,,,,,,,,,,,,,
15.8,56.3,1.0026,,,,,,,,,,,,,,
15.8,57.9,1.0292,,,,,,,,,,,,,,
15.7,58.9,1.0432,,,,,,,,,,,,,,
15.5,61.2,1.0670,,,,,,,,,,,,,,
15.5,62.8,1.0979,,,,,,,,,,,,,,
15.6,64.9,1.1396,,,,,,,,,,,,,,
15.1,67.0,1.1394,,,,,,,,,,,,,,
14.6,67.7,1.1164,,,,,,,,,,,,,,
13.8,67.8,1.0609,,,,,,,,,,,,,,
13.4,69.0,1.0579,,,,,,,,,,,,,,
13.0,73.7,1.0957,,,,,,,,,,,,,,
12.7,77.5,1.1339,,,,,,,,,,,,,,
12.4,78.4,1.1269,,,,,,,,,,,,,,
11.9,79.7,1.1075,,,,,,,,,,,,,,
11.9,80.7,1.1199,,,,,,,,,,,,,,
13.2,75.8,1.1459,,,,,,,,,,,,,,
12.3,81.9,1.1674,,,,,,,,,,,,,,
12.8,80.8,1.1898,,,,,,,,,,,,,,
13.7,76.3,1.1932,,,,,,,,,,,,,,
13.4,78.8,1.2104,,,,,,,,,,,,,,
13.8,77.8,1.2201,,,,,,,,,,,,,,
15.1,73.2,1.2440,,,,,,,,,,,,,,
15.8,70.5,1.2557,,,,,,,,,,,,,,
15.4,73.3,1.2700,,,,,,,,,,,,,,
15.6,71.4,1.2596,,,,,,,,,,,,,,
16.3,68.7,1.2596,,,,,,,,,,,,,,
16.4,68.2,1.2662,,,,,,,,,,,,,,
15.6,70.2,1.2380,,,,,,,,,,,,,,
14.2,75.8,1.2202,,,,,,,,,,,,,,
14.0,74.6,1.1865,,,,,,,,,,,,,,
13.3,75.8,1.1506,,,,,,,,,,,,,,
13.7,72.5,1.1326,,,,,,,,,,,,,,
12.8,73.8,1.0853,,,,,,,,,,,,,,
11.2,78.3,1.0415,,,,,,,,,,,,,,
10.6,79.4,1.0133,,,,,,,,,,,,,,
10.8,77.5,1.0027,,,,,,,,,,,,,,
10.5,78.6,0.9976,,,,,,,,,,,,,,
10.3,77.6,0.9743,,,,,,,,,,,,,,
10.3,74.9,0.9362,,,,,,,,,,,,,,
11.2,69.0,0.9159,,,,,,,,,,,,,,
8.9,77.1,0.8804,,,,,,,,,,,,,,
9.5,73.3,0.8719,,,,,,,,,,,,,,
8.6,77.2,0.8617,,,,,,,,,,,,,,
8.6,76.6,0.8586,,,,,,,,,,,,,,
9.7,72.0,0.8649,,,,,,,,,,,,,,
11.1,68.2,0.8979,,,,,,,,,,,,,,
11.8,65.0,0.8966,,,,,,,,,,,,,,
12.1,64.8,0.9135,,,,,,,,,,,,,,
12.6,63.2,0.9209,,,,,,,,,,,,,,
13.4,61.9,0.9513,,,,,,,,,,,,,,
13.3,63.3,0.9597,,,,,,,,,,,,,,
11.2,70.9,0.9406,,,,,,,,,,,,,,
9.6,76.5,0.9184,,,,,,,,,,,,,,
9.9,76.3,0.9296,,,,,,,,,,,,,,
10.4,74.6,0.9394,,,,,,,,,,,,,,
10.3,75.1,0.9399,,,,,,,,,,,,,,
10.4,75.4,0.9470,,,,,,,,,,,,,,
10.5,75.4,0.9566,,,,,,,,,,,,,,
10.2,78.4,0.9757,,,,,,,,,,,,,,
9.9,80.5,0.9840,,,,,,,,,,,,,,
9.8,81.4,0.9855,,,,,,,,,,,,,,
9.5,81.7,0.9693,,,,,,,,,,,,,,
8.9,83.0,0.9487,,,,,,,,,,,,,,
8.8,83.7,0.9529,,,,,,,,,,,,,,
8.7,84.2,0.9526,,,,,,,,,,,,,,
8.7,83.7,0.9454,,,,,,,,,,,,,,
9.6,80.8,0.9687,,,,,,,,,,,,,,
11.3,75.3,1.0048,,,,,,,,,,,,,,
13.8,68.5,1.0718,,,,,,,,,,,,,,
14.9,64.9,1.0929,,,,,,,,,,,,,,
15.3,63.2,1.0898,,,,,,,,,,,,,,
18.6,49.1,1.0425,,,,,,,,,,,,,,
18.6,49.3,1.0451,,,,,,,,,,,,,,
18.4,49.9,1.0453,,,,,,,,,,,,,,
17.9,51.4,1.0488,,,,,,,,,,,,,,
18.0,51.9,1.0622,,,,,,,,,,,,,,
16.7,57.3,1.0813,,,,,,,,,,,,,,
17.3,57.0,1.1137,,,,,,,,,,,,,,
16.8,58.7,1.1109,,,,,,,,,,,,,,
16.5,59.2,1.1021,,,,,,,,,,,,,,
16.3,59.7,1.0941,,,,,,,,,,,,,,
16.0,61.6,1.1127,,,,,,,,,,,,,,
15.6,66.6,1.1763,,,,,,,,,,,,,,
13.8,80.4,1.2621,,,,,,,,,,,,,,
13.2,84.4,1.2779,,,,,,,,,,,,,,
13.6,82.8,1.2845,,,,,,,,,,,,,,
13.8,81.3,1.2767,,,,,,,,,,,,,,
13.6,75.5,1.1720,,,,,,,,,,,,,,
11.5,81.4,1.1025,,,,,,,,,,,,,,
11.8,80.7,1.1181,,,,,,,,,,,,,,
12.3,78.9,1.1283,,,,,,,,,,,,,,
13.0,76.0,1.1317,,,,,,,,,,,,,,
13.7,70.9,1.1076,,,,,,,,,,,,,,
14.0,70.9,1.1244,,,,,,,,,,,,,,
14.6,65.9,1.0880,,,,,,,,,,,,,,
14.9,59.9,1.0063,,,,,,,,,,,,,,
14.9,58.4,0.9839,,,,,,,,,,,,,,
15.3,54.3,0.9357,,,,,,,,,,,,,,
14.6,56.6,0.9367,,,,,,,,,,,,,,
12.6,62.0,0.9027,,,,,,,,,,,,,,
11.9,62.3,0.8674,,,,,,,,,,,,,,
11.6,64.3,0.8789,,,,,,,,,,,,,,
11.5,68.0,0.9207,,,,,,,,,,,,,,
10.7,73.9,0.9502,,,,,,,,,,,,,,
9.6,83.0,0.9899,,,,,,,,,,,,,,
9.6,79.9,0.9579,,,,,,,,,,,,,,
9.8,79.4,0.9626,,,,,,,,,,,,,,
10.1,75.3,0.9322,,,,,,,,,,,,,,
9.1,80.0,0.9299,,,,,,,,,,,,,,
8.7,82.4,0.9294,,,,,,,,,,,,,,
8.5,81.7,0.9074,,,,,,,,,,,,,,
8.3,80.4,0.8861,,,,,,,,,,,,,,
8.9,79.2,0.9067,,,,,,,,,,,,,,
8.7,80.8,0.9096,,,,,,,,,,,,,,
9.0,79.8,0.9203,,,,,,,,,,,,,,
9.5,78.3,0.9338,,,,,,,,,,,,,,
10.4,76.0,0.9561,,,,,,,,,,,,,,
11.0,74.4,0.9736,,,,,,,,,,,,,,
13.8,63.6,0.9959,,,,,,,,,,,,,,
13.6,65.6,1.0167,,,,,,,,,,,,,,
13.7,66.5,1.0380,,,,,,,,,,,,,,
13.0,73.0,1.0860,,,,,,,,,,,,,,
12.7,77.1,1.1251,,,,,,,,,,,,,,
12.3,79.7,1.1342,,,,,,,,,,,,,,
12.3,78.8,1.1279,,,,,,,,,,,,,,
12.5,72.6,1.0489,,,,,,,,,,,,,,
11.8,76.1,1.0544,,,,,,,,,,,,,,
11.3,79.9,1.0697,,,,,,,,,,,,,,
11.1,84.3,1.1137,,,,,,,,,,,,,,
11.3,83.1,1.1089,,,,,,,,,,,,,,
11.6,81.0,1.1082,,,,,,,,,,,,,,
11.7,77.8,1.0689,,,,,,,,,,,,,,
11.7,78.6,1.0813,,,,,,,,,,,,,,
11.9,78.2,1.0856,,,,,,,,,,,,,,
12.0,77.4,1.0825,,,,,,,,,,,,,,
12.0,78.0,1.0940,,,,,,,,,,,,,,
12.4,75.3,1.0813,,,,,,,,,,,,,,
12.5,76.4,1.1021,,,,,,,,,,,,,,
12.9,73.8,1.0937,,,,,,,,,,,,,,
13.3,70.7,1.0749,,,,,,,,,,,,,,
14.3,66.1,1.0711,,,,,,,,,,,,,,
15.4,63.9,1.1071,,,,,,,,,,,,,,
15.9,62.7,1.1273,,,,,,,,,,,,,,
16.4,61.9,1.1465,,,,,,,,,,,,,,
18.0,58.0,1.1901,,,,,,,,,,,,,,
19.2,57.9,1.2757,,,,,,,,,,,,,,
18.1,62.1,1.2822,,,,,,,,,,,,,,
16.7,67.3,1.2707,,,,,,,,,,,,,,
15.8,70.7,1.2601,,,,,,,,,,,,,,
15.4,73.0,1.2688,,,,,,,,,,,,,,
15.4,73.0,1.2648,,,,,,,,,,,,,,
15.3,73.6,1.2691,,,,,,,,,,,,,,
15.1,74.3,1.2623,,,,,,,,,,,,,,
14.2,78.0,1.2540,,,,,,,,,,,,,,
14.1,81.4,1.3066,,,,,,,,,,,,,,
14.4,82.7,1.3496,,,,,,,,,,,,,,
14.1,84.1,1.3461,,,,,,,,,,,,,,
14.1,84.8,1.3544,,,,,,,,,,,,,,
14.0,84.1,1.3389,,,,,,,,,,,,,,
13.9,85.1,1.3449,,,,,,,,,,,,,,
13.8,85.5,1.3469,,,,,,,,,,,,,,
13.8,85.3,1.3412,,,,,,,,,,,,,,
13.7,84.5,1.3202,,,,,,,,,,,,,,
13.9,83.9,1.3284,,,,,,,,,,,,,,
14.6,81.6,1.3448,,,,,,,,,,,,,,
15.8,74.7,1.3336,,,,,,,,,,,,,,
16.4,72.1,1.3360,,,,,,,,,,,,,,
16.8,70.3,1.3341,,,,,,,,,,,,,,
17.9,66.3,1.3499,,,,,,,,,,,,,,
18.8,62.7,1.3506,,,,,,,,,,,,,,
19.0,61.6,1.3407,,,,,,,,,,,,,,
17.7,68.3,1.3713,,,,,,,,,,,,,,
16.5,71.7,1.3358,,,,,,,,,,,,,,
15.7,72.7,1.2872,,,,,,,,,,,,,,
15.0,74.4,1.2593,,,,,,,,,,,,,,
14.6,75.2,1.2405,,,,,,,,,,,,,,
14.0,75.7,1.2051,,,,,,,,,,,,,,
13.1,78.7,1.1817,,,,,,,,,,,,,,
12.6,78.4,1.1419,,,,,,,,,,,,,,
12.8,77.9,1.1438,,,,,,,,,,,,,,
12.1,79.4,1.1201,,,,,,,,,,,,,,
11.6,80.1,1.0899,,,,,,,,,,,,,,
11.6,79.7,1.0858,,,,,,,,,,,,,,
11.4,81.1,1.0928,,,,,,,,,,,,,,
11.5,81.7,1.1033,,,,,,,,,,,,,,
12.4,77.1,1.1072,,,,,,,,,,,,,,
12.3,79.0,1.1293,,,,,,,,,,,,,,
12.2,83.9,1.1890,,,,,,,,,,,,,,
12.2,85.1,1.2079,,,,,,,,,,,,,,
12.4,80.1,1.1462,,,,,,,,,,,,,,
13.0,77.8,1.1641,,,,,,,,,,,,,,
11.8,86.5,1.1981,,,,,,,,,,,,,,
11.9,85.7,1.1912,,,,,,,,,,,,,,
11.9,88.7,1.2352,,,,,,,,,,,,,,
12.3,87.0,1.2422,,,,,,,,,,,,,,
12.7,84.4,1.2352,,,,,,,,,,,,,,
13.1,81.7,1.2284,,,,,,,,,,,,,,
13.1,80.4,1.2038,,,,,,,,,,,,,,
13.4,79.9,1.2254,,,,,,,,,,,,,,
13.8,76.8,1.2060,,,,,,,,,,,,,,
14.0,75.9,1.2064,,,,,,,,,,,,,,
13.5,78.3,1.2097,,,,,,,,,,,,,,
13.0,79.2,1.1820,,,,,,,,,,,,,,
12.4,77.5,1.1115,,,,,,,,,,,,,,
12.3,71.2,1.0175,,,,,,,,,,,,,,
12.2,69.6,0.9860,,,,,,,,,,,,,,
12.3,67.5,0.9624,,,,,,,,,,,,,,
12.7,65.6,0.9566,,,,,,,,,,,,,,
12.5,65.9,0.9533,,,,,,,,,,,,,,
12.4,65.4,0.9426,,,,,,,,,,,,,,
13.2,62.5,0.9430,,,,,,,,,,,,,,
13.1,62.4,0.9366,,,,,,,,,,,,,,
12.9,64.7,0.9564,,,,,,,,,,,,,,
13.0,67.6,1.0090,,,,,,,,,,,,,,
13.0,69.7,1.0403,,,,,,,,,,,,,,
12.0,80.0,1.1167,,,,,,,,,,,,,,
11.4,83.7,1.1278,,,,,,,,,,,,,,
12.0,80.8,1.1264,,,,,,,,,,,,,,
11.5,81.0,1.1010,,,,,,,,,,,,,,
11.3,81.0,1.0851,,,,,,,,,,,,,,
12.0,78.4,1.0954,,,,,,,,,,,,,,
12.1,75.5,1.0669,,,,,,,,,,,,,,
12.5,71.9,1.0351,,,,,,,,,,,,,,
12.6,70.5,1.0239,,,,,,,,,,,,,,
12.5,69.1,1.0003,,,,,,,,,,,,,,
13.1,64.3,0.9628,,,,,,,,,,,,,,
13.2,62.9,0.9517,,,,,,,,,,,,,,
13.3,63.6,0.9673,,,,,,,,,,,,,,
13.3,65.3,0.9948,,,,,,,,,,,,,,
12.7,72.2,1.0525,,,,,,,,,,,,,,
11.9,79.6,1.1043,,,,,,,,,,,,,,
11.8,81.4,1.1238,,,,,,,,,,,,,,
12.0,80.1,1.1231,,,,,,,,,,,,,,
12.2,78.8,1.1178,,,,,,,,,,,,,,
12.7,77.2,1.1298,,,,,,,,,,,,,,
13.4,74.4,1.1407,,,,,,,,,,,,,,
15.9,63.4,1.1349,,,,,,,,,,,,,,
18.5,52.9,1.1174,,,,,,,,,,,,,,
18.4,52.6,1.1064,,,,,,,,,,,,,,
19.4,49.8,1.1095,,,,,,,,,,,,,,
19.5,50.1,1.1225,,,,,,,,,,,,,,
20.3,47.5,1.1187,,,,,,,,,,,,,,
18.7,53.0,1.1322,,,,,,,,,,,,,,
17.3,57.1,1.1161,,,,,,,,,,,,,,
16.4,59.5,1.1017,,,,,,,,,,,,,,
15.9,60.8,1.0880,,,,,,,,,,,,,,
15.5,60.7,1.0591,,,,,,,,,,,,,,
15.3,63.1,1.0872,,,,,,,,,,,,,,
16.6,58.5,1.0963,,,,,,,,,,,,,,
14.6,64.7,1.0677,,,,,,,,,,,,,,
14.0,66.1,1.0500,,,,,,,,,,,,,,
13.0,69.4,1.0364,,,,,,,,,,,,,,
13.1,67.4,1.0101,,,,,,,,,,,,,,
11.6,73.4,0.9990,,,,,,,,,,,,,,
11.9,71.4,0.9921,,,,,,,,,,,,,,
12.4,68.3,0.9801,,,,,,,,,,,,,,
14.1,60.6,0.9715,,,,,,,,,,,,,,
12.9,64.2,0.9506,,,,,,,,,,,,,,
11.7,68.9,0.9439,,,,,,,,,,,,,,
12.5,65.8,0.9538,,,,,,,,,,,,,,
14.5,61.1,1.0007,,,,,,,,,,,,,,
16.9,54.2,1.0371,,,,,,,,,,,,,,
17.4,53.3,1.0528,,,,,,,,,,,,,,
18.8,49.3,1.0581,,,,,,,,,,,,,,
19.4,47.1,1.0510,,,,,,,,,,,,,,
19.2,47.1,1.0371,,,,,,,,,,,,,,
17.7,51.5,1.0315,,,,,,,,,,,,,,
16.5,54.6,1.0164,,,,,,,,,,,,,,
15.4,57.9,1.0068,,,,,,,,,,,,,,
15.2,58.4,1.0007,,,,,,,,,,,,,,
14.9,58.4,0.9843,,,,,,,,,,,,,,
14.5,60.4,0.9909,,,,,,,,,,,,,,
14.5,62.3,1.0216,,,,,,,,,,,,,,
14.6,60.6,1.0033,,,,,,,,,,,,,,
15.0,59.3,1.0045,,,,,,,,,,,,,,
14.7,60.3,1.0031,,,,,,,,,,,,,,
15.3,59.1,1.0191,,,,,,,,,,,,,,
12.3,69.7,0.9954,,,,,,,,,,,,,,
11.6,72.5,0.9916,,,,,,,,,,,,,,
12.0,71.9,1.0030,,,,,,,,,,,,,,
11.8,71.8,0.9909,,,,,,,,,,,,,,
11.8,71.4,0.9864,,,,,,,,,,,,,,
12.8,66.3,0.9804,,,,,,,,,,,,,,
13.2,65.2,0.9841,,,,,,,,,,,,,,
13.1,66.2,0.9933,,,,,,,,,,,,,,
14.3,63.3,1.0266,,,,,,,,,,,,,,
16.0,58.1,1.0482,,,,,,,,,,,,,,
17.3,53.9,1.0562,,,,,,,,,,,,,,
17.3,53.3,1.0407,,,,,,,,,,,,,,
16.7,54.7,1.0311,,,,,,,,,,,,,,
15.4,58.9,1.0200,,,,,,,,,,,,,,
15.2,58.0,0.9927,,,,,,,,,,,,,,
16.2,54.5,0.9956,,,,,,,,,,,,,,
16.5,55.3,1.0267,,,,,,,,,,,,,,
14.6,72.1,1.1947,,,,,,,,,,,,,,
13.9,76.7,1.2098,,,,,,,,,,,,,,
13.7,79.3,1.2326,,,,,,,,,,,,,,
13.8,77.3,1.2169,,,,,,,,,,,,,,
14.2,71.7,1.1578,,,,,,,,,,,,,,
14.9,65.7,1.1050,,,,,,,,,,,,,,
14.7,67.3,1.1177,,,,,,,,,,,,,,
15.2,63.2,1.0821,,,,,,,,,,,,,,
14.8,65.5,1.0965,,,,,,,,,,,,,,
14.4,68.5,1.1158,,,,,,,,,,,,,,
14.5,62.9,1.0335,,,,,,,,,,,,,,
14.6,56.7,0.9358,,,,,,,,,,,,,,
15.0,55.3,0.9338,,,,,,,,,,,,,,
14.5,56.5,0.9306,,,,,,,,,,,,,,
14.3,55.4,0.9005,,,,,,,,,,,,,,
14.7,52.5,0.8716,,,,,,,,,,,,,,
15.5,51.7,0.9033,,,,,,,,,,,,,,
14.9,53.4,0.8998,,,,,,,,,,,,,,
15.2,51.0,0.8762,,,,,,,,,,,,,,
15.2,50.1,0.8580,,,,,,,,,,,,,,
15.6,46.6,0.8176,,,,,,,,,,,,,,
14.8,48.4,0.8069,,,,,,,,,,,,,,
14.6,48.0,0.7902,,,,,,,,,,,,,,
15.1,45.4,0.7759,,,,,,,,,,,,,,
14.5,45.4,0.7458,,,,,,,,,,,,,,
13.4,48.1,0.7374,,,,,,,,,,,,,,
12.3,48.7,0.6931,,,,,,,,,,,,,,
12.0,51.2,0.7179,,,,,,,,,,,,,,
11.9,54.6,0.7589,,,,,,,,,,,,,,
13.7,45.0,0.6991,,,,,,,,,,,,,,
14.7,37.5,0.6220,,,,,,,,,,,,,,
13.8,36.8,0.5760,,,,,,,,,,,,,,
13.2,35.6,0.5375,,,,,,,,,,,,,,
12.0,37.3,0.5239,,,,,,,,,,,,,,
11.7,38.1,0.5223,,,,,,,,,,,,,,
11.5,38.0,0.5159,,,,,,,,,,,,,,
12.3,35.8,0.5086,,,,,,,,,,,,,,
12.9,34.5,0.5102,,,,,,,,,,,,,,
14.4,30.2,0.4911,,,,,,,,,,,,,,
16.2,26.2,0.4789,,,,,,,,,,,,,,
17.1,23.5,0.4530,,,,,,,,,,,,,,
18.1,21.3,0.4396,,,,,,,,,,,,,,
18.8,20.0,0.4278,,,,,,,,,,,,,,
18.1,20.8,0.4274,,,,,,,,,,,,,,
17.6,19.9,0.3952,,,,,,,,,,,,,,
16.0,20.8,0.3757,,,,,,,,,,,,,,
14.6,23.7,0.3903,,,,,,,,,,,,,,
13.7,22.9,0.3581,,,,,,,,,,,,,,
12.8,21.7,0.3182,,,,,,,,,,,,,,
12.7,21.3,0.3119,,,,,,,,,,,,,,
12.8,22.5,0.3309,,,,,,,,,,,,,,
12.6,23.4,0.3408,,,,,,,,,,,,,,
12.4,24.0,0.3443,,,,,,,,,,,,,,
12.5,24.0,0.3462,,,,,,,,,,,,,,
11.9,32.4,0.4489,,,,,,,,,,,,,,
11.7,33.8,0.4623,,,,,,,,,,,,,,
11.5,34.2,0.4621,,,,,,,,,,,,,,
10.5,37.8,0.4799,,,,,,,,,,,,,,
7.8,47.4,0.5046,,,,,,,,,,,,,,
9.3,43.1,0.5062,,,,,,,,,,,,,,
8.2,46.8,0.5091,,,,,,,,,,,,,,
10.7,34.2,0.4390,,,,,,,,,,,,,,
14.4,28.2,0.4593,,,,,,,,,,,,,,
17.4,23.3,0.4599,,,,,,,,,,,,,,
17.8,23.6,0.4766,,,,,,,,,,,,,,
18.3,19.5,0.4044,,,,,,,,,,,,,,
18.9,18.9,0.4091,,,,,,,,,,,,,,
18.4,19.7,0.4117,,,,,,,,,,,,,,
17.8,21.0,0.4234,,,,,,,,,,,,,,
16.1,23.4,0.4248,,,,,,,,,,,,,,
14.9,24.9,0.4178,,,,,,,,,,,,,,
14.6,24.6,0.4054,,,,,,,,,,,,,,
14.2,26.8,0.4332,,,,,,,,,,,,,,
13.3,38.7,0.5867,,,,,,,,,,,,,,
11.2,45.1,0.6004,,,,,,,,,,,,,,
8.8,52.5,0.5969,,,,,,,,,,,,,,
8.6,54.3,0.6060,,,,,,,,,,,,,,
8.1,53.2,0.5746,,,,,,,,,,,,,,
6.8,57.8,0.5768,,,,,,,,,,,,,,
6.6,58.1,0.5687,,,,,,,,,,,,,,
5.4,64.1,0.5772,,,,,,,,,,,,,,
5.6,61.6,0.5656,,,,,,,,,,,,,,
4.2,69.0,0.5737,,,,,,,,,,,,,,
4.8,64.6,0.5630,,,,,,,,,,,,,,
4.0,69.0,0.5661,,,,,,,,,,,,,,
4.9,66.3,0.5786,,,,,,,,,,,,,,
9.4,48.7,0.5748,,,,,,,,,,,,,,
12.6,39.9,0.5804,,,,,,,,,,,,,,
14.4,35.3,0.5763,,,,,,,,,,,,,,
15.1,37.4,0.6374,,,,,,,,,,,,,,
16.0,35.8,0.6456,,,,,,,,,,,,,,
17.5,30.8,0.6095,,,,,,,,,,,,,,
17.2,34.2,0.6669,,,,,,,,,,,,,,
14.3,45.8,0.7452,,,,,,,,,,,,,,
12.2,53.9,0.7617,,,,,,,,,,,,,,
11.6,51.2,0.6965,,,,,,,,,,,,,,
11.3,50.1,0.6720,,,,,,,,,,,,,,
10.6,51.2,0.6541,,,,,,,,,,,,,,
9.6,51.7,0.6163,,,,,,,,,,,,,,
8.7,55.2,0.6225,,,,,,,,,,,,,,
7.9,60.2,0.6432,,,,,,,,,,,,,,
7.9,59.2,0.6331,,,,,,,,,,,,,,
6.7,64.6,0.6381,,,,,,,,,,,,,,
6.9,62.3,0.6227,,,,,,,,,,,,,,
6.3,64.6,0.6197,,,,,,,,,,,,,,
6.4,63.3,0.6123,,,,,,,,,,,,,,
6.4,64.4,0.6204,,,,,,,,,,,,,,
5.6,68.9,0.6328,,,,,,,,,,,,,,
6.4,65.6,0.6348,,,,,,,,,,,,,,
7.3,61.4,0.6306,,,,,,,,,,,,,,
9.6,53.7,0.6409,,,,,,,,,,,,,,
12.0,45.9,0.6421,,,,,,,,,,,,,,
12.7,44.4,0.6512,,,,,,,,,,,,,,
13.9,42.8,0.6761,,,,,,,,,,,,,,
15.0,41.4,0.7016,,,,,,,,,,,,,,
16.0,38.7,0.6987,,,,,,,,,,,,,,
16.0,38.6,0.6952,,,,,,,,,,,,,,
14.1,44.9,0.7194,,,,,,,,,,,,,,
12.6,55.9,0.8142,,,,,,,,,,,,,,
11.7,60.8,0.8336,,,,,,,,,,,,,,
11.5,60.9,0.8249,,,,,,,,,,,,,,
10.6,64.1,0.8182,,,,,,,,,,,,,,
10.1,66.2,0.8185,,,,,,,,,,,,,,
9.0,70.1,0.8036,,,,,,,,,,,,,,
8.6,70.5,0.7915,,,,,,,,,,,,,,
7.6,74.3,0.7783,,,,,,,,,,,,,,
6.9,76.1,0.7590,,,,,,,,,,,,,,
8.0,70.6,0.7607,,,,,,,,,,,,,,
6.8,75.4,0.7475,,,,,,,,,,,,,,
6.6,75.3,0.7378,,,,,,,,,,,,,,
6.0,77.3,0.7262,,,,,,,,,,,,,,
6.0,76.7,0.7220,,,,,,,,,,,,,,
6.9,73.7,0.7348,,,,,,,,,,,,,,
7.6,70.6,0.7371,,,,,,,,,,,,,,
9.3,64.2,0.7544,,,,,,,,,,,,,,
11.7,55.7,0.7630,,,,,,,,,,,,,,
12.9,54.1,0.8003,,,,,,,,,,,,,,
14.0,53.0,0.8451,,,,,,,,,,,,,,
15.1,50.2,0.8552,,,,,,,,,,,,,,
16.7,47.3,0.8883,,,,,,,,,,,,,,
16.8,48.4,0.9175,,,,,,,,,,,,,,
-200,-200,-200,,,,,,,,,,,,,,
-200,-200,-200,,,,,,,,,,,,,,
-200,-200,-200,,,,,,,,,,,,,,
-200,-200,-200,,,,,,,,,,,,,,
-200,-200,-200,,,,,,,,,,,,,,
-200,-200,-200,,,,,,,,,,,,,,
-200,-200,-200,,,,,,,,,,,,,,
-200,-200,-200,,,,,,,,,,,,,,
-200,-200,-200,,,,,,,,,,,,,,
-200,-200,-200,,,,,,,,,,,,,,
-200,-200,-200,,,,,,,,,,,,,,
-200,-200,-200,,,,,,,,,,,,,,
-200,-200,-200,,,,,,,,,,,,,,
-200,-200,-200,,,,,,,,,,,,,,
-200,-200,-200,,,,,,,,,,,,,,
-200,-200,-200,,,,,,,,,,,,,,
-200,-200,-200,,,,,,,,,,,,,,
-200,-200,-200,,,,,,,,,,,,,,
-200,-200,-200,,,,,,,,,,,,,,
-200,-200,-200,,,,,,,,,,,,,,
-200,-200,-200,,,,,,,,,,,,,,
-200,-200,-200,,,,,,,,,,,,,,
-200,-200,-200,,,,,,,,,,,,,,
-200,-200,-200,,,,,,,,,,,,,,
-200,-200,-200,,,,,,,,,,,,,,
-200,-200,-200,,,,,,,,,,,,,,
-200,-200,-200,,,,,,,,,,,,,,
-200,-200,-200,,,,,,,,,,,,,,
-200,-200,-200,,,,,,,,,,,,,,
-200,-200,-200,,,,,,,,,,,,,,
-200,-200,-200,,,,,,,,,,,,,,
-200,-200,-200,,,,,,,,,,,,,,
-200,-200,-200,,,,,,,,,,,,,,
-200,-200,-200,,,,,,,,,,,,,,
-200,-200,-200,,,,,,,,,,,,,,
-200,-200,-200,,,,,,,,,,,,,,
-200,-200,-200,,,,,,,,,,,,,,
-200,-200,-200,,,,,,,,,,,,,,
-200,-200,-200,,,,,,,,,,,,,,
-200,-200,-200,,,,,,,,,,,,,,
-200,-200,-200,,,,,,,,,,,,,,
-200,-200,-200,,,,,,,,,,,,,,
-200,-200,-200,,,,,,,,,,,,,,
-200,-200,-200,,,,,,,,,,,,,,
-200,-200,-200,,,,,,,,,,,,,,
-200,-200,-200,,,,,,,,,,,,,,
-200,-200,-200,,,,,,,,,,,,,,
-200,-200,-200,,,,,,,,,,,,,,
-200,-200,-200,,,,,,,,,,,,,,
-200,-200,-200,,,,,,,,,,,,,,
-200,-200,-200,,,,,,,,,,,,,,
-200,-200,-200,,,,,,,,,,,,,,
-200,-200,-200,,,,,,,,,,,,,,
-200,-200,-200,,,,,,,,,,,,,,
-200,-200,-200,,,,,,,,,,,,,,
-200,-200,-200,,,,,,,,,,,,,,
-200,-200,-200,,,,,,,,,,,,,,
-200,-200,-200,,,,,,,,,,,,,,
-200,-200,-200,,,,,,,,,,,,,,
-200,-200,-200,,,,,,,,,,,,,,
-200,-200,-200,,,,,,,,,,,,,,
-200,-200,-200,,,,,,,,,,,,,,
-200,-200,-200,,,,,,,,,,,,,,
-200,-200,-200,,,,,,,,,,,,,,
-200,-200,-200,,,,,,,,,,,,,,
-200,-200,-200,,,,,,,,,,,,,,
-200,-200,-200,,,,,,,,,,,,,,
-200,-200,-200,,,,,,,,,,,,,,
-200,-200,-200,,,,,,,,,,,,,,
-200,-200,-200,,,,,,,,,,,,,,
-200,-200,-200,,,,,,,,,,,,,,
-200,-200,-200,,,,,,,,,,,,,,
-200,-200,-200,,,,,,,,,,,,,,
-200,-200,-200,,,,,,,,,,,,,,
-200,-200,-200,,,,,,,,,,,,,,
13.3,68.0,1.0376,,,,,,,,,,,,,,
13.2,72.8,1.0984,,,,,,,,,,,,,,
12.6,76.5,1.1106,,,,,,,,,,,,,,
12.6,74.3,1.0843,,,,,,,,,,,,,,
12.9,72.1,1.0658,,,,,,,,,,,,,,
13.1,70.5,1.0594,,,,,,,,,,,,,,
12.4,73.8,1.0574,,,,,,,,,,,,,,
12.2,74.5,1.0537,,,,,,,,,,,,,,
11.8,76.3,1.0547,,,,,,,,,,,,,,
10.8,80.0,1.0367,,,,,,,,,,,,,,
10.4,77.3,0.9709,,,,,,,,,,,,,,
10.0,76.2,0.9332,,,,,,,,,,,,,,
9.4,67.7,0.8018,,,,,,,,,,,,,,
9.3,71.2,0.8325,,,,,,,,,,,,,,
12.6,54.0,0.7840,,,,,,,,,,,,,,
16.1,28.5,0.5164,,,,,,,,,,,,,,
16.6,19.9,0.3728,,,,,,,,,,,,,,
15.9,18.2,0.3255,,,,,,,,,,,,,,
14.3,18.4,0.2991,,,,,,,,,,,,,,
15.0,16.3,0.2749,,,,,,,,,,,,,,
14.9,17.1,0.2875,,,,,,,,,,,,,,
13.2,18.8,0.2837,,,,,,,,,,,,,,
12.4,19.6,0.2797,,,,,,,,,,,,,,
11.9,21.3,0.2957,,,,,,,,,,,,,,
11.1,24.8,0.3264,,,,,,,,,,,,,,
10.1,29.7,0.3666,,,,,,,,,,,,,,
10.2,23.8,0.2955,,,,,,,,,,,,,,
9.4,27.4,0.3239,,,,,,,,,,,,,,
7.9,39.0,0.4154,,,,,,,,,,,,,,
7.6,40.6,0.4273,,,,,,,,,,,,,,
6.4,43.7,0.4242,,,,,,,,,,,,,,
6.3,44.7,0.4293,,,,,,,,,,,,,,
5.1,46.5,0.4125,,,,,,,,,,,,,,
3.3,53.5,0.4180,,,,,,,,,,,,,,
4.8,49.9,0.4325,,,,,,,,,,,,,,
2.2,60.1,0.4361,,,,,,,,,,,,,,
2.5,59.3,0.4401,,,,,,,,,,,,,,
3.2,55.7,0.4344,,,,,,,,,,,,,,
5.0,48.8,0.4290,,,,,,,,,,,,,,
5.8,49.8,0.4613,,,,,,,,,,,,,,
6.0,47.6,0.4488,,,,,,,,,,,,,,
7.4,44.6,0.4613,,,,,,,,,,,,,,
5.2,73.1,0.6535,,,,,,,,,,,,,,
4.8,81.4,0.7055,,,,,,,,,,,,,,
4.7,82.3,0.7105,,,,,,,,,,,,,,
4.7,82.8,0.7157,,,,,,,,,,,,,,
4.7,83.4,0.7177,,,,,,,,,,,,,,
5.2,83.1,0.7411,,,,,,,,,,,,,,
5.5,84.1,0.7657,,,,,,,,,,,,,,
5.8,84.5,0.7822,,,,,,,,,,,,,,
6.2,84.1,0.8018,,,,,,,,,,,,,,
6.6,83.3,0.8183,,,,,,,,,,,,,,
6.8,82.8,0.8216,,,,,,,,,,,,,,
8.2,78.4,0.8561,,,,,,,,,,,,,,
9.7,70.9,0.8539,,,,,,,,,,,,,,
9.5,69.9,0.8298,,,,,,,,,,,,,,
9.3,65.9,0.7757,,,,,,,,,,,,,,
8.8,62.9,0.7154,,,,,,,,,,,,,,
8.6,58.8,0.6603,,,,,,,,,,,,,,
9.2,55.9,0.6521,,,,,,,,,,,,,,
8.4,57.7,0.6376,,,,,,,,,,,,,,
8.5,60.4,0.6713,,,,,,,,,,,,,,
8.9,57.4,0.6575,,,,,,,,,,,,,,
9.2,55.8,0.6479,,,,,,,,,,,,,,
9.6,53.9,0.6425,,,,,,,,,,,,,,
9.6,52.4,0.6276,,,,,,,,,,,,,,
9.7,49.8,0.5998,,,,,,,,,,,,,,
9.4,44.9,0.5296,,,,,,,,,,,,,,
9.8,41.9,0.5083,,,,,,,,,,,,,,
8.9,44.9,0.5125,,,,,,,,,,,,,,
8.4,45.4,0.5035,,,,,,,,,,,,,,
8.0,41.0,0.4416,,,,,,,,,,,,,,
7.9,37.1,0.3974,,,,,,,,,,,,,,
7.8,33.9,0.3594,,,,,,,,,,,,,,
7.3,32.4,0.3340,,,,,,,,,,,,,,
7.4,34.6,0.3576,,,,,,,,,,,,,,
7.1,33.7,0.3417,,,,,,,,,,,,,,
6.4,35.8,0.3471,,,,,,,,,,,,,,
5.6,37.7,0.3444,,,,,,,,,,,,,,
5.6,37.6,0.3448,,,,,,,,,,,,,,
5.3,38.8,0.3473,,,,,,,,,,,,,,
4.7,41.4,0.3576,,,,,,,,,,,,,,
4.3,43.9,0.3675,,,,,,,,,,,,,,
4.9,40.6,0.3539,,,,,,,,,,,,,,
5.1,40.8,0.3603,,,,,,,,,,,,,,
6.5,38.1,0.3709,,,,,,,,,,,,,,
7.4,36.5,0.3778,,,,,,,,,,,,,,
7.9,36.4,0.3889,,,,,,,,,,,,,,
7.8,36.8,0.3908,,,,,,,,,,,,,,
8.7,33.7,0.3790,,,,,,,,,,,,,,
8.5,34.3,0.3813,,,,,,,,,,,,,,
8.9,34.5,0.3946,,,,,,,,,,,,,,
8.8,35.7,0.4043,,,,,,,,,,,,,,
7.9,38.6,0.4137,,,,,,,,,,,,,,
7.6,40.1,0.4195,,,,,,,,,,,,,,
6.9,40.3,0.4025,,,,,,,,,,,,,,
6.5,41.7,0.4047,,,,,,,,,,,,,,
6.3,42.6,0.4106,,,,,,,,,,,,,,
5.9,44.7,0.4186,,,,,,,,,,,,,,
5.8,43.4,0.4037,,,,,,,,,,,,,,
5.8,42.5,0.3937,,,,,,,,,,,,,,
5.6,42.0,0.3856,,,,,,,,,,,,,,
5.3,42.3,0.3806,,,,,,,,,,,,,,
5.1,43.5,0.3852,,,,,,,,,,,,,,
5.1,44.8,0.3967,,,,,,,,,,,,,,
5.2,45.9,0.4099,,,,,,,,,,,,,,
4.7,49.0,0.4209,,,,,,,,,,,,,,
4.5,51.8,0.4418,,,,,,,,,,,,,,
4.5,53.0,0.4495,,,,,,,,,,,,,,
4.8,53.1,0.4605,,,,,,,,,,,,,,
7.8,42.0,0.4464,,,,,,,,,,,,,,
9.3,37.6,0.4391,,,,,,,,,,,,,,
10.0,34.2,0.4212,,,,,,,,,,,,,,
10.3,32.6,0.4094,,,,,,,,,,,,,,
9.8,31.8,0.3858,,,,,,,,,,,,,,
9.8,30.3,0.3658,,,,,,,,,,,,,,
9.6,29.6,0.3545,,,,,,,,,,,,,,
8.1,32.5,0.3516,,,,,,,,,,,,,,
6.8,36.1,0.3575,,,,,,,,,,,,,,
6.4,36.5,0.3519,,,,,,,,,,,,,,
5.9,37.8,0.3528,,,,,,,,,,,,,,
5.1,40.7,0.3621,,,,,,,,,,,,,,
4.8,45.1,0.3925,,,,,,,,,,,,,,
4.5,43.9,0.3728,,,,,,,,,,,,,,
5.2,44.1,0.3939,,,,,,,,,,,,,,
4.3,46.4,0.3896,,,,,,,,,,,,,,
3.0,52.5,0.4021,,,,,,,,,,,,,,
2.3,56.3,0.4134,,,,,,,,,,,,,,
1.5,61.4,0.4235,,,,,,,,,,,,,,
4.0,50.4,0.4154,,,,,,,,,,,,,,
2.8,55.2,0.4177,,,,,,,,,,,,,,
1.2,61.4,0.4159,,,,,,,,,,,,,,
1.4,61.3,0.4208,,,,,,,,,,,,,,
2.2,58.1,0.4218,,,,,,,,,,,,,,
4.3,49.4,0.4138,,,,,,,,,,,,,,
6.6,42.5,0.4160,,,,,,,,,,,,,,
8.0,38.3,0.4133,,,,,,,,,,,,,,
9.1,36.1,0.4172,,,,,,,,,,,,,,
10.0,34.7,0.4259,,,,,,,,,,,,,,
11.0,33.0,0.4331,,,,,,,,,,,,,,
11.3,33.6,0.4504,,,,,,,,,,,,,,
9.4,41.3,0.4888,,,,,,,,,,,,,,
8.0,45.9,0.4936,,,,,,,,,,,,,,
7.1,50.3,0.5100,,,,,,,,,,,,,,
6.2,56.9,0.5419,,,,,,,,,,,,,,
6.3,57.9,0.5575,,,,,,,,,,,,,,
6.2,56.8,0.5421,,,,,,,,,,,,,,
6.1,54.7,0.5201,,,,,,,,,,,,,,
6.0,55.6,0.5244,,,,,,,,,,,,,,
5.1,59.0,0.5248,,,,,,,,,,,,,,
5.1,58.4,0.5170,,,,,,,,,,,,,,
4.7,60.8,0.5232,,,,,,,,,,,,,,
4.2,63.1,0.5259,,,,,,,,,,,,,,
4.3,64.1,0.5370,,,,,,,,,,,,,,
4.8,61.9,0.5370,,,,,,,,,,,,,,
5.3,61.1,0.5499,,,,,,,,,,,,,,
5.7,61.3,0.5657,,,,,,,,,,,,,,
6.1,60.5,0.5719,,,,,,,,,,,,,,
6.7,59.7,0.5890,,,,,,,,,,,,,,
7.2,58.6,0.5986,,,,,,,,,,,,,,
8.0,55.9,0.6018,,,,,,,,,,,,,,
9.8,52.4,0.6349,,,,,,,,,,,,,,
10.5,51.1,0.6503,,,,,,,,,,,,,,
10.8,52.4,0.6767,,,,,,,,,,,,,,
10.6,55.3,0.7058,,,,,,,,,,,,,,
10.4,57.0,0.7167,,,,,,,,,,,,,,
10.2,58.3,0.7256,,,,,,,,,,,,,,
-200,-200,-200,,,,,,,,,,,,,,
-200,-200,-200,,,,,,,,,,,,,,
-200,-200,-200,,,,,,,,,,,,,,
-200,-200,-200,,,,,,,,,,,,,,
-200,-200,-200,,,,,,,,,,,,,,
9.4,66.1,0.7816,,,,,,,,,,,,,,
9.6,65.9,0.7869,,,,,,,,,,,,,,
9.5,66.2,0.7882,,,,,,,,,,,,,,
9.2,67.3,0.7851,,,,,,,,,,,,,,
9.1,68.7,0.7925,,,,,,,,,,,,,,
9.0,69.8,0.8039,,,,,,,,,,,,,,
8.9,70.5,0.8056,,,,,,,,,,,,,,
8.9,70.4,0.8074,,,,,,,,,,,,,,
9.1,69.6,0.8045,,,,,,,,,,,,,,
9.0,70.8,0.8173,,,,,,,,,,,,,,
9.8,68.6,0.8324,,,,,,,,,,,,,,
10.2,67.3,0.8373,,,,,,,,,,,,,,
10.7,65.0,0.8378,,,,,,,,,,,,,,
11.4,62.9,0.8454,,,,,,,,,,,,,,
12.2,61.1,0.8652,,,,,,,,,,,,,,
12.1,61.8,0.8723,,,,,,,,,,,,,,
11.7,65.6,0.8980,,,,,,,,,,,,,,
11.4,67.9,0.9119,,,,,,,,,,,,,,
11.2,70.8,0.9386,,,,,,,,,,,,,,
10.9,75.9,0.9868,,,,,,,,,,,,,,
11.3,78.3,1.0455,,,,,,,,,,,,,,
10.3,82.8,1.0369,,,,,,,,,,,,,,
10.4,82.5,1.0406,,,,,,,,,,,,,,
11.0,81.7,1.0727,,,,,,,,,,,,,,
11.7,79.8,1.0964,,,,,,,,,,,,,,
11.6,80.0,1.0924,,,,,,,,,,,,,,
11.3,80.1,1.0741,,,,,,,,,,,,,,
11.7,74.1,1.0167,,,,,,,,,,,,,,
10.8,78.7,1.0202,,,,,,,,,,,,,,
10.7,81.5,1.0497,,,,,,,,,,,,,,
10.9,80.3,1.0444,,,,,,,,,,,,,,
10.7,80.7,1.0377,,,,,,,,,,,,,,
10.5,81.8,1.0416,,,,,,,,,,,,,,
10.4,82.9,1.0419,,,,,,,,,,,,,,
10.6,82.1,1.0451,,,,,,,,,,,,,,
11.5,72.6,0.9846,,,,,,,,,,,,,,
12.8,65.5,0.9640,,,,,,,,,,,,,,
13.9,60.9,0.9644,,,,,,,,,,,,,,
14.9,57.9,0.9726,,,,,,,,,,,,,,
14.8,63.5,1.0592,,,,,,,,,,,,,,
13.6,68.9,1.0699,,,,,,,,,,,,,,
13.6,68.9,1.0661,,,,,,,,,,,,,,
13.5,67.1,1.0357,,,,,,,,,,,,,,
12.3,75.4,1.0768,,,,,,,,,,,,,,
11.7,80.0,1.0938,,,,,,,,,,,,,,
11.8,82.7,1.1381,,,,,,,,,,,,,,
11.8,77.5,1.0741,,,,,,,,,,,,,,
12.0,72.3,1.0095,,,,,,,,,,,,,,
11.2,79.6,1.0587,,,,,,,,,,,,,,
11.5,74.2,1.0063,,,,,,,,,,,,,,
11.6,68.9,0.9411,,,,,,,,,,,,,,
11.5,67.4,0.9106,,,,,,,,,,,,,,
11.7,64.6,0.8888,,,,,,,,,,,,,,
11.9,61.1,0.8527,,,,,,,,,,,,,,
12.5,57.3,0.8269,,,,,,,,,,,,,,
12.3,60.1,0.8562,,,,,,,,,,,,,,
11.5,68.7,0.9302,,,,,,,,,,,,,,
12.5,63.2,0.9113,,,,,,,,,,,,,,
12.9,63.2,0.9335,,,,,,,,,,,,,,
13.5,59.9,0.9261,,,,,,,,,,,,,,
13.4,61.3,0.9379,,,,,,,,,,,,,,
14.4,57.1,0.9309,,,,,,,,,,,,,,
15.0,57.2,0.9698,,,,,,,,,,,,,,
12.4,72.6,1.0422,,,,,,,,,,,,,,
12.8,73.6,1.0851,,,,,,,,,,,,,,
13.3,68.2,1.0356,,,,,,,,,,,,,,
13.4,66.6,1.0187,,,,,,,,,,,,,,
13.3,63.6,0.9661,,,,,,,,,,,,,,
12.9,62.4,0.9258,,,,,,,,,,,,,,
12.4,64.7,0.9266,,,,,,,,,,,,,,
12.1,65.6,0.9222,,,,,,,,,,,,,,
11.3,69.8,0.9320,,,,,,,,,,,,,,
11.0,68.7,0.9001,,,,,,,,,,,,,,
11.1,65.3,0.8601,,,,,,,,,,,,,,
10.2,66.9,0.8323,,,,,,,,,,,,,,
9.5,70.1,0.8343,,,,,,,,,,,,,,
9.8,69.4,0.8397,,,,,,,,,,,,,,
10.7,62.5,0.8020,,,,,,,,,,,,,,
10.4,64.8,0.8138,,,,,,,,,,,,,,
9.7,73.1,0.8772,,,,,,,,,,,,,,
9.3,77.0,0.9018,,,,,,,,,,,,,,
9.1,77.1,0.8947,,,,,,,,,,,,,,
10.6,67.9,0.8666,,,,,,,,,,,,,,
12.7,56.7,0.8304,,,,,,,,,,,,,,
13.0,53.9,0.8029,,,,,,,,,,,,,,
13.9,49.0,0.7727,,,,,,,,,,,,,,
14.4,49.2,0.8027,,,,,,,,,,,,,,
14.3,48.6,0.7900,,,,,,,,,,,,,,
13.6,52.8,0.8177,,,,,,,,,,,,,,
13.1,54.3,0.8167,,,,,,,,,,,,,,
12.4,59.3,0.8530,,,,,,,,,,,,,,
12.1,61.5,0.8677,,,,,,,,,,,,,,
12.0,60.8,0.8520,,,,,,,,,,,,,,
11.0,73.8,0.9677,,,,,,,,,,,,,,
9.6,82.9,0.9900,,,,,,,,,,,,,,
8.6,83.5,0.9372,,,,,,,,,,,,,,
8.7,83.0,0.9393,,,,,,,,,,,,,,
8.8,81.2,0.9214,,,,,,,,,,,,,,
8.9,79.0,0.9032,,,,,,,,,,,,,,
9.0,76.5,0.8828,,,,,,,,,,,,,,
9.0,75.8,0.8721,,,,,,,,,,,,,,
9.1,73.9,0.8576,,,,,,,,,,,,,,
9.4,70.9,0.8386,,,,,,,,,,,,,,
10.1,65.9,0.8148,,,,,,,,,,,,,,
10.1,64.6,0.7967,,,,,,,,,,,,,,
9.3,64.7,0.7575,,,,,,,,,,,,,,
9.9,61.3,0.7499,,,,,,,,,,,,,,
10.6,59.9,0.7674,,,,,,,,,,,,,,
11.1,55.3,0.7325,,,,,,,,,,,,,,
12.0,49.3,0.6900,,,,,,,,,,,,,,
11.6,46.8,0.6397,,,,,,,,,,,,,,
12.0,44.0,0.6169,,,,,,,,,,,,,,
11.8,44.3,0.6141,,,,,,,,,,,,,,
11.3,45.4,0.6063,,,,,,,,,,,,,,
11.3,44.1,0.5909,,,,,,,,,,,,,,
11.2,45.1,0.5971,,,,,,,,,,,,,,
10.8,47.3,0.6122,,,,,,,,,,,,,,
10.7,47.7,0.6127,,,,,,,,,,,,,,
10.5,46.9,0.5956,,,,,,,,,,,,,,
10.2,45.4,0.5632,,,,,,,,,,,,,,
9.7,46.0,0.5546,,,,,,,,,,,,,,
9.8,45.2,0.5489,,,,,,,,,,,,,,
9.4,45.4,0.5355,,,,,,,,,,,,,,
9.3,44.0,0.5153,,,,,,,,,,,,,,
8.8,45.2,0.5134,,,,,,,,,,,,,,
8.7,45.6,0.5128,,,,,,,,,,,,,,
8.5,44.8,0.4980,,,,,,,,,,,,,,
8.7,43.4,0.4905,,,,,,,,,,,,,,
8.5,43.6,0.4865,,,,,,,,,,,,,,
8.8,42.0,0.4773,,,,,,,,,,,,,,
10.8,35.1,0.4549,,,,,,,,,,,,,,
11.7,34.4,0.4712,,,,,,,,,,,,,,
12.6,31.7,0.4613,,,,,,,,,,,,,,
12.5,30.3,0.4367,,,,,,,,,,,,,,
11.4,32.8,0.4424,,,,,,,,,,,,,,
12.1,31.1,0.4383,,,,,,,,,,,,,,
12.3,29.7,0.4226,,,,,,,,,,,,,,
9.8,36.4,0.4414,,,,,,,,,,,,,,
9.3,40.8,0.4781,,,,,,,,,,,,,,
8.6,45.1,0.5038,,,,,,,,,,,,,,
9.3,41.7,0.4884,,,,,,,,,,,,,,
8.7,44.3,0.4998,,,,,,,,,,,,,,
8.0,47.6,0.5113,,,,,,,,,,,,,,
7.7,47.2,0.4975,,,,,,,,,,,,,,
7.2,50.2,0.5118,,,,,,,,,,,,,,
6.9,50.3,0.5029,,,,,,,,,,,,,,
6.7,50.7,0.4998,,,,,,,,,,,,,,
7.6,46.4,0.4869,,,,,,,,,,,,,,
7.4,45.7,0.4714,,,,,,,,,,,,,,
6.9,49.3,0.4913,,,,,,,,,,,,,,
7.8,48.1,0.5095,,,,,,,,,,,,,,
8.1,47.8,0.5157,,,,,,,,,,,,,,
8.5,46.7,0.5191,,,,,,,,,,,,,,
8.9,44.1,0.5039,,,,,,,,,,,,,,
9.4,42.5,0.5038,,,,,,,,,,,,,,
10.8,36.3,0.4712,,,,,,,,,,,,,,
11.9,30.6,0.4264,,,,,,,,,,,,,,
12.2,29.7,0.4205,,,,,,,,,,,,,,
12.0,31.1,0.4340,,,,,,,,,,,,,,
12.7,28.4,0.4160,,,,,,,,,,,,,,
13.3,27.5,0.4185,,,,,,,,,,,,,,
11.4,30.8,0.4148,,,,,,,,,,,,,,
9.8,34.0,0.4112,,,,,,,,,,,,,,
9.3,33.6,0.3958,,,,,,,,,,,,,,
9.6,32.3,0.3871,,,,,,,,,,,,,,
9.1,32.5,0.3766,,,,,,,,,,,,,,
9.1,37.2,0.4310,,,,,,,,,,,,,,
7.8,38.4,0.4085,,,,,,,,,,,,,,
8.2,40.1,0.4375,,,,,,,,,,,,,,
5.3,50.7,0.4564,,,,,,,,,,,,,,
5.9,50.0,0.4689,,,,,,,,,,,,,,
4.9,53.9,0.4693,,,,,,,,,,,,,,
4.3,55.3,0.4650,,,,,,,,,,,,,,
4.2,57.1,0.4759,,,,,,,,,,,,,,
3.5,58.3,0.4636,,,,,,,,,,,,,,
3.0,60.7,0.4667,,,,,,,,,,,,,,
2.6,63.2,0.4721,,,,,,,,,,,,,,
3.9,59.0,0.4807,,,,,,,,,,,,,,
4.7,57.2,0.4932,,,,,,,,,,,,,,
6.8,48.6,0.4822,,,,,,,,,,,,,,
8.6,43.6,0.4887,,,,,,,,,,,,,,
9.5,41.2,0.4908,,,,,,,,,,,,,,
10.9,35.9,0.4680,,,,,,,,,,,,,,
12.5,32.3,0.4670,,,,,,,,,,,,,,
12.8,32.6,0.4814,,,,,,,,,,,,,,
10.9,39.7,0.5166,,,,,,,,,,,,,,
9.0,51.8,0.5961,,,,,,,,,,,,,,
8.1,54.1,0.5882,,,,,,,,,,,,,,
7.8,54.6,0.5786,,,,,,,,,,,,,,
6.2,59.6,0.5698,,,,,,,,,,,,,,
5.7,59.9,0.5523,,,,,,,,,,,,,,
5.6,59.7,0.5463,,,,,,,,,,,,,,
4.7,62.9,0.5424,,,,,,,,,,,,,,
4.5,63.5,0.5411,,,,,,,,,,,,,,
4.5,63.6,0.5414,,,,,,,,,,,,,,
3.1,70.0,0.5388,,,,,,,,,,,,,,
3.2,68.3,0.5310,,,,,,,,,,,,,,
3.1,69.2,0.5337,,,,,,,,,,,,,,
2.4,71.9,0.5288,,,,,,,,,,,,,,
3.1,68.7,0.5317,,,,,,,,,,,,,,
2.1,73.1,0.5289,,,,,,,,,,,,,,
3.3,68.2,0.5346,,,,,,,,,,,,,,
4.1,65.8,0.5451,,,,,,,,,,,,,,
6.6,56.6,0.5528,,,,,,,,,,,,,,
8.0,51.2,0.5516,,,,,,,,,,,,,,
10.3,44.9,0.5612,,,,,,,,,,,,,,
12.3,41.7,0.5961,,,,,,,,,,,,,,
13.5,41.3,0.6342,,,,,,,,,,,,,,
13.4,43.1,0.6600,,,,,,,,,,,,,,
9.9,53.3,0.6504,,,,,,,,,,,,,,
8.9,54.6,0.6226,,,,,,,,,,,,,,
8.9,54.8,0.6244,,,,,,,,,,,,,,
8.3,58.2,0.6391,,,,,,,,,,,,,,
-200,-200,-200,,,,,,,,,,,,,,
-200,-200,-200,,,,,,,,,,,,,,
-200,-200,-200,,,,,,,,,,,,,,
-200,-200,-200,,,,,,,,,,,,,,
-200,-200,-200,,,,,,,,,,,,,,
-200,-200,-200,,,,,,,,,,,,,,
-200,-200,-200,,,,,,,,,,,,,,
-200,-200,-200,,,,,,,,,,,,,,
-200,-200,-200,,,,,,,,,,,,,,
-200,-200,-200,,,,,,,,,,,,,,
-200,-200,-200,,,,,,,,,,,,,,
-200,-200,-200,,,,,,,,,,,,,,
-200,-200,-200,,,,,,,,,,,,,,
-200,-200,-200,,,,,,,,,,,,,,
-200,-200,-200,,,,,,,,,,,,,,
-200,-200,-200,,,,,,,,,,,,,,
-200,-200,-200,,,,,,,,,,,,,,
-200,-200,-200,,,,,,,,,,,,,,
-200,-200,-200,,,,,,,,,,,,,,
-200,-200,-200,,,,,,,,,,,,,,
-200,-200,-200,,,,,,,,,,,,,,
-200,-200,-200,,,,,,,,,,,,,,
-200,-200,-200,,,,,,,,,,,,,,
-200,-200,-200,,,,,,,,,,,,,,
-200,-200,-200,,,,,,,,,,,,,,
-200,-200,-200,,,,,,,,,,,,,,
-200,-200,-200,,,,,,,,,,,,,,
-200,-200,-200,,,,,,,,,,,,,,
-200,-200,-200,,,,,,,,,,,,,,
-200,-200,-200,,,,,,,,,,,,,,
-200,-200,-200,,,,,,,,,,,,,,
-200,-200,-200,,,,,,,,,,,,,,
-200,-200,-200,,,,,,,,,,,,,,
-200,-200,-200,,,,,,,,,,,,,,
-200,-200,-200,,,,,,,,,,,,,,
-200,-200,-200,,,,,,,,,,,,,,
-200,-200,-200,,,,,,,,,,,,,,
-200,-200,-200,,,,,,,,,,,,,,
-200,-200,-200,,,,,,,,,,,,,,
-200,-200,-200,,,,,,,,,,,,,,
-200,-200,-200,,,,,,,,,,,,,,
-200,-200,-200,,,,,,,,,,,,,,
-200,-200,-200,,,,,,,,,,,,,,
-200,-200,-200,,,,,,,,,,,,,,
-200,-200,-200,,,,,,,,,,,,,,
-200,-200,-200,,,,,,,,,,,,,,
-200,-200,-200,,,,,,,,,,,,,,
-200,-200,-200,,,,,,,,,,,,,,
-200,-200,-200,,,,,,,,,,,,,,
-200,-200,-200,,,,,,,,,,,,,,
-200,-200,-200,,,,,,,,,,,,,,
-200,-200,-200,,,,,,,,,,,,,,
9.5,69.5,0.8261,,,,,,,,,,,,,,
9.1,70.9,0.8176,,,,,,,,,,,,,,
8.1,72.1,0.7798,,,,,,,,,,,,,,
7.9,72.1,0.7679,,,,,,,,,,,,,,
7.6,72.7,0.7598,,,,,,,,,,,,,,
7.5,71.7,0.7439,,,,,,,,,,,,,,
7.9,70.6,0.7562,,,,,,,,,,,,,,
8.6,69.0,0.7732,,,,,,,,,,,,,,
9.1,67.5,0.7831,,,,,,,,,,,,,,
9.8,65.8,0.7967,,,,,,,,,,,,,,
11.2,61.9,0.8226,,,,,,,,,,,,,,
12.8,60.1,0.8820,,,,,,,,,,,,,,
13.4,62.4,0.9513,,,,,,,,,,,,,,
14.3,61.2,0.9941,,,,,,,,,,,,,,
14.6,59.6,0.9824,,,,,,,,,,,,,,
14.2,60.0,0.9684,,,,,,,,,,,,,,
13.8,62.6,0.9862,,,,,,,,,,,,,,
13.6,64.0,0.9891,,,,,,,,,,,,,,
13.4,64.5,0.9865,,,,,,,,,,,,,,
13.5,64.7,0.9971,,,,,,,,,,,,,,
13.4,65.3,0.9967,,,,,,,,,,,,,,
13.2,64.5,0.9732,,,,,,,,,,,,,,
13.2,62.3,0.9392,,,,,,,,,,,,,,
12.5,63.7,0.9196,,,,,,,,,,,,,,
12.3,64.6,0.9229,,,,,,,,,,,,,,
12.5,63.8,0.9244,,,,,,,,,,,,,,
12.6,62.7,0.9121,,,,,,,,,,,,,,
12.0,64.6,0.9060,,,,,,,,,,,,,,
10.7,69.5,0.8919,,,,,,,,,,,,,,
12.4,62.6,0.8994,,,,,,,,,,,,,,
12.3,62.7,0.8947,,,,,,,,,,,,,,
11.4,66.6,0.8948,,,,,,,,,,,,,,
11.1,70.2,0.9276,,,,,,,,,,,,,,
13.4,61.0,0.9348,,,,,,,,,,,,,,
15.9,52.2,0.9377,,,,,,,,,,,,,,
15.6,54.0,0.9515,,,,,,,,,,,,,,
16.3,51.5,0.9462,,,,,,,,,,,,,,
16.5,50.8,0.9442,,,,,,,,,,,,,,
16.3,51.9,0.9535,,,,,,,,,,,,,,
16.2,53.0,0.9687,,,,,,,,,,,,,,
15.6,54.8,0.9660,,,,,,,,,,,,,,
14.5,57.5,0.9440,,,,,,,,,,,,,,
14.0,60.1,0.9566,,,,,,,,,,,,,,
13.5,63.0,0.9686,,,,,,,,,,,,,,
12.6,65.4,0.9529,,,,,,,,,,,,,,
12.0,67.5,0.9413,,,,,,,,,,,,,,
10.5,72.0,0.9120,,,,,,,,,,,,,,
10.0,70.9,0.8706,,,,,,,,,,,,,,
9.8,70.7,0.8571,,,,,,,,,,,,,,
8.0,75.0,0.8098,,,,,,,,,,,,,,
7.9,75.1,0.8050,,,,,,,,,,,,,,
7.0,77.3,0.7782,,,,,,,,,,,,,,
7.2,74.4,0.7581,,,,,,,,,,,,,,
6.7,75.0,0.7418,,,,,,,,,,,,,,
6.4,76.3,0.7389,,,,,,,,,,,,,,
6.0,78.5,0.7377,,,,,,,,,,,,,,
6.3,77.4,0.7452,,,,,,,,,,,,,,
7.7,73.8,0.7769,,,,,,,,,,,,,,
10.2,61.5,0.7638,,,,,,,,,,,,,,
11.3,58.1,0.7743,,,,,,,,,,,,,,
10.6,62.3,0.7981,,,,,,,,,,,,,,
11.1,62.0,0.8199,,,,,,,,,,,,,,
12.6,57.7,0.8387,,,,,,,,,,,,,,
13.3,56.2,0.8548,,,,,,,,,,,,,,
11.2,65.3,0.8639,,,,,,,,,,,,,,
8.8,74.6,0.8434,,,,,,,,,,,,,,
7.2,78.5,0.8030,,,,,,,,,,,,,,
6.5,80.0,0.7789,,,,,,,,,,,,,,
5.8,83.8,0.7768,,,,,,,,,,,,,,
5.5,83.5,0.7619,,,,,,,,,,,,,,
5.8,81.3,0.7568,,,,,,,,,,,,,,
5.4,82.6,0.7495,,,,,,,,,,,,,,
6.4,76.3,0.7369,,,,,,,,,,,,,,
7.0,73.6,0.7417,,,,,,,,,,,,,,
7.2,72.3,0.7392,,,,,,,,,,,,,,
7.9,69.3,0.7413,,,,,,,,,,,,,,
7.4,71.7,0.7434,,,,,,,,,,,,,,
7.7,71.9,0.7575,,,,,,,,,,,,,,
8.1,68.0,0.7396,,,,,,,,,,,,,,
6.7,77.1,0.7597,,,,,,,,,,,,,,
6.8,77.9,0.7756,,,,,,,,,,,,,,
8.9,66.7,0.7634,,,,,,,,,,,,,,
11.6,54.1,0.7387,,,,,,,,,,,,,,
13.5,49.4,0.7598,,,,,,,,,,,,,,
13.8,50.9,0.7960,,,,,,,,,,,,,,
13.4,55.9,0.8588,,,,,,,,,,,,,,
12.9,59.0,0.8736,,,,,,,,,,,,,,
13.3,59.0,0.8945,,,,,,,,,,,,,,
13.0,61.9,0.9224,,,,,,,,,,,,,,
12.5,63.6,0.9193,,,,,,,,,,,,,,
12.2,65.8,0.9310,,,,,,,,,,,,,,
12.6,65.2,0.9474,,,,,,,,,,,,,,
13.3,63.6,0.9681,,,,,,,,,,,,,,
13.5,62.6,0.9644,,,,,,,,,,,,,,
14.1,59.6,0.9563,,,,,,,,,,,,,,
14.0,61.4,0.9773,,,,,,,,,,,,,,
13.5,63.4,0.9755,,,,,,,,,,,,,,
13.2,64.2,0.9706,,,,,,,,,,,,,,
13.6,62.2,0.9643,,,,,,,,,,,,,,
13.7,61.1,0.9537,,,,,,,,,,,,,,
13.5,63.8,0.9801,,,,,,,,,,,,,,
12.5,67.3,0.9743,,,,,,,,,,,,,,
13.2,64.2,0.9664,,,,,,,,,,,,,,
13.1,63.4,0.9535,,,,,,,,,,,,,,
13.8,60.5,0.9526,,,,,,,,,,,,,,
13.7,60.4,0.9390,,,,,,,,,,,,,,
14.0,59.7,0.9495,,,,,,,,,,,,,,
15.0,56.2,0.9539,,,,,,,,,,,,,,
16.9,50.9,0.9714,,,,,,,,,,,,,,
16.6,52.4,0.9810,,,,,,,,,,,,,,
16.4,53.2,0.9826,,,,,,,,,,,,,,
16.1,52.8,0.9579,,,,,,,,,,,,,,
15.7,54.4,0.9616,,,,,,,,,,,,,,
15.4,55.3,0.9616,,,,,,,,,,,,,,
15.2,54.7,0.9362,,,,,,,,,,,,,,
14.7,56.6,0.9392,,,,,,,,,,,,,,
14.4,58.2,0.9495,,,,,,,,,,,,,,
14.3,59.2,0.9608,,,,,,,,,,,,,,
14.0,60.4,0.9622,,,,,,,,,,,,,,
13.7,63.6,0.9912,,,,,,,,,,,,,,
13.1,68.7,1.0329,,,,,,,,,,,,,,
13.2,69.9,1.0526,,,,,,,,,,,,,,
12.8,71.2,1.0454,,,,,,,,,,,,,,
12.9,70.4,1.0444,,,,,,,,,,,,,,
12.4,72.5,1.0411,,,,,,,,,,,,,,
13.0,70.3,1.0502,,,,,,,,,,,,,,
12.3,73.3,1.0448,,,,,,,,,,,,,,
12.8,71.8,1.0551,,,,,,,,,,,,,,
13.1,70.2,1.0567,,,,,,,,,,,,,,
12.8,71.8,1.0551,,,,,,,,,,,,,,
13.1,70.3,1.0566,,,,,,,,,,,,,,
13.7,67.0,1.0446,,,,,,,,,,,,,,
14.0,65.4,1.0427,,,,,,,,,,,,,,
14.4,63.8,1.0421,,,,,,,,,,,,,,
14.1,65.9,1.0531,,,,,,,,,,,,,,
14.1,65.9,1.0552,,,,,,,,,,,,,,
14.1,66.0,1.0539,,,,,,,,,,,,,,
14.0,66.4,1.0536,,,,,,,,,,,,,,
13.8,66.4,1.0451,,,,,,,,,,,,,,
13.4,68.1,1.0441,,,,,,,,,,,,,,
13.2,69.1,1.0452,,,,,,,,,,,,,,
13.0,70.0,1.0420,,,,,,,,,,,,,,
12.7,69.9,1.0223,,,,,,,,,,,,,,
12.0,71.9,1.0071,,,,,,,,,,,,,,
13.2,66.8,1.0087,,,,,,,,,,,,,,
12.4,69.5,0.9986,,,,,,,,,,,,,,
13.1,65.7,0.9858,,,,,,,,,,,,,,
11.8,70.6,0.9731,,,,,,,,,,,,,,
12.3,68.0,0.9734,,,,,,,,,,,,,,
12.0,69.2,0.9697,,,,,,,,,,,,,,
11.7,69.8,0.9612,,,,,,,,,,,,,,
12.1,67.6,0.9500,,,,,,,,,,,,,,
12.5,65.1,0.9399,,,,,,,,,,,,,,
12.8,62.5,0.9213,,,,,,,,,,,,,,
13.4,59.9,0.9143,,,,,,,,,,,,,,
13.4,57.9,0.8895,,,,,,,,,,,,,,
13.6,56.4,0.8754,,,,,,,,,,,,,,
13.8,56.3,0.8841,,,,,,,,,,,,,,
13.7,57.9,0.9063,,,,,,,,,,,,,,
13.6,58.9,0.9139,,,,,,,,,,,,,,
13.4,59.7,0.9142,,,,,,,,,,,,,,
13.3,61.2,0.9330,,,,,,,,,,,,,,
13.2,61.8,0.9313,,,,,,,,,,,,,,
12.9,61.5,0.9139,,,,,,,,,,,,,,
12.6,63.9,0.9307,,,,,,,,,,,,,,
12.0,67.4,0.9417,,,,,,,,,,,,,,
11.9,69.0,0.9568,,,,,,,,,,,,,,
12.0,66.6,0.9293,,,,,,,,,,,,,,
11.4,69.6,0.9373,,,,,,,,,,,,,,
11.2,70.3,0.9323,,,,,,,,,,,,,,
11.5,68.2,0.9271,,,,,,,,,,,,,,
10.7,71.3,0.9161,,,,,,,,,,,,,,
10.0,74.8,0.9161,,,,,,,,,,,,,,
9.2,78.5,0.9143,,,,,,,,,,,,,,
8.8,79.4,0.9033,,,,,,,,,,,,,,
8.7,79.4,0.8944,,,,,,,,,,,,,,
8.9,76.5,0.8767,,,,,,,,,,,,,,
9.9,73.3,0.8936,,,,,,,,,,,,,,
11.8,65.5,0.9010,,,,,,,,,,,,,,
13.0,60.9,0.9061,,,,,,,,,,,,,,
14.7,52.3,0.8687,,,,,,,,,,,,,,
15.1,49.6,0.8428,,,,,,,,,,,,,,
15.7,48.8,0.8657,,,,,,,,,,,,,,
15.8,48.9,0.8707,,,,,,,,,,,,,,
14.6,54.0,0.8946,,,,,,,,,,,,,,
14.3,56.3,0.9119,,,,,,,,,,,,,,
14.1,57.8,0.9262,,,,,,,,,,,,,,
13.1,62.9,0.9430,,,,,,,,,,,,,,
12.0,67.5,0.9467,,,,,,,,,,,,,,
10.7,70.9,0.9113,,,,,,,,,,,,,,
10.0,73.2,0.8988,,,,,,,,,,,,,,
9.4,75.0,0.8874,,,,,,,,,,,,,,
8.5,76.9,0.8557,,,,,,,,,,,,,,
8.4,75.9,0.8407,,,,,,,,,,,,,,
6.9,80.7,0.8054,,,,,,,,,,,,,,
6.2,82.1,0.7825,,,,,,,,,,,,,,
7.0,77.3,0.7759,,,,,,,,,,,,,,
6.5,79.7,0.7751,,,,,,,,,,,,,,
7.7,76.8,0.8112,,,,,,,,,,,,,,
8.2,74.9,0.8184,,,,,,,,,,,,,,
8.8,73.2,0.8298,,,,,,,,,,,,,,
9.7,70.1,0.8432,,,,,,,,,,,,,,
11.7,62.7,0.8586,,,,,,,,,,,,,,
13.1,58.5,0.8770,,,,,,,,,,,,,,
14.2,54.1,0.8707,,,,,,,,,,,,,,
14.2,54.3,0.8757,,,,,,,,,,,,,,
14.0,56.3,0.8940,,,,,,,,,,,,,,
13.5,57.8,0.8933,,,,,,,,,,,,,,
12.3,63.0,0.9015,,,,,,,,,,,,,,
11.4,68.0,0.9166,,,,,,,,,,,,,,
10.8,69.5,0.8995,,,,,,,,,,,,,,
11.0,67.1,0.8766,,,,,,,,,,,,,,
9.5,71.3,0.8458,,,,,,,,,,,,,,
8.8,71.0,0.8089,,,,,,,,,,,,,,
8.0,73.4,0.7899,,,,,,,,,,,,,,
7.6,73.0,0.7629,,,,,,,,,,,,,,
7.1,73.9,0.7515,,,,,,,,,,,,,,
7.1,73.5,0.7439,,,,,,,,,,,,,,
6.7,75.0,0.7390,,,,,,,,,,,,,,
5.1,81.3,0.7204,,,,,,,,,,,,,,
4.3,82.9,0.6968,,,,,,,,,,,,,,
5.3,80.4,0.7234,,,,,,,,,,,,,,
5.7,79.3,0.7326,,,,,,,,,,,,,,
6.8,74.8,0.7423,,,,,,,,,,,,,,
6.9,75.2,0.7505,,,,,,,,,,,,,,
8.0,71.9,0.7712,,,,,,,,,,,,,,
9.3,67.1,0.7849,,,,,,,,,,,,,,
10.2,63.6,0.7928,,,,,,,,,,,,,,
11.0,60.9,0.7966,,,,,,,,,,,,,,
11.3,60.1,0.8022,,,,,,,,,,,,,,
12.2,56.9,0.8068,,,,,,,,,,,,,,
11.9,59.1,0.8211,,,,,,,,,,,,,,
10.3,66.3,0.8286,,,,,,,,,,,,,,
8.2,74.9,0.8187,,,,,,,,,,,,,,
7.9,77.1,0.8223,,,,,,,,,,,,,,
8.3,75.0,0.8253,,,,,,,,,,,,,,
8.2,75.2,0.8185,,,,,,,,,,,,,,
8.3,69.7,0.7632,,,,,,,,,,,,,,
6.7,74.4,0.7344,,,,,,,,,,,,,,
6.4,74.9,0.7238,,,,,,,,,,,,,,
4.9,80.1,0.7011,,,,,,,,,,,,,,
4.8,79.4,0.6872,,,,,,,,,,,,,,
3.3,82.6,0.6450,,,,,,,,,,,,,,
2.4,86.6,0.6369,,,,,,,,,,,,,,
3.4,81.4,0.6425,,,,,,,,,,,,,,
4.2,77.0,0.6439,,,,,,,,,,,,,,
3.5,80.8,0.6406,,,,,,,,,,,,,,
3.5,80.3,0.6366,,,,,,,,,,,,,,
4.0,78.5,0.6450,,,,,,,,,,,,,,
4.5,76.6,0.6534,,,,,,,,,,,,,,
5.6,72.3,0.6627,,,,,,,,,,,,,,
7.5,64.4,0.6720,,,,,,,,,,,,,,
8.9,60.8,0.6921,,,,,,,,,,,,,,
10.6,55.3,0.7058,,,,,,,,,,,,,,
12.3,46.3,0.6597,,,,,,,,,,,,,,
12.2,47.0,0.6686,,,,,,,,,,,,,,
10.5,55.1,0.6993,,,,,,,,,,,,,,
8.7,66.3,0.7491,,,,,,,,,,,,,,
7.9,69.9,0.7487,,,,,,,,,,,,,,
7.6,65.3,0.6842,,,,,,,,,,,,,,
6.5,67.6,0.6608,,,,,,,,,,,,,,
5.9,66.4,0.6226,,,,,,,,,,,,,,
5.2,70.0,0.6232,,,,,,,,,,,,,,
5.2,67.8,0.6028,,,,,,,,,,,,,,
4.9,67.1,0.5863,,,,,,,,,,,,,,
5.1,65.5,0.5811,,,,,,,,,,,,,,
4.0,69.5,0.5706,,,,,,,,,,,,,,
3.7,68.9,0.5549,,,,,,,,,,,,,,
4.5,62.7,0.5343,,,,,,,,,,,,,,
4.7,62.3,0.5368,,,,,,,,,,,,,,
3.9,67.1,0.5483,,,,,,,,,,,,,,
5.7,54.5,0.5034,,,,,,,,,,,,,,
6.1,50.3,0.4769,,,,,,,,,,,,,,
9.0,39.5,0.4554,,,,,,,,,,,,,,
10.7,34.4,0.4406,,,,,,,,,,,,,,
11.1,33.4,0.4401,,,,,,,,,,,,,,
11.9,30.8,0.4285,,,,,,,,,,,,,,
11.4,32.0,0.4310,,,,,,,,,,,,,,
11.3,32.5,0.4334,,,,,,,,,,,,,,
11.0,33.0,0.4331,,,,,,,,,,,,,,
10.3,35.0,0.4377,,,,,,,,,,,,,,
8.4,40.9,0.4542,,,,,,,,,,,,,,
8.3,38.5,0.4228,,,,,,,,,,,,,,
8.1,37.9,0.4100,,,,,,,,,,,,,,
7.7,39.0,0.4106,,,,,,,,,,,,,,
7.0,41.5,0.4193,,,,,,,,,,,,,,
6.6,42.6,0.4179,,,,,,,,,,,,,,
6.4,44.2,0.4280,,,,,,,,,,,,,,
6.0,46.0,0.4349,,,,,,,,,,,,,,
4.4,53.1,0.4484,,,,,,,,,,,,,,
4.0,54.3,0.4454,,,,,,,,,,,,,,
3.7,55.8,0.4489,,,,,,,,,,,,,,
2.6,58.6,0.4385,,,,,,,,,,,,,,
3.2,56.0,0.4364,,,,,,,,,,,,,,
3.6,55.4,0.4419,,,,,,,,,,,,,,
1.8,63.3,0.4464,,,,,,,,,,,,,,
2.4,60.2,0.4426,,,,,,,,,,,,,,
4.6,52.1,0.4472,,,,,,,,,,,,,,
8.2,40.5,0.4414,,,,,,,,,,,,,,
10.5,34.7,0.4393,,,,,,,,,,,,,,
11.1,33.3,0.4384,,,,,,,,,,,,,,
11.1,32.6,0.4292,,,,,,,,,,,,,,
12.4,28.3,0.4076,,,,,,,,,,,,,,
12.9,24.5,0.3630,,,,,,,,,,,,,,
11.4,28.7,0.3865,,,,,,,,,,,,,,
9.2,39.3,0.4573,,,,,,,,,,,,,,
7.8,48.1,0.5115,,,,,,,,,,,,,,
7.2,50.6,0.5170,,,,,,,,,,,,,,
6.0,53.3,0.5008,,,,,,,,,,,,,,
5.3,55.0,0.4921,,,,,,,,,,,,,,
4.2,58.1,0.4832,,,,,,,,,,,,,,
3.4,60.9,0.4809,,,,,,,,,,,,,,
3.0,60.2,0.4639,,,,,,,,,,,,,,
3.2,58.8,0.4578,,,,,,,,,,,,,,
3.3,57.7,0.4516,,,,,,,,,,,,,,
4.5,53.8,0.4572,,,,,,,,,,,,,,
3.1,59.7,0.4604,,,,,,,,,,,,,,
4.2,57.1,0.4743,,,,,,,,,,,,,,
3.4,58.5,0.4608,,,,,,,,,,,,,,
3.9,57.3,0.4661,,,,,,,,,,,,,,
4.3,56.8,0.4768,,,,,,,,,,,,,,
5.6,52.9,0.4841,,,,,,,,,,,,,,
5.5,54.9,0.4985,,,,,,,,,,,,,,
5.1,64.3,0.5697,,,,,,,,,,,,,,
5.5,66.1,0.6010,,,,,,,,,,,,,,
5.5,69.3,0.6331,,,,,,,,,,,,,,
5.0,75.5,0.6667,,,,,,,,,,,,,,
5.2,76.2,0.6796,,,,,,,,,,,,,,
5.3,77.4,0.6954,,,,,,,,,,,,,,
5.0,79.6,0.7022,,,,,,,,,,,,,,
5.1,83.0,0.7352,,,,,,,,,,,,,,
6.4,82.9,0.8022,,,,,,,,,,,,,,
10.3,74.0,0.9237,,,,,,,,,,,,,,
11.3,71.8,0.9577,,,,,,,,,,,,,,
9.8,81.9,0.9923,,,,,,,,,,,,,,
9.5,83.8,0.9972,,,,,,,,,,,,,,
9.9,81.0,0.9885,,,,,,,,,,,,,,
9.9,79.8,0.9725,,,,,,,,,,,,,,
6.9,76.4,0.7661,,,,,,,,,,,,,,
4.8,75.7,0.6590,,,,,,,,,,,,,,
4.7,78.9,0.6820,,,,,,,,,,,,,,
5.0,75.0,0.6627,,,,,,,,,,,,,,
5.6,69.5,0.6362,,,,,,,,,,,,,,
7.0,64.9,0.6512,,,,,,,,,,,,,,
7.1,65.4,0.6644,,,,,,,,,,,,,,
6.4,67.4,0.6537,,,,,,,,,,,,,,
5.3,75.9,0.6824,,,,,,,,,,,,,,
6.3,73.0,0.7024,,,,,,,,,,,,,,
8.6,63.3,0.7073,,,,,,,,,,,,,,
10.0,55.0,0.6753,,,,,,,,,,,,,,
9.4,53.6,0.6333,,,,,,,,,,,,,,
9.2,55.0,0.6402,,,,,,,,,,,,,,
8.7,55.1,0.6228,,,,,,,,,,,,,,
8.9,54.4,0.6200,,,,,,,,,,,,,,
8.6,53.6,0.5992,,,,,,,,,,,,,,
9.0,50.4,0.5809,,,,,,,,,,,,,,
9.2,49.8,0.5808,,,,,,,,,,,,,,
8.8,52.1,0.5918,,,,,,,,,,,,,,
8.8,50.9,0.5781,,,,,,,,,,,,,,
8.7,51.1,0.5755,,,,,,,,,,,,,,
8.6,51.5,0.5772,,,,,,,,,,,,,,
8.5,51.9,0.5766,,,,,,,,,,,,,,
8.1,53.1,0.5742,,,,,,,,,,,,,,
7.8,54.2,0.5755,,,,,,,,,,,,,,
7.1,56.0,0.5690,,,,,,,,,,,,,,
7.0,57.6,0.5784,,,,,,,,,,,,,,
7.5,55.3,0.5734,,,,,,,,,,,,,,
7.0,56.3,0.5660,,,,,,,,,,,,,,
7.6,53.5,0.5605,,,,,,,,,,,,,,
8.3,50.5,0.5558,,,,,,,,,,,,,,
12.4,37.1,0.5329,,,,,,,,,,,,,,
13.9,32.3,0.5117,,,,,,,,,,,,,,
14.4,28.9,0.4723,,,,,,,,,,,,,,
14.8,25.4,0.4259,,,,,,,,,,,,,,
15.1,20.8,0.3536,,,,,,,,,,,,,,
15.4,23.5,0.4076,,,,,,,,,,,,,,
13.7,28.1,0.4381,,,,,,,,,,,,,,
11.5,37.5,0.5068,,,,,,,,,,,,,,
10.4,42.3,0.5337,,,,,,,,,,,,,,
9.9,44.0,0.5381,,,,,,,,,,,,,,
8.7,48.3,0.5458,,,,,,,,,,,,,,
8.1,49.9,0.5417,,,,,,,,,,,,,,
7.3,52.8,0.5419,,,,,,,,,,,,,,
8.0,52.2,0.5623,,,,,,,,,,,,,,
6.8,56.4,0.5609,,,,,,,,,,,,,,
6.7,57.4,0.5654,,,,,,,,,,,,,,
5.9,62.1,0.5806,,,,,,,,,,,,,,
5.4,65.9,0.5947,,,,,,,,,,,,,,
5.5,66.5,0.6054,,,,,,,,,,,,,,
5.9,65.8,0.6178,,,,,,,,,,,,,,
6.4,63.9,0.6192,,,,,,,,,,,,,,
7.2,62.2,0.6351,,,,,,,,,,,,,,
7.9,60.0,0.6406,,,,,,,,,,,,,,
8.3,58.5,0.6403,,,,,,,,,,,,,,
9.3,54.5,0.6415,,,,,,,,,,,,,,
10.2,53.1,0.6608,,,,,,,,,,,,,,
11.1,51.4,0.6790,,,,,,,,,,,,,,
12.8,46.9,0.6919,,,,,,,,,,,,,,
13.1,48.0,0.7181,,,,,,,,,,,,,,
13.5,51.5,0.7930,,,,,,,,,,,,,,
13.4,51.2,0.7808,,,,,,,,,,,,,,
12.1,55.3,0.7777,,,,,,,,,,,,,,
12.0,56.5,0.7924,,,,,,,,,,,,,,
10.4,64.4,0.8123,,,,,,,,,,,,,,
9.4,69.1,0.8150,,,,,,,,,,,,,,
8.9,71.0,0.8115,,,,,,,,,,,,,,
8.1,73.8,0.7968,,,,,,,,,,,,,,
7.3,76.8,0.7904,,,,,,,,,,,,,,
7.3,76.7,0.7862,,,,,,,,,,,,,,
7.1,77.3,0.7826,,,,,,,,,,,,,,
6.7,78.7,0.7779,,,,,,,,,,,,,,
7.0,77.8,0.7848,,,,,,,,,,,,,,
5.7,80.5,0.7416,,,,,,,,,,,,,,
5.2,81.4,0.7276,,,,,,,,,,,,,,
5.6,80.4,0.7349,,,,,,,,,,,,,,
6.3,78.8,0.7544,,,,,,,,,,,,,,
6.9,76.9,0.7682,,,,,,,,,,,,,,
9.2,67.7,0.7900,,,,,,,,,,,,,,
11.6,59.8,0.8152,,,,,,,,,,,,,,
14.0,52.0,0.8288,,,,,,,,,,,,,,
15.0,50.2,0.8495,,,,,,,,,,,,,,
14.9,49.9,0.8394,,,,,,,,,,,,,,
15.8,33.8,0.6034,,,,,,,,,,,,,,
15.4,29.3,0.5068,,,,,,,,,,,,,,
14.4,25.7,0.4193,,,,,,,,,,,,,,
13.4,27.2,0.4157,,,,,,,,,,,,,,
12.2,28.7,0.4077,,,,,,,,,,,,,,
11.3,25.7,0.3422,,,,,,,,,,,,,,
9.7,31.9,0.3848,,,,,,,,,,,,,,
8.4,36.5,0.4035,,,,,,,,,,,,,,
8.2,36.8,0.4016,,,,,,,,,,,,,,
8.0,36.0,0.3872,,,,,,,,,,,,,,
7.0,39.9,0.4006,,,,,,,,,,,,,,
5.7,44.3,0.4093,,,,,,,,,,,,,,
4.7,46.6,0.4025,,,,,,,,,,,,,,
4.2,50.8,0.4234,,,,,,,,,,,,,,
4.6,45.1,0.3861,,,,,,,,,,,,,,
2.7,53.3,0.4006,,,,,,,,,,,,,,
3.1,51.0,0.3947,,,,,,,,,,,,,,
2.5,54.1,0.4017,,,,,,,,,,,,,,
3.1,53.5,0.4123,,,,,,,,,,,,,,
5.0,47.5,0.4180,,,,,,,,,,,,,,
5.8,43.4,0.4032,,,,,,,,,,,,,,
7.1,42.8,0.4327,,,,,,,,,,,,,,
7.9,41.6,0.4459,,,,,,,,,,,,,,
8.1,41.2,0.4480,,,,,,,,,,,,,,
8.3,41.3,0.4533,,,,,,,,,,,,,,
8.9,49.1,0.5629,,,,,,,,,,,,,,
7.1,66.0,0.6678,,,,,,,,,,,,,,
5.7,75.1,0.6942,,,,,,,,,,,,,,
5.4,77.6,0.7031,,,,,,,,,,,,,,
5.4,78.2,0.7074,,,,,,,,,,,,,,
7.3,68.1,0.6979,,,,,,,,,,,,,,
5.8,74.4,0.6924,,,,,,,,,,,,,,
6.2,72.3,0.6887,,,,,,,,,,,,,,
5.9,72.7,0.6791,,,,,,,,,,,,,,
5.0,76.5,0.6728,,,,,,,,,,,,,,
4.0,80.4,0.6630,,,,,,,,,,,,,,
5.8,59.0,0.5493,,,,,,,,,,,,,,
5.8,59.5,0.5519,,,,,,,,,,,,,,
6.6,51.3,0.5026,,,,,,,,,,,,,,
7.0,47.2,0.4745,,,,,,,,,,,,,,
6.6,47.9,0.4686,,,,,,,,,,,,,,
7.2,49.8,0.5061,,,,,,,,,,,,,,
6.9,52.8,0.5293,,,,,,,,,,,,,,
8.7,46.7,0.5249,,,,,,,,,,,,,,
10.0,40.6,0.4971,,,,,,,,,,,,,,
11.8,35.4,0.4877,,,,,,,,,,,,,,
10.7,37.2,0.4788,,,,,,,,,,,,,,
10.9,34.9,0.4560,,,,,,,,,,,,,,
10.7,33.1,0.4256,,,,,,,,,,,,,,
10.6,34.2,0.4375,,,,,,,,,,,,,,
8.9,38.1,0.4341,,,,,,,,,,,,,,
7.8,39.7,0.4206,,,,,,,,,,,,,,
7.3,42.2,0.4341,,,,,,,,,,,,,,
6.9,42.5,0.4257,,,,,,,,,,,,,,
6.6,43.2,0.4247,,,,,,,,,,,,,,
6.4,41.7,0.4034,,,,,,,,,,,,,,
6.1,42.6,0.4041,,,,,,,,,,,,,,
5.9,41.8,0.3928,,,,,,,,,,,,,,
5.7,41.5,0.3836,,,,,,,,,,,,,,
5.5,42.4,0.3867,,,,,,,,,,,,,,
4.5,52.0,0.4436,,,,,,,,,,,,,,
4.3,51.6,0.4323,,,,,,,,,,,,,,
3.7,56.3,0.4530,,,,,,,,,,,,,,
3.3,58.1,0.4559,,,,,,,,,,,,,,
3.9,47.3,0.3862,,,,,,,,,,,,,,
4.3,45.9,0.3843,,,,,,,,,,,,,,
4.2,50.1,0.4168,,,,,,,,,,,,,,
3.4,62.7,0.4943,,,,,,,,,,,,,,
5.0,51.4,0.4534,,,,,,,,,,,,,,
5.7,44.1,0.4063,,,,,,,,,,,,,,
5.2,44.5,0.3968,,,,,,,,,,,,,,
4.7,48.6,0.4194,,,,,,,,,,,,,,
4.5,51.0,0.4327,,,,,,,,,,,,,,
5.1,50.1,0.4432,,,,,,,,,,,,,,
5.0,50.4,0.4430,,,,,,,,,,,,,,
4.3,56.4,0.4721,,,,,,,,,,,,,,
4.3,56.7,0.4760,,,,,,,,,,,,,,
4.3,57.0,0.4771,,,,,,,,,,,,,,
3.5,60.3,0.4782,,,,,,,,,,,,,,
4.1,52.5,0.4351,,,,,,,,,,,,,,
3.9,50.6,0.4127,,,,,,,,,,,,,,
3.9,47.7,0.3901,,,,,,,,,,,,,,
4.0,47.8,0.3939,,,,,,,,,,,,,,
3.9,50.9,0.4144,,,,,,,,,,,,,,
3.0,57.7,0.4423,,,,,,,,,,,,,,
3.3,52.8,0.4137,,,,,,,,,,,,,,
2.7,53.9,0.4062,,,,,,,,,,,,,,
2.8,54.4,0.4110,,,,,,,,,,,,,,
3.6,49.0,0.3915,,,,,,,,,,,,,,
3.3,50.2,0.3934,,,,,,,,,,,,,,
3.5,47.5,0.3778,,,,,,,,,,,,,,
4.3,49.4,0.4136,,,,,,,,,,,,,,
4.5,48.4,0.4131,,,,,,,,,,,,,,
4.3,50.0,0.4199,,,,,,,,,,,,,,
4.3,49.7,0.4166,,,,,,,,,,,,,,
4.9,45.3,0.3955,,,,,,,,,,,,,,
5.6,42.4,0.3884,,,,,,,,,,,,,,
5.7,43.1,0.3984,,,,,,,,,,,,,,
4.8,49.7,0.4305,,,,,,,,,,,,,,
5.1,43.0,0.3821,,,,,,,,,,,,,,
5.3,44.4,0.3970,,,,,,,,,,,,,,
4.9,47.9,0.4180,,,,,,,,,,,,,,
4.7,50.8,0.4398,,,,,,,,,,,,,,
4.6,54.8,0.4704,,,,,,,,,,,,,,
4.0,56.8,0.4688,,,,,,,,,,,,,,
4.2,46.8,0.3900,,,,,,,,,,,,,,
4.5,42.0,0.3571,,,,,,,,,,,,,,
4.1,42.1,0.3487,,,,,,,,,,,,,,
4.5,39.7,0.3379,,,,,,,,,,,,,,
4.4,42.2,0.3571,,,,,,,,,,,,,,
4.1,45.9,0.3804,,,,,,,,,,,,,,
4.3,42.5,0.3556,,,,,,,,,,,,,,
4.6,38.1,0.3267,,,,,,,,,,,,,,
4.6,39.4,0.3367,,,,,,,,,,,,,,
4.8,41.9,0.3634,,,,,,,,,,,,,,
5.9,40.2,0.3760,,,,,,,,,,,,,,
7.0,38.4,0.3861,,,,,,,,,,,,,,
6.6,40.2,0.3944,,,,,,,,,,,,,,
6.6,41.2,0.4046,,,,,,,,,,,,,,
7.3,36.8,0.3779,,,,,,,,,,,,,,
7.3,35.0,0.3584,,,,,,,,,,,,,,
7.0,33.5,0.3367,,,,,,,,,,,,,,
6.5,32.4,0.3155,,,,,,,,,,,,,,
5.7,33.9,0.3131,,,,,,,,,,,,,,
5.0,36.1,0.3178,,,,,,,,,,,,,,
4.7,38.3,0.3306,,,,,,,,,,,,,,
4.5,39.9,0.3390,,,,,,,,,,,,,,
4.3,41.1,0.3451,,,,,,,,,,,,,,
4.0,43.1,0.3551,,,,,,,,,,,,,,
3.7,46.0,0.3701,,,,,,,,,,,,,,
3.3,47.4,0.3716,,,,,,,,,,,,,,
3.0,49.1,0.3774,,,,,,,,,,,,,,
3.5,48.0,0.3822,,,,,,,,,,,,,,
3.6,48.0,0.3835,,,,,,,,,,,,,,
4.0,47.8,0.3919,,,,,,,,,,,,,,
4.1,48.1,0.3975,,,,,,,,,,,,,,
4.1,47.4,0.3926,,,,,,,,,,,,,,
4.2,48.7,0.4073,,,,,,,,,,,,,,
4.1,49.8,0.4117,,,,,,,,,,,,,,
4.3,48.4,0.4043,,,,,,,,,,,,,,
4.6,49.7,0.4271,,,,,,,,,,,,,,
4.5,49.6,0.4210,,,,,,,,,,,,,,
4.4,48.4,0.4087,,,,,,,,,,,,,,
4.7,47.2,0.4075,,,,,,,,,,,,,,
4.2,49.5,0.4118,,,,,,,,,,,,,,
3.4,50.7,0.3991,,,,,,,,,,,,,,
-200,-200,-200,,,,,,,,,,,,,,
-200,-200,-200,,,,,,,,,,,,,,
-200,-200,-200,,,,,,,,,,,,,,
-200,-200,-200,,,,,,,,,,,,,,
-200,-200,-200,,,,,,,,,,,,,,
-200,-200,-200,,,,,,,,,,,,,,
-200,-200,-200,,,,,,,,,,,,,,
-200,-200,-200,,,,,,,,,,,,,,
-200,-200,-200,,,,,,,,,,,,,,
1.9,49.7,0.3528,,,,,,,,,,,,,,
1.6,52.9,0.3692,,,,,,,,,,,,,,
1.4,53.8,0.3687,,,,,,,,,,,,,,
1.0,54.7,0.3657,,,,,,,,,,,,,,
1.4,52.3,0.3591,,,,,,,,,,,,,,
1.6,51.0,0.3561,,,,,,,,,,,,,,
1.4,53.1,0.3642,,,,,,,,,,,,,,
1.7,54.1,0.3785,,,,,,,,,,,,,,
2.5,51.0,0.3778,,,,,,,,,,,,,,
2.9,48.7,0.3706,,,,,,,,,,,,,,
3.6,45.8,0.3674,,,,,,,,,,,,,,
3.1,48.1,0.3722,,,,,,,,,,,,,,
3.4,46.6,0.3668,,,,,,,,,,,,,,
3.7,45.8,0.3697,,,,,,,,,,,,,,
4.4,43.7,0.3688,,,,,,,,,,,,,,
4.0,44.9,0.3689,,,,,,,,,,,,,,
3.3,46.8,0.3671,,,,,,,,,,,,,,
3.1,48.1,0.3707,,,,,,,,,,,,,,
2.8,49.0,0.3700,,,,,,,,,,,,,,
3.1,47.4,0.3661,,,,,,,,,,,,,,
2.9,49.0,0.3725,,,,,,,,,,,,,,
2.8,49.1,0.3726,,,,,,,,,,,,,,
2.9,49.7,0.3782,,,,,,,,,,,,,,
3.8,46.5,0.3762,,,,,,,,,,,,,,
3.2,46.9,0.3658,,,,,,,,,,,,,,
3.1,45.2,0.3504,,,,,,,,,,,,,,
3.1,44.8,0.3473,,,,,,,,,,,,,,
3.1,44.4,0.3420,,,,,,,,,,,,,,
3.0,43.4,0.3337,,,,,,,,,,,,,,
2.8,43.8,0.3308,,,,,,,,,,,,,,
2.7,43.2,0.3259,,,,,,,,,,,,,,
3.3,42.3,0.3299,,,,,,,,,,,,,,
4.6,39.0,0.3330,,,,,,,,,,,,,,
5.6,37.5,0.3426,,,,,,,,,,,,,,
7.2,34.2,0.3488,,,,,,,,,,,,,,
6.9,35.6,0.3561,,,,,,,,,,,,,,
8.2,30.1,0.3281,,,,,,,,,,,,,,
7.6,27.9,0.2927,,,,,,,,,,,,,,
7.9,25.9,0.2774,,,,,,,,,,,,,,
7.8,28.3,0.3017,,,,,,,,,,,,,,
6.3,28.8,0.2772,,,,,,,,,,,,,,
5.4,30.1,0.2726,,,,,,,,,,,,,,
5.0,31.1,0.2730,,,,,,,,,,,,,,
4.6,33.8,0.2898,,,,,,,,,,,,,,
4.3,36.6,0.3064,,,,,,,,,,,,,,
4.0,39.0,0.3203,,,,,,,,,,,,,,
2.9,42.8,0.3276,,,,,,,,,,,,,,
3.4,38.9,0.3076,,,,,,,,,,,,,,
4.0,36.4,0.2982,,,,,,,,,,,,,,
4.0,36.4,0.2989,,,,,,,,,,,,,,
3.7,37.7,0.3024,,,,,,,,,,,,,,
3.4,38.9,0.3075,,,,,,,,,,,,,,
3.7,37.5,0.3012,,,,,,,,,,,,,,
3.7,35.2,0.2833,,,,,,,,,,,,,,
3.7,33.9,0.2732,,,,,,,,,,,,,,
4.4,38.8,0.3280,,,,,,,,,,,,,,
6.6,34.4,0.3359,,,,,,,,,,,,,,
10.0,22.4,0.2753,,,,,,,,,,,,,,
11.9,18.6,0.2581,,,,,,,,,,,,,,
12.5,17.2,0.2477,,,,,,,,,,,,,,
13.2,17.3,0.2606,,,,,,,,,,,,,,
13.5,18.7,0.2872,,,,,,,,,,,,,,
14.1,18.2,0.2908,,,,,,,,,,,,,,
13.0,20.3,0.3030,,,,,,,,,,,,,,
10.4,24.7,0.3116,,,,,,,,,,,,,,
8.6,29.8,0.3344,,,,,,,,,,,,,,
7.3,36.8,0.3771,,,,,,,,,,,,,,
6.3,39.4,0.3795,,,,,,,,,,,,,,
5.4,43.5,0.3922,,,,,,,,,,,,,,
5.1,45.6,0.4056,,,,,,,,,,,,,,
4.2,49.4,0.4120,,,,,,,,,,,,,,
4.1,50.1,0.4150,,,,,,,,,,,,,,
4.1,51.5,0.4263,,,,,,,,,,,,,,
3.7,57.5,0.4621,,,,,,,,,,,,,,
2.5,64.8,0.4807,,,,,,,,,,,,,,
1.8,68.9,0.4878,,,,,,,,,,,,,,
2.0,64.9,0.4661,,,,,,,,,,,,,,
2.2,65.3,0.4730,,,,,,,,,,,,,,
3.1,64.0,0.4938,,,,,,,,,,,,,,
3.7,61.7,0.4967,,,,,,,,,,,,,,
4.4,58.8,0.4979,,,,,,,,,,,,,,
5.8,54.1,0.5020,,,,,,,,,,,,,,
7.3,50.8,0.5226,,,,,,,,,,,,,,
9.5,47.2,0.5589,,,,,,,,,,,,,,
11.8,44.4,0.6118,,,,,,,,,,,,,,
12.7,45.5,0.6648,,,,,,,,,,,,,,
13.5,44.8,0.6898,,,,,,,,,,,,,,
12.3,48.9,0.6967,,,,,,,,,,,,,,
10.8,40.3,0.5201,,,,,,,,,,,,,,
9.4,36.7,0.4324,,,,,,,,,,,,,,
8.3,39.5,0.4318,,,,,,,,,,,,,,
7.8,41.3,0.4389,,,,,,,,,,,,,,
7.3,43.8,0.4505,,,,,,,,,,,,,,
6.7,47.6,0.4688,,,,,,,,,,,,,,
6.6,51.2,0.5007,,,,,,,,,,,,,,
6.4,52.6,0.5074,,,,,,,,,,,,,,
5.3,57.8,0.5177,,,,,,,,,,,,,,
3.4,66.7,0.5281,,,,,,,,,,,,,,
3.3,66.8,0.5215,,,,,,,,,,,,,,
3.7,62.9,0.5059,,,,,,,,,,,,,,
2.6,67.5,0.5034,,,,,,,,,,,,,,
3.5,60.9,0.4857,,,,,,,,,,,,,,
2.7,63.4,0.4787,,,,,,,,,,,,,,
2.8,64.2,0.4859,,,,,,,,,,,,,,
5.8,53.1,0.4942,,,,,,,,,,,,,,
9.7,40.1,0.4832,,,,,,,,,,,,,,
12.7,30.0,0.4398,,,,,,,,,,,,,,
13.7,20.7,0.3221,,,,,,,,,,,,,,
13.7,19.9,0.3114,,,,,,,,,,,,,,
14.1,18.1,0.2884,,,,,,,,,,,,,,
14.5,18.0,0.2956,,,,,,,,,,,,,,
13.2,20.4,0.3074,,,,,,,,,,,,,,
10.5,25.1,0.3194,,,,,,,,,,,,,,
8.9,31.4,0.3597,,,,,,,,,,,,,,
8.2,36.2,0.3953,,,,,,,,,,,,,,
6.7,39.6,0.3906,,,,,,,,,,,,,,
5.8,42.0,0.3904,,,,,,,,,,,,,,
4.9,45.9,0.3999,,,,,,,,,,,,,,
4.5,47.9,0.4079,,,,,,,,,,,,,,
3.9,51.6,0.4226,,,,,,,,,,,,,,
3.4,54.7,0.4323,,,,,,,,,,,,,,
3.3,56.1,0.4379,,,,,,,,,,,,,,
2.0,60.8,0.4337,,,,,,,,,,,,,,
1.2,63.7,0.4327,,,,,,,,,,,,,,
2.1,60.3,0.4368,,,,,,,,,,,,,,
1.3,63.1,0.4322,,,,,,,,,,,,,,
1.3,64.8,0.4410,,,,,,,,,,,,,,
2.1,62.2,0.4491,,,,,,,,,,,,,,
5.1,50.8,0.4499,,,,,,,,,,,,,,
8.5,39.7,0.4425,,,,,,,,,,,,,,
11.5,33.0,0.4476,,,,,,,,,,,,,,
12.2,34.3,0.4864,,,,,,,,,,,,,,
13.5,35.0,0.5396,,,,,,,,,,,,,,
14.9,34.9,0.5869,,,,,,,,,,,,,,
15.7,34.5,0.6111,,,,,,,,,,,,,,
14.7,37.2,0.6180,,,,,,,,,,,,,,
12.2,44.8,0.6342,,,,,,,,,,,,,,
10.3,52.4,0.6578,,,,,,,,,,,,,,
9.3,55.5,0.6503,,,,,,,,,,,,,,
8.3,57.6,0.6304,,,,,,,,,,,,,,
6.3,65.1,0.6237,,,,,,,,,,,,,,
6.5,63.1,0.6132,,,,,,,,,,,,,,
6.0,62.7,0.5890,,,,,,,,,,,,,,
5.1,65.4,0.5797,,,,,,,,,,,,,,
4.7,64.6,0.5568,,,,,,,,,,,,,,
2.9,72.2,0.5523,,,,,,,,,,,,,,
5.0,63.5,0.5575,,,,,,,,,,,,,,
3.9,65.5,0.5367,,,,,,,,,,,,,,
1.8,74.5,0.5271,,,,,,,,,,,,,,
1.8,73.7,0.5198,,,,,,,,,,,,,,
2.3,70.9,0.5182,,,,,,,,,,,,,,
4.4,61.1,0.5176,,,,,,,,,,,,,,
7.7,49.8,0.5267,,,,,,,,,,,,,,
12.1,36.9,0.5212,,,,,,,,,,,,,,
15.0,28.5,0.4821,,,,,,,,,,,,,,
14.5,28.3,0.4665,,,,,,,,,,,,,,
12.9,31.8,0.4707,,,,,,,,,,,,,,
12.1,32.3,0.4548,,,,,,,,,,,,,,
11.3,33.5,0.4476,,,,,,,,,,,,,,
11.4,32.6,0.4373,,,,,,,,,,,,,,
9.1,37.8,0.4372,,,,,,,,,,,,,,
8.1,41.0,0.4458,,,,,,,,,,,,,,
7.7,41.9,0.4409,,,,,,,,,,,,,,
7.1,43.9,0.4433,,,,,,,,,,,,,,
6.3,45.8,0.4408,,,,,,,,,,,,,,
6.0,46.1,0.4351,,,,,,,,,,,,,,
5.5,49.0,0.4471,,,,,,,,,,,,,,
4.9,52.0,0.4548,,,,,,,,,,,,,,
4.1,54.7,0.4536,,,,,,,,,,,,,,
2.1,64.2,0.4633,,,,,,,,,,,,,,
1.5,66.2,0.4571,,,,,,,,,,,,,,
1.0,67.7,0.4523,,,,,,,,,,,,,,
0.8,69.9,0.4591,,,,,,,,,,,,,,
1.3,67.2,0.4598,,,,,,,,,,,,,,
2.0,63.6,0.4564,,,,,,,,,,,,,,
4.1,52.7,0.4345,,,,,,,,,,,,,,
7.5,39.2,0.4091,,,,,,,,,,,,,,
9.0,34.5,0.3980,,,,,,,,,,,,,,
9.2,34.5,0.4025,,,,,,,,,,,,,,
9.3,33.8,0.3981,,,,,,,,,,,,,,
9.3,33.1,0.3874,,,,,,,,,,,,,,
9.7,30.8,0.3716,,,,,,,,,,,,,,
9.6,31.1,0.3718,,,,,,,,,,,,,,
8.6,32.8,0.3669,,,,,,,,,,,,,,
7.2,35.0,0.3567,,,,,,,,,,,,,,
6.4,36.8,0.3566,,,,,,,,,,,,,,
6.0,40.2,0.3773,,,,,,,,,,,,,,
5.5,42.6,0.3874,,,,,,,,,,,,,,
4.9,43.7,0.3809,,,,,,,,,,,,,,
4.2,43.2,0.3605,,,,,,,,,,,,,,
4.0,39.2,0.3228,,,,,,,,,,,,,,
3.7,40.1,0.3230,,,,,,,,,,,,,,
3.1,47.1,0.3638,,,,,,,,,,,,,,
2.6,48.8,0.3658,,,,,,,,,,,,,,
0.8,53.8,0.3542,,,,,,,,,,,,,,
1.2,51.9,0.3515,,,,,,,,,,,,,,
1.0,52.2,0.3489,,,,,,,,,,,,,,
0.6,53.3,0.3467,,,,,,,,,,,,,,
0.8,52.8,0.3468,,,,,,,,,,,,,,
0.3,53.7,0.3424,,,,,,,,,,,,,,
4.1,42.9,0.3551,,,,,,,,,,,,,,
8.0,33.3,0.3591,,,,,,,,,,,,,,
10.7,25.2,0.3242,,,,,,,,,,,,,,
11.1,23.5,0.3105,,,,,,,,,,,,,,
10.6,26.0,0.3320,,,,,,,,,,,,,,
10.3,27.7,0.3481,,,,,,,,,,,,,,
10.2,28.3,0.3516,,,,,,,,,,,,,,
9.2,29.9,0.3479,,,,,,,,,,,,,,
6.9,36.4,0.3635,,,,,,,,,,,,,,
6.0,38.0,0.3584,,,,,,,,,,,,,,
5.8,36.4,0.3385,,,,,,,,,,,,,,
5.8,35.4,0.3286,,,,,,,,,,,,,,
5.4,36.6,0.3304,,,,,,,,,,,,,,
5.1,37.9,0.3358,,,,,,,,,,,,,,
4.8,38.0,0.3300,,,,,,,,,,,,,,
4.5,38.1,0.3249,,,,,,,,,,,,,,
4.3,38.1,0.3207,,,,,,,,,,,,,,
3.9,39.9,0.3250,,,,,,,,,,,,,,
3.8,41.0,0.3327,,,,,,,,,,,,,,
3.3,44.6,0.3499,,,,,,,,,,,,,,
3.6,44.5,0.3574,,,,,,,,,,,,,,
3.4,47.0,0.3713,,,,,,,,,,,,,,
2.9,49.5,0.3775,,,,,,,,,,,,,,
5.6,40.5,0.3704,,,,,,,,,,,,,,
7.5,33.8,0.3520,,,,,,,,,,,,,,
10.8,25.2,0.3251,,,,,,,,,,,,,,
12.9,20.6,0.3045,,,,,,,,,,,,,,
12.2,21.4,0.3033,,,,,,,,,,,,,,
12.0,21.9,0.3069,,,,,,,,,,,,,,
12.2,24.0,0.3392,,,,,,,,,,,,,,
12.0,24.3,0.3393,,,,,,,,,,,,,,
10.5,27.8,0.3525,,,,,,,,,,,,,,
8.7,33.9,0.3832,,,,,,,,,,,,,,
7.8,37.6,0.4004,,,,,,,,,,,,,,
7.2,39.4,0.4032,,,,,,,,,,,,,,
7.1,39.6,0.4019,,,,,,,,,,,,,,
7.1,39.6,0.4001,,,,,,,,,,,,,,
7.2,39.3,0.4004,,,,,,,,,,,,,,
6.9,39.6,0.3966,,,,,,,,,,,,,,
7.0,39.8,0.4006,,,,,,,,,,,,,,
7.1,40.5,0.4090,,,,,,,,,,,,,,
6.9,40.9,0.4091,,,,,,,,,,,,,,
6.0,42.9,0.4040,,,,,,,,,,,,,,
6.4,42.7,0.4126,,,,,,,,,,,,,,
6.1,43.6,0.4129,,,,,,,,,,,,,,
5.9,45.1,0.4211,,,,,,,,,,,,,,
6.0,46.4,0.4367,,,,,,,,,,,,,,
6.6,43.7,0.4273,,,,,,,,,,,,,,
8.7,36.3,0.4074,,,,,,,,,,,,,,
10.5,33.4,0.4246,,,,,,,,,,,,,,
11.4,27.8,0.3748,,,,,,,,,,,,,,
12.7,27.4,0.4011,,,,,,,,,,,,,,
13.3,23.3,0.3540,,,,,,,,,,,,,,
13.9,20.7,0.3271,,,,,,,,,,,,,,
13.6,20.0,0.3093,,,,,,,,,,,,,,
-200,-200,-200,,,,,,,,,,,,,,
-200,-200,-200,,,,,,,,,,,,,,
-200,-200,-200,,,,,,,,,,,,,,
-200,-200,-200,,,,,,,,,,,,,,
-200,-200,-200,,,,,,,,,,,,,,
-200,-200,-200,,,,,,,,,,,,,,
-200,-200,-200,,,,,,,,,,,,,,
-200,-200,-200,,,,,,,,,,,,,,
-200,-200,-200,,,,,,,,,,,,,,
-200,-200,-200,,,,,,,,,,,,,,
-200,-200,-200,,,,,,,,,,,,,,
-200,-200,-200,,,,,,,,,,,,,,
-200,-200,-200,,,,,,,,,,,,,,
-200,-200,-200,,,,,,,,,,,,,,
-200,-200,-200,,,,,,,,,,,,,,
-200,-200,-200,,,,,,,,,,,,,,
-200,-200,-200,,,,,,,,,,,,,,
-200,-200,-200,,,,,,,,,,,,,,
-200,-200,-200,,,,,,,,,,,,,,
-200,-200,-200,,,,,,,,,,,,,,
-200,-200,-200,,,,,,,,,,,,,,
-200,-200,-200,,,,,,,,,,,,,,
-200,-200,-200,,,,,,,,,,,,,,
-200,-200,-200,,,,,,,,,,,,,,
-200,-200,-200,,,,,,,,,,,,,,
-200,-200,-200,,,,,,,,,,,,,,
-200,-200,-200,,,,,,,,,,,,,,
-200,-200,-200,,,,,,,,,,,,,,
-200,-200,-200,,,,,,,,,,,,,,
-200,-200,-200,,,,,,,,,,,,,,
-200,-200,-200,,,,,,,,,,,,,,
-200,-200,-200,,,,,,,,,,,,,,
-200,-200,-200,,,,,,,,,,,,,,
-200,-200,-200,,,,,,,,,,,,,,
-200,-200,-200,,,,,,,,,,,,,,
-200,-200,-200,,,,,,,,,,,,,,
-200,-200,-200,,,,,,,,,,,,,,
-200,-200,-200,,,,,,,,,,,,,,
-200,-200,-200,,,,,,,,,,,,,,
-200,-200,-200,,,,,,,,,,,,,,
-200,-200,-200,,,,,,,,,,,,,,
-200,-200,-200,,,,,,,,,,,,,,
-200,-200,-200,,,,,,,,,,,,,,
-200,-200,-200,,,,,,,,,,,,,,
-200,-200,-200,,,,,,,,,,,,,,
-200,-200,-200,,,,,,,,,,,,,,
-200,-200,-200,,,,,,,,,,,,,,
-200,-200,-200,,,,,,,,,,,,,,
-200,-200,-200,,,,,,,,,,,,,,
-200,-200,-200,,,,,,,,,,,,,,
-200,-200,-200,,,,,,,,,,,,,,
-200,-200,-200,,,,,,,,,,,,,,
-200,-200,-200,,,,,,,,,,,,,,
-200,-200,-200,,,,,,,,,,,,,,
-200,-200,-200,,,,,,,,,,,,,,
-200,-200,-200,,,,,,,,,,,,,,
-200,-200,-200,,,,,,,,,,,,,,
-200,-200,-200,,,,,,,,,,,,,,
-200,-200,-200,,,,,,,,,,,,,,
-200,-200,-200,,,,,,,,,,,,,,
-200,-200,-200,,,,,,,,,,,,,,
-200,-200,-200,,,,,,,,,,,,,,
-200,-200,-200,,,,,,,,,,,,,,
-200,-200,-200,,,,,,,,,,,,,,
-200,-200,-200,,,,,,,,,,,,,,
-200,-200,-200,,,,,,,,,,,,,,
-200,-200,-200,,,,,,,,,,,,,,
-200,-200,-200,,,,,,,,,,,,,,
-200,-200,-200,,,,,,,,,,,,,,
-200,-200,-200,,,,,,,,,,,,,,
-200,-200,-200,,,,,,,,,,,,,,
-200,-200,-200,,,,,,,,,,,,,,
-200,-200,-200,,,,,,,,,,,,,,
-200,-200,-200,,,,,,,,,,,,,,
-200,-200,-200,,,,,,,,,,,,,,
-200,-200,-200,,,,,,,,,,,,,,
8.5,50.9,0.5664,,,,,,,,,,,,,,
8.3,53.3,0.5843,,,,,,,,,,,,,,
7.1,58.1,0.5885,,,,,,,,,,,,,,
5.8,64.3,0.5964,,,,,,,,,,,,,,
5.3,66.8,0.5979,,,,,,,,,,,,,,
5.0,66.6,0.5871,,,,,,,,,,,,,,
5.0,66.3,0.5811,,,,,,,,,,,,,,
5.1,65.9,0.5827,,,,,,,,,,,,,,
4.1,69.0,0.5735,,,,,,,,,,,,,,
4.6,67.6,0.5778,,,,,,,,,,,,,,
5.2,65.5,0.5836,,,,,,,,,,,,,,
6.0,62.8,0.5929,,,,,,,,,,,,,,
7.1,59.3,0.6005,,,,,,,,,,,,,,
7.8,58.0,0.6136,,,,,,,,,,,,,,
9.0,54.7,0.6271,,,,,,,,,,,,,,
10.0,53.1,0.6495,,,,,,,,,,,,,,
10.8,52.0,0.6738,,,,,,,,,,,,,,
11.0,51.4,0.6746,,,,,,,,,,,,,,
11.0,51.4,0.6725,,,,,,,,,,,,,,
10.9,52.0,0.6796,,,,,,,,,,,,,,
11.1,52.0,0.6869,,,,,,,,,,,,,,
11.0,53.6,0.7033,,,,,,,,,,,,,,
11.0,55.1,0.7221,,,,,,,,,,,,,,
11.4,55.4,0.7471,,,,,,,,,,,,,,
11.1,56.9,0.7506,,,,,,,,,,,,,,
10.2,60.0,0.7461,,,,,,,,,,,,,,
10.1,59.9,0.7379,,,,,,,,,,,,,,
9.9,63.2,0.7706,,,,,,,,,,,,,,
9.4,73.4,0.8662,,,,,,,,,,,,,,
9.4,77.7,0.9203,,,,,,,,,,,,,,
9.6,78.7,0.9429,,,,,,,,,,,,,,
8.9,81.3,0.9277,,,,,,,,,,,,,,
8.5,82.9,0.9243,,,,,,,,,,,,,,
8.3,84.0,0.9234,,,,,,,,,,,,,,
8.1,85.0,0.9221,,,,,,,,,,,,,,
8.7,83.7,0.9423,,,,,,,,,,,,,,
9.5,82.4,0.9760,,,,,,,,,,,,,,
11.0,78.2,1.0220,,,,,,,,,,,,,,
14.1,67.9,1.0859,,,,,,,,,,,,,,
16.3,56.6,1.0422,,,,,,,,,,,,,,
18.7,48.0,1.0259,,,,,,,,,,,,,,
19.5,39.3,0.8820,,,,,,,,,,,,,,
19.9,34.1,0.7820,,,,,,,,,,,,,,
19.4,32.4,0.7239,,,,,,,,,,,,,,
17.1,35.8,0.6944,,,,,,,,,,,,,,
15.5,40.7,0.7103,,,,,,,,,,,,,,
14.8,42.8,0.7182,,,,,,,,,,,,,,
13.9,43.8,0.6937,,,,,,,,,,,,,,
13.7,42.9,0.6687,,,,,,,,,,,,,,
12.5,47.8,0.6877,,,,,,,,,,,,,,
11.8,53.4,0.7366,,,,,,,,,,,,,,
10.9,55.9,0.7312,,,,,,,,,,,,,,
10.1,58.9,0.7301,,,,,,,,,,,,,,
9.8,61.2,0.7413,,,,,,,,,,,,,,
8.4,67.1,0.7411,,,,,,,,,,,,,,
8.3,67.2,0.7382,,,,,,,,,,,,,,
7.7,68.9,0.7280,,,,,,,,,,,,,,
6.9,70.0,0.6997,,,,,,,,,,,,,,
9.0,37.3,0.4297,,,,,,,,,,,,,,
9.4,44.9,0.5296,,,,,,,,,,,,,,
10.3,45.4,0.5666,,,,,,,,,,,,,,
11.5,39.6,0.5372,,,,,,,,,,,,,,
11.7,36.9,0.5060,,,,,,,,,,,,,,
11.8,36.2,0.4999,,,,,,,,,,,,,,
12.0,38.7,0.5402,,,,,,,,,,,,,,
13.7,30.3,0.4724,,,,,,,,,,,,,,
12.6,30.6,0.4443,,,,,,,,,,,,,,
13.0,27.4,0.4085,,,,,,,,,,,,,,
13.6,22.7,0.3529,,,,,,,,,,,,,,
11.8,23.0,0.3171,,,,,,,,,,,,,,
10.7,19.9,0.2547,,,,,,,,,,,,,,
10.4,18.0,0.2269,,,,,,,,,,,,,,
9.7,20.6,0.2488,,,,,,,,,,,,,,
9.4,24.8,0.2923,,,,,,,,,,,,,,
8.8,31.2,0.3533,,,,,,,,,,,,,,
8.7,31.2,0.3521,,,,,,,,,,,,,,
8.5,30.4,0.3391,,,,,,,,,,,,,,
8.0,32.9,0.3530,,,,,,,,,,,,,,
7.1,37.4,0.3799,,,,,,,,,,,,,,
6.9,39.1,0.3901,,,,,,,,,,,,,,
6.9,39.8,0.3966,,,,,,,,,,,,,,
6.1,40.8,0.3868,,,,,,,,,,,,,,
6.0,41.5,0.3896,,,,,,,,,,,,,,
6.1,39.9,0.3781,,,,,,,,,,,,,,
6.5,39.5,0.3865,,,,,,,,,,,,,,
9.4,32.7,0.3855,,,,,,,,,,,,,,
11.3,24.9,0.3318,,,,,,,,,,,,,,
12.8,19.8,0.2933,,,,,,,,,,,,,,
12.3,19.3,0.2740,,,,,,,,,,,,,,
12.0,19.3,0.2716,,,,,,,,,,,,,,
11.9,19.2,0.2677,,,,,,,,,,,,,,
12.1,20.7,0.2906,,,,,,,,,,,,,,
11.5,22.1,0.2987,,,,,,,,,,,,,,
10.4,23.1,0.2905,,,,,,,,,,,,,,
9.5,25.2,0.2996,,,,,,,,,,,,,,
8.9,26.9,0.3069,,,,,,,,,,,,,,
8.2,30.1,0.3270,,,,,,,,,,,,,,
7.4,31.8,0.3287,,,,,,,,,,,,,,
6.6,37.5,0.3664,,,,,,,,,,,,,,
6.3,40.1,0.3842,,,,,,,,,,,,,,
5.2,44.2,0.3943,,,,,,,,,,,,,,
4.4,47.5,0.4017,,,,,,,,,,,,,,
4.0,49.1,0.4019,,,,,,,,,,,,,,
3.3,52.2,0.4074,,,,,,,,,,,,,,
3.2,52.4,0.4071,,,,,,,,,,,,,,
3.6,51.7,0.4123,,,,,,,,,,,,,,
3.5,54.2,0.4297,,,,,,,,,,,,,,
5.2,48.3,0.4304,,,,,,,,,,,,,,
7.8,37.6,0.3994,,,,,,,,,,,,,,
8.9,33.8,0.3850,,,,,,,,,,,,,,
9.1,33.0,0.3827,,,,,,,,,,,,,,
9.1,34.5,0.3994,,,,,,,,,,,,,,
9.6,31.3,0.3763,,,,,,,,,,,,,,
8.5,36.3,0.4026,,,,,,,,,,,,,,
9.3,34.6,0.4050,,,,,,,,,,,,,,
8.9,37.9,0.4318,,,,,,,,,,,,,,
8.2,41.8,0.4563,,,,,,,,,,,,,,
7.4,44.5,0.4582,,,,,,,,,,,,,,
7.0,43.4,0.4366,,,,,,,,,,,,,,
6.6,43.4,0.4241,,,,,,,,,,,,,,
5.9,44.3,0.4137,,,,,,,,,,,,,,
5.0,46.6,0.4099,,,,,,,,,,,,,,
5.8,40.3,0.3740,,,,,,,,,,,,,,
5.4,43.8,0.3945,,,,,,,,,,,,,,
5.7,42.1,0.3883,,,,,,,,,,,,,,
5.7,42.1,0.3885,,,,,,,,,,,,,,
5.8,42.9,0.3990,,,,,,,,,,,,,,
5.7,46.6,0.4298,,,,,,,,,,,,,,
6.9,45.0,0.4499,,,,,,,,,,,,,,
6.9,42.2,0.4224,,,,,,,,,,,,,,
6.4,43.8,0.4230,,,,,,,,,,,,,,
6.6,44.6,0.4383,,,,,,,,,,,,,,
7.7,42.1,0.4440,,,,,,,,,,,,,,
10.1,36.7,0.4536,,,,,,,,,,,,,,
9.0,41.4,0.4775,,,,,,,,,,,,,,
8.7,42.5,0.4787,,,,,,,,,,,,,,
8.3,47.8,0.5238,,,,,,,,,,,,,,
8.9,45.5,0.5208,,,,,,,,,,,,,,
8.9,46.1,0.5256,,,,,,,,,,,,,,
9.0,44.9,0.5173,,,,,,,,,,,,,,
9.3,42.3,0.4974,,,,,,,,,,,,,,
8.4,45.2,0.4977,,,,,,,,,,,,,,
7.6,47.8,0.5013,,,,,,,,,,,,,,
7.4,47.2,0.4871,,,,,,,,,,,,,,
7.4,46.9,0.4854,,,,,,,,,,,,,,
6.9,48.2,0.4832,,,,,,,,,,,,,,
7.1,47.9,0.4867,,,,,,,,,,,,,,
6.9,48.7,0.4874,,,,,,,,,,,,,,
6.8,48.2,0.4792,,,,,,,,,,,,,,
6.3,49.6,0.4787,,,,,,,,,,,,,,
5.6,52.9,0.4855,,,,,,,,,,,,,,
6.4,49.8,0.4814,,,,,,,,,,,,,,
6.9,48.1,0.4796,,,,,,,,,,,,,,
6.4,50.2,0.4850,,,,,,,,,,,,,,
6.4,50.7,0.4886,,,,,,,,,,,,,,
6.9,48.8,0.4903,,,,,,,,,,,,,,
8.4,44.6,0.4922,,,,,,,,,,,,,,
10.8,37.1,0.4794,,,,,,,,,,,,,,
11.2,36.2,0.4818,,,,,,,,,,,,,,
11.8,34.4,0.4758,,,,,,,,,,,,,,
11.5,33.1,0.4479,,,,,,,,,,,,,,
10.9,32.6,0.4260,,,,,,,,,,,,,,
11.3,31.7,0.4249,,,,,,,,,,,,,,
11.6,30.9,0.4223,,,,,,,,,,,,,,
11.1,32.2,0.4243,,,,,,,,,,,,,,
9.7,36.0,0.4333,,,,,,,,,,,,,,
8.5,39.0,0.4336,,,,,,,,,,,,,,
8.3,40.3,0.4411,,,,,,,,,,,,,,
8.0,41.3,0.4448,,,,,,,,,,,,,,
7.0,44.2,0.4446,,,,,,,,,,,,,,
5.4,51.8,0.4698,,,,,,,,,,,,,,
4.1,55.0,0.4558,,,,,,,,,,,,,,
3.1,57.8,0.4462,,,,,,,,,,,,,,
3.1,56.7,0.4388,,,,,,,,,,,,,,
2.2,59.6,0.4333,,,,,,,,,,,,,,
2.3,58.9,0.4317,,,,,,,,,,,,,,
1.9,60.0,0.4276,,,,,,,,,,,,,,
1.9,60.3,0.4293,,,,,,,,,,,,,,
0.9,64.6,0.4294,,,,,,,,,,,,,,
0.6,65.0,0.4231,,,,,,,,,,,,,,
2.1,59.9,0.4338,,,,,,,,,,,,,,
3.1,57.2,0.4402,,,,,,,,,,,,,,
4.2,54.0,0.4483,,,,,,,,,,,,,,
7.4,43.8,0.4538,,,,,,,,,,,,,,
11.2,34.5,0.4586,,,,,,,,,,,,,,
13.8,32.4,0.5084,,,,,,,,,,,,,,
12.4,34.9,0.5002,,,,,,,,,,,,,,
12.8,31.9,0.4684,,,,,,,,,,,,,,
13.5,29.1,0.4486,,,,,,,,,,,,,,
11.6,33.3,0.4540,,,,,,,,,,,,,,
10.9,34.9,0.4568,,,,,,,,,,,,,,
10.4,37.3,0.4708,,,,,,,,,,,,,,
9.7,39.7,0.4792,,,,,,,,,,,,,,
9.1,41.9,0.4857,,,,,,,,,,,,,,
9.3,41.9,0.4927,,,,,,,,,,,,,,
9.4,44.7,0.5279,,,,,,,,,,,,,,
8.5,45.8,0.5108,,,,,,,,,,,,,,
7.8,50.0,0.5300,,,,,,,,,,,,,,
7.7,49.7,0.5242,,,,,,,,,,,,,,
8.2,46.9,0.5099,,,,,,,,,,,,,,
8.4,48.6,0.5375,,,,,,,,,,,,,,
8.0,54.7,0.5883,,,,,,,,,,,,,,
7.8,55.7,0.5914,,,,,,,,,,,,,,
8.0,53.8,0.5796,,,,,,,,,,,,,,
8.8,50.7,0.5752,,,,,,,,,,,,,,
10.1,47.6,0.5870,,,,,,,,,,,,,,
10.6,45.8,0.5838,,,,,,,,,,,,,,
9.1,56.2,0.6515,,,,,,,,,,,,,,
7.9,66.5,0.7124,,,,,,,,,,,,,,
8.0,65.0,0.6991,,,,,,,,,,,,,,
8.4,61.0,0.6721,,,,,,,,,,,,,,
8.6,57.3,0.6429,,,,,,,,,,,,,,
8.4,56.3,0.6227,,,,,,,,,,,,,,
8.0,57.7,0.6222,,,,,,,,,,,,,,
7.1,62.6,0.6341,,,,,,,,,,,,,,
7.4,59.3,0.6123,,,,,,,,,,,,,,
7.7,56.9,0.5994,,,,,,,,,,,,,,
7.7,54.4,0.5753,,,,,,,,,,,,,,
7.7,53.0,0.5572,,,,,,,,,,,,,,
6.7,62.8,0.6188,,,,,,,,,,,,,,
6.6,61.9,0.6056,,,,,,,,,,,,,,
5.7,70.3,0.6498,,,,,,,,,,,,,,
4.5,79.2,0.6751,,,,,,,,,,,,,,
4.0,81.5,0.6712,,,,,,,,,,,,,,
3.9,81.5,0.6653,,,,,,,,,,,,,,
3.3,84.3,0.6617,,,,,,,,,,,,,,
4.2,80.9,0.6742,,,,,,,,,,,,,,
5.1,75.0,0.6646,,,,,,,,,,,,,,
4.6,77.6,0.6651,,,,,,,,,,,,,,
3.8,84.3,0.6811,,,,,,,,,,,,,,
6.2,77.4,0.7383,,,,,,,,,,,,,,
7.7,67.6,0.7133,,,,,,,,,,,,,,
8.1,64.8,0.7039,,,,,,,,,,,,,,
8.1,64.0,0.6942,,,,,,,,,,,,,,
6.9,71.3,0.7118,,,,,,,,,,,,,,
7.0,73.7,0.7425,,,,,,,,,,,,,,
7.3,70.0,0.7195,,,,,,,,,,,,,,
5.8,77.8,0.7223,,,,,,,,,,,,,,
5.4,80.9,0.7293,,,,,,,,,,,,,,
5.5,79.8,0.7261,,,,,,,,,,,,,,
5.6,74.0,0.6808,,,,,,,,,,,,,,
5.6,71.9,0.6604,,,,,,,,,,,,,,
6.4,70.7,0.6848,,,,,,,,,,,,,,
6.3,70.1,0.6733,,,,,,,,,,,,,,
4.4,80.5,0.6825,,,,,,,,,,,,,,
3.9,83.1,0.6787,,,,,,,,,,,,,,
2.5,86.6,0.6407,,,,,,,,,,,,,,
3.4,85.4,0.6736,,,,,,,,,,,,,,
3.3,84.5,0.6608,,,,,,,,,,,,,,
3.4,84.5,0.6640,,,,,,,,,,,,,,
3.4,84.5,0.6677,,,,,,,,,,,,,,
4.1,82.7,0.6820,,,,,,,,,,,,,,
4.6,80.3,0.6889,,,,,,,,,,,,,,
6.1,74.0,0.7025,,,,,,,,,,,,,,
9.1,58.4,0.6787,,,,,,,,,,,,,,
11.4,48.9,0.6580,,,,,,,,,,,,,,
8.3,64.4,0.7072,,,,,,,,,,,,,,
6.5,71.0,0.6903,,,,,,,,,,,,,,
6.6,71.1,0.6973,,,,,,,,,,,,,,
7.4,69.3,0.7165,,,,,,,,,,,,,,
6.4,70.6,0.6834,,,,,,,,,,,,,,
5.8,72.5,0.6718,,,,,,,,,,,,,,
5.6,71.6,0.6556,,,,,,,,,,,,,,
4.2,77.8,0.6491,,,,,,,,,,,,,,
4.3,79.5,0.6648,,,,,,,,,,,,,,
4.5,75.5,0.6429,,,,,,,,,,,,,,
4.4,77.1,0.6523,,,,,,,,,,,,,,
4.2,78.2,0.6506,,,,,,,,,,,,,,
4.0,79.3,0.6517,,,,,,,,,,,,,,
3.9,78.7,0.6430,,,,,,,,,,,,,,
3.5,80.6,0.6403,,,,,,,,,,,,,,
3.2,82.8,0.6426,,,,,,,,,,,,,,
4.1,76.0,0.6304,,,,,,,,,,,,,,
4.2,75.9,0.6311,,,,,,,,,,,,,,
4.5,76.3,0.6480,,,,,,,,,,,,,,
4.4,79.1,0.6687,,,,,,,,,,,,,,
4.3,79.8,0.6706,,,,,,,,,,,,,,
3.1,83.0,0.6419,,,,,,,,,,,,,,
2.8,83.9,0.6326,,,,,,,,,,,,,,
3.9,79.5,0.6482,,,,,,,,,,,,,,
5.1,74.5,0.6621,,,,,,,,,,,,,,
5.7,72.5,0.6686,,,,,,,,,,,,,,
5.6,74.6,0.6826,,,,,,,,,,,,,,
5.4,75.9,0.6875,,,,,,,,,,,,,,
4.9,78.2,0.6826,,,,,,,,,,,,,,
4.8,79.0,0.6845,,,,,,,,,,,,,,
4.8,78.6,0.6826,,,,,,,,,,,,,,
4.6,78.2,0.6686,,,,,,,,,,,,,,
4.2,79.7,0.6647,,,,,,,,,,,,,,
4.3,78.9,0.6621,,,,,,,,,,,,,,
4.2,77.9,0.6479,,,,,,,,,,,,,,
3.2,83.0,0.6450,,,,,,,,,,,,,,
5.1,74.5,0.6626,,,,,,,,,,,,,,
4.0,80.8,0.6666,,,,,,,,,,,,,,
4.3,81.0,0.6770,,,,,,,,,,,,,,
2.9,85.3,0.6503,,,,,,,,,,,,,,
3.3,84.5,0.6612,,,,,,,,,,,,,,
3.6,84.4,0.6724,,,,,,,,,,,,,,
3.8,83.8,0.6771,,,,,,,,,,,,,,
4.1,82.5,0.6819,,,,,,,,,,,,,,
3.9,83.9,0.6847,,,,,,,,,,,,,,
4.1,83.9,0.6967,,,,,,,,,,,,,,
4.6,82.0,0.6997,,,,,,,,,,,,,,
5.5,79.5,0.7238,,,,,,,,,,,,,,
6.7,76.2,0.7519,,,,,,,,,,,,,,
7.9,69.0,0.7394,,,,,,,,,,,,,,
8.5,66.3,0.7387,,,,,,,,,,,,,,
7.6,70.8,0.7399,,,,,,,,,,,,,,
7.2,72.4,0.7372,,,,,,,,,,,,,,
6.7,74.2,0.7326,,,,,,,,,,,,,,
6.1,75.8,0.7184,,,,,,,,,,,,,,
6.3,74.9,0.7187,,,,,,,,,,,,,,
6.0,78.0,0.7345,,,,,,,,,,,,,,
5.6,81.2,0.7443,,,,,,,,,,,,,,
5.5,81.5,0.7393,,,,,,,,,,,,,,
5.3,84.1,0.7530,,,,,,,,,,,,,,
5.2,83.9,0.7487,,,,,,,,,,,,,,
5.1,83.5,0.7416,,,,,,,,,,,,,,
5.0,82.9,0.7300,,,,,,,,,,,,,,
5.0,82.5,0.7265,,,,,,,,,,,,,,
5.0,82.8,0.7273,,,,,,,,,,,,,,
5.2,80.7,0.7219,,,,,,,,,,,,,,
5.3,80.2,0.7179,,,,,,,,,,,,,,
5.7,79.7,0.7340,,,,,,,,,,,,,,
6.2,76.8,0.7355,,,,,,,,,,,,,,
8.3,67.4,0.7384,,,,,,,,,,,,,,
10.8,52.1,0.6746,,,,,,,,,,,,,,
13.0,40.3,0.6028,,,,,,,,,,,,,,
10.9,44.8,0.5849,,,,,,,,,,,,,,
11.5,42.1,0.5706,,,,,,,,,,,,,,
12.5,38.5,0.5568,,,,,,,,,,,,,,
12.6,38.5,0.5586,,,,,,,,,,,,,,
12.3,38.4,0.5488,,,,,,,,,,,,,,
10.2,43.1,0.5366,,,,,,,,,,,,,,
8.6,48.2,0.5385,,,,,,,,,,,,,,
7.8,50.8,0.5384,,,,,,,,,,,,,,
7.3,52.8,0.5404,,,,,,,,,,,,,,
6.2,62.4,0.5958,,,,,,,,,,,,,,
5.1,68.2,0.6033,,,,,,,,,,,,,,
4.7,69.0,0.5936,,,,,,,,,,,,,,
4.0,69.8,0.5756,,,,,,,,,,,,,,
3.4,71.3,0.5626,,,,,,,,,,,,,,
2.8,74.0,0.5591,,,,,,,,,,,,,,
2.3,75.1,0.5514,,,,,,,,,,,,,,
3.8,66.2,0.5359,,,,,,,,,,,,,,
4.6,60.5,0.5173,,,,,,,,,,,,,,
5.7,54.3,0.5022,,,,,,,,,,,,,,
6.2,51.3,0.4880,,,,,,,,,,,,,,
6.7,49.5,0.4892,,,,,,,,,,,,,,
8.8,45.0,0.5114,,,,,,,,,,,,,,
9.6,43.5,0.5202,,,,,,,,,,,,,,
9.8,43.3,0.5238,,,,,,,,,,,,,,
9.9,43.5,0.5300,,,,,,,,,,,,,,
9.8,44.1,0.5332,,,,,,,,,,,,,,
9.7,45.1,0.5417,,,,,,,,,,,,,,
9.0,47.3,0.5420,,,,,,,,,,,,,,
7.4,56.0,0.5797,,,,,,,,,,,,,,
6.4,61.7,0.5956,,,,,,,,,,,,,,
6.8,58.0,0.5758,,,,,,,,,,,,,,
7.3,56.7,0.5806,,,,,,,,,,,,,,
7.2,56.7,0.5790,,,,,,,,,,,,,,
6.7,59.1,0.5848,,,,,,,,,,,,,,
5.9,62.1,0.5808,,,,,,,,,,,,,,
6.3,60.4,0.5811,,,,,,,,,,,,,,
5.5,60.2,0.5458,,,,,,,,,,,,,,
4.6,64.4,0.5525,,,,,,,,,,,,,,
3.5,68.8,0.5458,,,,,,,,,,,,,,
2.8,70.9,0.5383,,,,,,,,,,,,,,
3.7,65.9,0.5295,,,,,,,,,,,,,,
1.6,74.3,0.5168,,,,,,,,,,,,,,
1.4,76.3,0.5261,,,,,,,,,,,,,,
2.5,69.5,0.5172,,,,,,,,,,,,,,
3.7,64.8,0.5208,,,,,,,,,,,,,,
7.8,49.9,0.5307,,,,,,,,,,,,,,
11.2,37.1,0.4936,,,,,,,,,,,,,,
12.6,30.6,0.4460,,,,,,,,,,,,,,
10.3,32.9,0.4131,,,,,,,,,,,,,,
10.0,35.5,0.4346,,,,,,,,,,,,,,
8.8,40.0,0.4538,,,,,,,,,,,,,,
8.3,40.3,0.4431,,,,,,,,,,,,,,
7.9,38.9,0.4141,,,,,,,,,,,,,,
6.8,41.0,0.4072,,,,,,,,,,,,,,
6.0,42.0,0.3962,,,,,,,,,,,,,,
5.5,43.5,0.3963,,,,,,,,,,,,,,
4.6,46.8,0.4001,,,,,,,,,,,,,,
4.5,48.0,0.4085,,,,,,,,,,,,,,
4.3,48.6,0.4069,,,,,,,,,,,,,,
4.0,50.0,0.4115,,,,,,,,,,,,,,
4.0,52.9,0.4338,,,,,,,,,,,,,,
4.0,51.0,0.4200,,,,,,,,,,,,,,
3.9,48.1,0.3930,,,,,,,,,,,,,,
3.8,48.0,0.3879,,,,,,,,,,,,,,
3.6,50.3,0.4022,,,,,,,,,,,,,,
2.8,52.6,0.3972,,,,,,,,,,,,,,
2.5,52.7,0.3908,,,,,,,,,,,,,,
2.7,50.5,0.3804,,,,,,,,,,,,,,
2.7,49.4,0.3714,,,,,,,,,,,,,,
3.3,45.2,0.3540,,,,,,,,,,,,,,
3.1,43.3,0.3354,,,,,,,,,,,,,,
3.7,38.8,0.3123,,,,,,,,,,,,,,
4.0,36.8,0.3016,,,,,,,,,,,,,,
3.7,35.0,0.2823,,,,,,,,,,,,,,
3.4,32.4,0.2563,,,,,,,,,,,,,,
3.3,33.1,0.2592,,,,,,,,,,,,,,
2.6,35.1,0.2618,,,,,,,,,,,,,,
2.1,36.6,0.2634,,,,,,,,,,,,,,
1.6,37.9,0.2645,,,,,,,,,,,,,,
1.4,38.0,0.2615,,,,,,,,,,,,,,
1.0,36.6,0.2456,,,,,,,,,,,,,,
1.1,35.4,0.2382,,,,,,,,,,,,,,
1.0,34.3,0.2292,,,,,,,,,,,,,,
1.0,37.4,0.2487,,,,,,,,,,,,,,
0.7,41.2,0.2693,,,,,,,,,,,,,,
0.2,40.6,0.2566,,,,,,,,,,,,,,
0.1,40.0,0.2499,,,,,,,,,,,,,,
-0.1,37.5,0.2326,,,,,,,,,,,,,,
-0.3,38.4,0.2347,,,,,,,,,,,,,,
-0.6,40.1,0.2404,,,,,,,,,,,,,,
-0.6,41.4,0.2478,,,,,,,,,,,,,,
-0.2,40.2,0.2478,,,,,,,,,,,,,,
0.6,36.8,0.2388,,,,,,,,,,,,,,
2.8,30.3,0.2294,,,,,,,,,,,,,,
3.1,29.1,0.2240,,,,,,,,,,,,,,
3.3,29.2,0.2288,,,,,,,,,,,,,,
3.1,31.0,0.2386,,,,,,,,,,,,,,
3.2,30.8,0.2399,,,,,,,,,,,,,,
3.3,31.5,0.2464,,,,,,,,,,,,,,
4.1,28.6,0.2363,,,,,,,,,,,,,,
3.9,29.2,0.2378,,,,,,,,,,,,,,
1.9,35.0,0.2494,,,,,,,,,,,,,,
1.8,35.4,0.2497,,,,,,,,,,,,,,
1.4,36.5,0.2503,,,,,,,,,,,,,,
0.8,36.3,0.2388,,,,,,,,,,,,,,
0.6,34.1,0.2210,,,,,,,,,,,,,,
0.3,31.9,0.2031,,,,,,,,,,,,,,
0.2,30.2,0.1910,,,,,,,,,,,,,,
0.0,29.7,0.1847,,,,,,,,,,,,,,
-0.1,31.9,0.1975,,,,,,,,,,,,,,
-1.1,41.4,0.2379,,,,,,,,,,,,,,
-1.4,44.9,0.2536,,,,,,,,,,,,,,
-1.3,46.3,0.2635,,,,,,,,,,,,,,
-1.2,47.2,0.2700,,,,,,,,,,,,,,
-1.3,47.5,0.2702,,,,,,,,,,,,,,
-1.9,51.4,0.2801,,,,,,,,,,,,,,
-0.5,45.9,0.2763,,,,,,,,,,,,,,
4.6,32.5,0.2783,,,,,,,,,,,,,,
7.5,24.3,0.2528,,,,,,,,,,,,,,
9.6,18.8,0.2246,,,,,,,,,,,,,,
9.3,18.4,0.2157,,,,,,,,,,,,,,
9.7,18.6,0.2244,,,,,,,,,,,,,,
10.1,16.7,0.2062,,,,,,,,,,,,,,
11.8,13.5,0.1862,,,,,,,,,,,,,,
11.6,15.3,0.2086,,,,,,,,,,,,,,
9.1,19.2,0.2225,,,,,,,,,,,,,,
7.2,25.6,0.2611,,,,,,,,,,,,,,
6.1,34.0,0.3237,,,,,,,,,,,,,,
5.1,36.4,0.3230,,,,,,,,,,,,,,
4.8,39.6,0.3440,,,,,,,,,,,,,,
5.0,39.6,0.3479,,,,,,,,,,,,,,
4.1,41.7,0.3456,,,,,,,,,,,,,,
4.4,43.3,0.3656,,,,,,,,,,,,,,
3.8,45.9,0.3728,,,,,,,,,,,,,,
3.6,49.7,0.3960,,,,,,,,,,,,,,
3.4,56.3,0.4455,,,,,,,,,,,,,,
2.9,67.9,0.5183,,,,,,,,,,,,,,
2.8,74.1,0.5618,,,,,,,,,,,,,,
2.9,75.6,0.5742,,,,,,,,,,,,,,
3.8,72.4,0.5867,,,,,,,,,,,,,,
5.9,50.2,0.4706,,,,,,,,,,,,,,
7.3,39.4,0.4035,,,,,,,,,,,,,,
3.6,75.9,0.6055,,,,,,,,,,,,,,
3.6,78.6,0.6283,,,,,,,,,,,,,,
5.3,69.2,0.6213,,,,,,,,,,,,,,
6.1,66.0,0.6255,,,,,,,,,,,,,,
6.0,70.1,0.6577,,,,,,,,,,,,,,
6.3,72.1,0.6907,,,,,,,,,,,,,,
6.3,75.7,0.7252,,,,,,,,,,,,,,
5.6,80.4,0.7382,,,,,,,,,,,,,,
4.9,82.4,0.7201,,,,,,,,,,,,,,
4.3,84.0,0.7051,,,,,,,,,,,,,,
4.3,83.6,0.7025,,,,,,,,,,,,,,
4.6,82.5,0.7066,,,,,,,,,,,,,,
4.4,82.0,0.6938,,,,,,,,,,,,,,
4.3,80.9,0.6791,,,,,,,,,,,,,,
4.1,81.2,0.6721,,,,,,,,,,,,,,
3.9,80.9,0.6613,,,,,,,,,,,,,,
4.5,70.6,0.6004,,,,,,,,,,,,,,
4.5,65.1,0.5547,,,,,,,,,,,,,,
4.0,75.2,0.6161,,,,,,,,,,,,,,
3.7,76.4,0.6164,,,,,,,,,,,,,,
3.1,77.3,0.5985,,,,,,,,,,,,,,
3.7,74.4,0.5992,,,,,,,,,,,,,,
5.0,69.4,0.6118,,,,,,,,,,,,,,
6.5,60.9,0.5919,,,,,,,,,,,,,,
7.6,59.8,0.6245,,,,,,,,,,,,,,
8.6,57.6,0.6471,,,,,,,,,,,,,,
10.9,52.4,0.6826,,,,,,,,,,,,,,
12.3,48.3,0.6871,,,,,,,,,,,,,,
12.5,43.4,0.6298,,,,,,,,,,,,,,
11.9,42.3,0.5902,,,,,,,,,,,,,,
12.3,41.2,0.5867,,,,,,,,,,,,,,
10.8,48.1,0.6235,,,,,,,,,,,,,,
8.9,52.5,0.5996,,,,,,,,,,,,,,
8.4,54.7,0.6057,,,,,,,,,,,,,,
7.5,58.7,0.6112,,,,,,,,,,,,,,
6.9,60.0,0.5977,,,,,,,,,,,,,,
6.6,61.3,0.5995,,,,,,,,,,,,,,
6.3,59.8,0.5761,,,,,,,,,,,,,,
5.4,65.8,0.5935,,,,,,,,,,,,,,
5.8,59.6,0.5523,,,,,,,,,,,,,,
4.9,62.6,0.5477,,,,,,,,,,,,,,
4.4,63.9,0.5385,,,,,,,,,,,,,,
4.2,62.5,0.5191,,,,,,,,,,,,,,
3.1,68.6,0.5302,,,,,,,,,,,,,,
4.6,54.6,0.4682,,,,,,,,,,,,,,
5.0,54.5,0.4788,,,,,,,,,,,,,,
7.0,48.1,0.4847,,,,,,,,,,,,,,
10.0,37.7,0.4643,,,,,,,,,,,,,,
13.0,30.3,0.4520,,,,,,,,,,,,,,
14.0,28.1,0.4476,,,,,,,,,,,,,,
13.3,28.9,0.4399,,,,,,,,,,,,,,
13.4,29.0,0.4436,,,,,,,,,,,,,,
13.5,28.3,0.4374,,,,,,,,,,,,,,
13.0,29.7,0.4420,,,,,,,,,,,,,,
11.6,38.7,0.5271,,,,,,,,,,,,,,
8.6,56.3,0.6312,,,,,,,,,,,,,,
8.5,57.9,0.6435,,,,,,,,,,,,,,
7.8,63.4,0.6735,,,,,,,,,,,,,,
7.2,69.5,0.7084,,,,,,,,,,,,,,
6.5,74.7,0.7248,,,,,,,,,,,,,,
6.5,73.9,0.7224,,,,,,,,,,,,,,
6.8,72.1,0.7143,,,,,,,,,,,,,,
7.0,60.0,0.6055,,,,,,,,,,,,,,
7.2,47.8,0.4870,,,,,,,,,,,,,,
7.2,47.3,0.4830,,,,,,,,,,,,,,
6.8,52.9,0.5245,,,,,,,,,,,,,,
5.8,65.0,0.6029,,,,,,,,,,,,,,
5.8,59.4,0.5502,,,,,,,,,,,,,,
5.5,58.3,0.5290,,,,,,,,,,,,,,
5.9,54.8,0.5119,,,,,,,,,,,,,,
7.3,48.7,0.5007,,,,,,,,,,,,,,
9.4,39.9,0.4707,,,,,,,,,,,,,,
11.2,33.8,0.4490,,,,,,,,,,,,,,
12.3,29.9,0.4255,,,,,,,,,,,,,,
14.8,23.7,0.3945,,,,,,,,,,,,,,
13.1,26.6,0.3990,,,,,,,,,,,,,,
13.3,25.7,0.3914,,,,,,,,,,,,,,
12.0,27.7,0.3885,,,,,,,,,,,,,,
11.5,30.1,0.4067,,,,,,,,,,,,,,
10.1,33.2,0.4115,,,,,,,,,,,,,,
8.6,38.1,0.4282,,,,,,,,,,,,,,
8.0,41.2,0.4433,,,,,,,,,,,,,,
7.5,43.8,0.4551,,,,,,,,,,,,,,
6.8,46.9,0.4650,,,,,,,,,,,,,,
6.1,46.3,0.4394,,,,,,,,,,,,,,
5.6,45.5,0.4187,,,,,,,,,,,,,,
5.4,48.8,0.4393,,,,,,,,,,,,,,
5.1,51.2,0.4534,,,,,,,,,,,,,,
5.3,51.0,0.4563,,,,,,,,,,,,,,
5.2,57.2,0.5094,,,,,,,,,,,,,,
4.5,63.1,0.5381,,,,,,,,,,,,,,
5.2,54.5,0.4860,,,,,,,,,,,,,,
5.6,51.3,0.4712,,,,,,,,,,,,,,
5.9,45.4,0.4244,,,,,,,,,,,,,,
6.9,41.3,0.4145,,,,,,,,,,,,,,
8.6,34.2,0.3834,,,,,,,,,,,,,,
9.6,27.7,0.3308,,,,,,,,,,,,,,
10.6,25.3,0.3224,,,,,,,,,,,,,,
10.2,25.6,0.3181,,,,,,,,,,,,,,
10.0,25.2,0.3079,,,,,,,,,,,,,,
9.7,25.7,0.3088,,,,,,,,,,,,,,
9.7,26.8,0.3226,,,,,,,,,,,,,,
9.4,27.3,0.3216,,,,,,,,,,,,,,
7.9,28.0,0.2999,,,,,,,,,,,,,,
6.9,30.7,0.3066,,,,,,,,,,,,,,
6.1,33.3,0.3152,,,,,,,,,,,,,,
5.0,37.4,0.3290,,,,,,,,,,,,,,
4.2,40.9,0.3417,,,,,,,,,,,,,,
3.9,43.5,0.3538,,,,,,,,,,,,,,
3.0,47.7,0.3658,,,,,,,,,,,,,,
2.5,52.1,0.3855,,,,,,,,,,,,,,
2.0,53.5,0.3831,,,,,,,,,,,,,,
1.0,56.7,0.3803,,,,,,,,,,,,,,
0.5,59.4,0.3841,,,,,,,,,,,,,,
1.4,56.8,0.3903,,,,,,,,,,,,,,
0.9,58.4,0.3880,,,,,,,,,,,,,,
0.3,61.0,0.3881,,,,,,,,,,,,,,
0.9,59.1,0.3913,,,,,,,,,,,,,,
4.1,47.9,0.3959,,,,,,,,,,,,,,
7.7,34.6,0.3652,,,,,,,,,,,,,,
10.9,25.7,0.3341,,,,,,,,,,,,,,
13.7,17.4,0.2715,,,,,,,,,,,,,,
14.0,16.8,0.2672,,,,,,,,,,,,,,
14.1,17.0,0.2729,,,,,,,,,,,,,,
15.0,15.8,0.2678,,,,,,,,,,,,,,
16.5,14.9,0.2775,,,,,,,,,,,,,,
15.8,16.7,0.2972,,,,,,,,,,,,,,
13.2,23.9,0.3597,,,,,,,,,,,,,,
11.0,33.8,0.4436,,,,,,,,,,,,,,
9.5,39.0,0.4644,,,,,,,,,,,,,,
8.5,42.4,0.4716,,,,,,,,,,,,,,
7.5,44.0,0.4564,,,,,,,,,,,,,,
6.6,46.0,0.4505,,,,,,,,,,,,,,
5.5,49.6,0.4526,,,,,,,,,,,,,,
4.9,52.2,0.4567,,,,,,,,,,,,,,
4.6,53.5,0.4584,,,,,,,,,,,,,,
4.7,53.1,0.4589,,,,,,,,,,,,,,
3.8,56.8,0.4614,,,,,,,,,,,,,,
2.3,63.5,0.4630,,,,,,,,,,,,,,
2.0,64.9,0.4657,,,,,,,,,,,,,,
2.0,65.3,0.4688,,,,,,,,,,,,,,
3.3,61.6,0.4829,,,,,,,,,,,,,,
5.7,52.5,0.4851,,,,,,,,,,,,,,
8.3,43.5,0.4774,,,,,,,,,,,,,,
10.5,38.9,0.4926,,,,,,,,,,,,,,
14.5,33.4,0.5488,,,,,,,,,,,,,,
15.7,34.6,0.6147,,,,,,,,,,,,,,
16.1,36.3,0.6593,,,,,,,,,,,,,,
17.3,34.5,0.6728,,,,,,,,,,,,,,
17.6,34.1,0.6781,,,,,,,,,,,,,,
18.0,33.1,0.6779,,,,,,,,,,,,,,
14.6,41.0,0.6792,,,,,,,,,,,,,,
12.8,46.2,0.6794,,,,,,,,,,,,,,
11.5,53.9,0.7312,,,,,,,,,,,,,,
10.6,58.8,0.7512,,,,,,,,,,,,,,
9.7,60.0,0.7238,,,,,,,,,,,,,,
8.3,64.2,0.7071,,,,,,,,,,,,,,
7.8,65.5,0.6961,,,,,,,,,,,,,,
7.5,65.9,0.6868,,,,,,,,,,,,,,
6.1,72.1,0.6847,,,,,,,,,,,,,,
4.6,78.2,0.6684,,,,,,,,,,,,,,
4.0,80.9,0.6670,,,,,,,,,,,,,,
4.2,79.1,0.6611,,,,,,,,,,,,,,
5.3,73.2,0.6577,,,,,,,,,,,,,,
4.3,76.1,0.6395,,,,,,,,,,,,,,
4.8,74.6,0.6470,,,,,,,,,,,,,,
7.5,64.5,0.6702,,,,,,,,,,,,,,
11.7,49.3,0.6772,,,,,,,,,,,,,,
14.7,41.2,0.6857,,,,,,,,,,,,,,
17.4,33.2,0.6535,,,,,,,,,,,,,,
18.8,26.2,0.5637,,,,,,,,,,,,,,
19.1,18.1,0.3955,,,,,,,,,,,,,,
19.5,15.3,0.3431,,,,,,,,,,,,,,
20.2,14.4,0.3370,,,,,,,,,,,,,,
19.8,16.0,0.3632,,,,,,,,,,,,,,
16.5,21.6,0.4012,,,,,,,,,,,,,,
14.5,18.3,0.2996,,,,,,,,,,,,,,
12.8,22.8,0.3364,,,,,,,,,,,,,,
11.5,35.9,0.4862,,,,,,,,,,,,,,
9.5,34.6,0.4110,,,,,,,,,,,,,,
8.3,38.2,0.4203,,,,,,,,,,,,,,
7.7,41.7,0.4387,,,,,,,,,,,,,,
6.8,44.9,0.4472,,,,,,,,,,,,,,
5.7,49.4,0.4551,,,,,,,,,,,,,,
5.7,50.1,0.4629,,,,,,,,,,,,,,
4.4,56.4,0.4761,,,,,,,,,,,,,,
4.9,55.2,0.4807,,,,,,,,,,,,,,
4.5,56.3,0.4800,,,,,,,,,,,,,,
3.8,59.7,0.4839,,,,,,,,,,,,,,
4.3,58.6,0.4915,,,,,,,,,,,,,,
7.1,50.0,0.5067,,,,,,,,,,,,,,
11.1,38.4,0.5066,,,,,,,,,,,,,,
-200,-200,-200,,,,,,,,,,,,,,
17.2,30.6,0.5949,,,,,,,,,,,,,,
17.8,33.3,0.6741,,,,,,,,,,,,,,
18.8,31.8,0.6853,,,,,,,,,,,,,,
19.3,29.9,0.6604,,,,,,,,,,,,,,
18.8,31.5,0.6752,,,,,,,,,,,,,,
18.2,28.1,0.5817,,,,,,,,,,,,,,
16.0,35.3,0.6356,,,,,,,,,,,,,,
13.8,43.6,0.6825,,,,,,,,,,,,,,
12.9,48.8,0.7250,,,,,,,,,,,,,,
12.8,49.3,0.7277,,,,,,,,,,,,,,
12.2,50.9,0.7202,,,,,,,,,,,,,,
10.6,55.9,0.7138,,,,,,,,,,,,,,
10.3,55.9,0.7014,,,,,,,,,,,,,,
10.2,55.8,0.6927,,,,,,,,,,,,,,
10.0,57.3,0.7015,,,,,,,,,,,,,,
10.2,57.9,0.7191,,,,,,,,,,,,,,
10.3,59.4,0.7459,,,,,,,,,,,,,,
9.8,68.9,0.8329,,,,,,,,,,,,,,
9.2,75.3,0.8764,,,,,,,,,,,,,,
9.4,73.1,0.8621,,,,,,,,,,,,,,
10.6,66.1,0.8444,,,,,,,,,,,,,,
12.6,58.5,0.8517,,,,,,,,,,,,,,
15.0,48.6,0.8253,,,,,,,,,,,,,,
14.2,51.5,0.8313,,,,,,,,,,,,,,
15.1,48.6,0.8266,,,,,,,,,,,,,,
18.0,35.4,0.7233,,,,,,,,,,,,,,
17.9,35.3,0.7184,,,,,,,,,,,,,,
17.7,35.0,0.7014,,,,,,,,,,,,,,
17.6,35.5,0.7065,,,,,,,,,,,,,,
17.5,34.1,0.6775,,,,,,,,,,,,,,
15.6,40.0,0.7018,,,,,,,,,,,,,,
14.0,47.8,0.7582,,,,,,,,,,,,,,
13.2,51.4,0.7760,,,,,,,,,,,,,,
12.0,56.1,0.7832,,,,,,,,,,,,,,
11.6,54.7,0.7454,,,,,,,,,,,,,,
12.0,53.3,0.7472,,,,,,,,,,,,,,
12.5,55.4,0.7999,,,,,,,,,,,,,,
12.3,56.0,0.7958,,,,,,,,,,,,,,
12.4,53.4,0.7669,,,,,,,,,,,,,,
12.7,51.8,0.7574,,,,,,,,,,,,,,
13.2,49.7,0.7503,,,,,,,,,,,,,,
12.3,55.9,0.7966,,,,,,,,,,,,,,
13.3,50.1,0.7624,,,,,,,,,,,,,,
12.3,51.8,0.7384,,,,,,,,,,,,,,
12.9,50.4,0.7448,,,,,,,,,,,,,,
12.9,49.9,0.7406,,,,,,,,,,,,,,
13.9,47.3,0.7479,,,,,,,,,,,,,,
13.5,51.6,0.7931,,,,,,,,,,,,,,
13.2,56.2,0.8499,,,,,,,,,,,,,,
14.2,57.8,0.9292,,,,,,,,,,,,,,
17.2,46.2,0.8989,,,,,,,,,,,,,,
19.9,36.6,0.8406,,,,,,,,,,,,,,
19.7,37.1,0.8399,,,,,,,,,,,,,,
19.0,37.4,0.8122,,,,,,,,,,,,,,
16.4,43.5,0.8055,,,,,,,,,,,,,,
15.1,49.8,0.8458,,,,,,,,,,,,,,
14.8,51.0,0.8507,,,,,,,,,,,,,,
14.6,51.6,0.8508,,,,,,,,,,,,,,
13.7,52.1,0.8121,,,,,,,,,,,,,,
13.2,55.6,0.8412,,,,,,,,,,,,,,
13.2,55.9,0.8465,,,,,,,,,,,,,,
11.7,62.1,0.8535,,,,,,,,,,,,,,
9.9,68.9,0.8388,,,,,,,,,,,,,,
9.8,68.0,0.8227,,,,,,,,,,,,,,
8.9,71.9,0.8202,,,,,,,,,,,,,,
8.4,74.5,0.8241,,,,,,,,,,,,,,
9.2,71.0,0.8299,,,,,,,,,,,,,,
9.9,67.6,0.8239,,,,,,,,,,,,,,
10.8,64.4,0.8328,,,,,,,,,,,,,,
11.7,61.7,0.8483,,,,,,,,,,,,,,
13.7,51.9,0.8106,,,,,,,,,,,,,,
16.3,43.5,0.7988,,,,,,,,,,,,,,
17.9,38.8,0.7883,,,,,,,,,,,,,,
19.3,35.5,0.7876,,,,,,,,,,,,,,
20.1,32.9,0.7672,,,,,,,,,,,,,,
20.0,33.0,0.7625,,,,,,,,,,,,,,
20.2,32.2,0.7526,,,,,,,,,,,,,,
18.9,34.4,0.7436,,,,,,,,,,,,,,
17.9,37.6,0.7624,,,,,,,,,,,,,,
16.7,43.4,0.8168,,,,,,,,,,,,,,
15.9,47.9,0.8573,,,,,,,,,,,,,,
15.3,52.6,0.9060,,,,,,,,,,,,,,
13.7,58.5,0.9146,,,,,,,,,,,,,,
12.7,62.8,0.9198,,,,,,,,,,,,,,
12.2,65.0,0.9193,,,,,,,,,,,,,,
13.0,61.2,0.9105,,,,,,,,,,,,,,
11.1,66.1,0.8738,,,,,,,,,,,,,,
10.1,69.8,0.8619,,,,,,,,,,,,,,
11.6,61.0,0.8299,,,,,,,,,,,,,,
10.1,64.5,0.7968,,,,,,,,,,,,,,
9.3,67.9,0.7969,,,,,,,,,,,,,,
10.1,64.3,0.7934,,,,,,,,,,,,,,
10.4,62.7,0.7909,,,,,,,,,,,,,,
13.0,53.9,0.8036,,,,,,,,,,,,,,
16.4,44.6,0.8242,,,,,,,,,,,,,,
19.1,36.7,0.8044,,,,,,,,,,,,,,
21.0,30.6,0.7508,,,,,,,,,,,,,,
22.1,27.6,0.7254,,,,,,,,,,,,,,
22.2,25.5,0.6752,,,,,,,,,,,,,,
23.6,23.2,0.6665,,,,,,,,,,,,,,
23.6,22.9,0.6571,,,,,,,,,,,,,,
22.8,24.6,0.6736,,,,,,,,,,,,,,
20.3,29.7,0.6973,,,,,,,,,,,,,,
18.0,36.0,0.7345,,,,,,,,,,,,,,
16.4,41.9,0.7759,,,,,,,,,,,,,,
14.9,47.6,0.8003,,,,,,,,,,,,,,
13.8,49.6,0.7793,,,,,,,,,,,,,,
13.2,51.6,0.7765,,,,,,,,,,,,,,
11.8,56.9,0.7836,,,,,,,,,,,,,,
11.4,58.0,0.7818,,,,,,,,,,,,,,
11.3,58.0,0.7742,,,,,,,,,,,,,,
10.7,59.6,0.7673,,,,,,,,,,,,,,
9.0,65.4,0.7532,,,,,,,,,,,,,,
8.0,68.9,0.7402,,,,,,,,,,,,,,
7.5,70.9,0.7358,,,,,,,,,,,,,,
7.6,69.2,0.7238,,,,,,,,,,,,,,
8.7,64.3,0.7257,,,,,,,,,,,,,,
11.7,54.3,0.7459,,,,,,,,,,,,,,
15.9,42.2,0.7553,,,,,,,,,,,,,,
19.3,34.7,0.7681,,,,,,,,,,,,,,
23.1,27.3,0.7615,,,,,,,,,,,,,,
26.1,20.8,0.6959,,,,,,,,,,,,,,
26.8,17.9,0.6249,,,,,,,,,,,,,,
28.4,16.0,0.6095,,,,,,,,,,,,,,
28.8,15.1,0.5877,,,,,,,,,,,,,,
27.9,15.6,0.5782,,,,,,,,,,,,,,
24.1,20.6,0.6075,,,,,,,,,,,,,,
21.0,28.0,0.6904,,,,,,,,,,,,,,
18.4,38.8,0.8152,,,,,,,,,,,,,,
16.9,42.9,0.8222,,,,,,,,,,,,,,
15.5,45.0,0.7895,,,,,,,,,,,,,,
14.3,49.6,0.8049,,,,,,,,,,,,,,
14.7,48.0,0.7977,,,,,,,,,,,,,,
13.3,51.4,0.7821,,,,,,,,,,,,,,
12.6,53.7,0.7793,,,,,,,,,,,,,,
11.5,56.8,0.7706,,,,,,,,,,,,,,
10.1,61.9,0.7631,,,,,,,,,,,,,,
9.8,61.8,0.7523,,,,,,,,,,,,,,
9.0,64.3,0.7417,,,,,,,,,,,,,,
7.9,68.4,0.7324,,,,,,,,,,,,,,
9.5,62.6,0.7444,,,,,,,,,,,,,,
13.2,51.0,0.7704,,,,,,,,,,,,,,
16.9,40.3,0.7717,,,,,,,,,,,,,,
20.8,31.3,0.7617,,,,,,,,,,,,,,
24.3,24.7,0.7407,,,,,,,,,,,,,,
26.7,22.6,0.7785,,,,,,,,,,,,,,
27.1,21.7,0.7636,,,,,,,,,,,,,,
28.3,17.9,0.6769,,,,,,,,,,,,,,
27.8,20.0,0.7378,,,,,,,,,,,,,,
26.2,19.4,0.6491,,,,,,,,,,,,,,
22.7,24.4,0.6661,,,,,,,,,,,,,,
20.2,29.3,0.6860,,,,,,,,,,,,,,
17.3,35.2,0.6907,,,,,,,,,,,,,,
16.1,38.7,0.7023,,,,,,,,,,,,,,
14.6,44.5,0.7337,,,,,,,,,,,,,,
13.7,48.6,0.7555,,,,,,,,,,,,,,
12.4,52.2,0.7513,,,,,,,,,,,,,,
11.9,53.4,0.7414,,,,,,,,,,,,,,
10.4,58.4,0.7367,,,,,,,,,,,,,,
8.9,63.5,0.7268,,,,,,,,,,,,,,
8.2,65.9,0.7168,,,,,,,,,,,,,,
7.7,67.1,0.7074,,,,,,,,,,,,,,
7.2,68.6,0.6978,,,,,,,,,,,,,,
7.5,66.7,0.6943,,,,,,,,,,,,,,
8.7,61.6,0.6960,,,,,,,,,,,,,,
12.0,51.0,0.7131,,,,,,,,,,,,,,
15.4,42.5,0.7379,,,,,,,,,,,,,,
18.8,33.5,0.7186,,,,,,,,,,,,,,
22.2,28.1,0.7426,,,,,,,,,,,,,,
24.7,25.5,0.7785,,,,,,,,,,,,,,
25.0,23.4,0.7301,,,,,,,,,,,,,,
25.9,21.9,0.7209,,,,,,,,,,,,,,
25.6,21.7,0.7039,,,,,,,,,,,,,,
25.1,21.8,0.6854,,,,,,,,,,,,,,
22.1,25.6,0.6728,,,,,,,,,,,,,,
19.1,32.5,0.7112,,,,,,,,,,,,,,
16.7,42.5,0.8002,,,,,,,,,,,,,,
15.5,48.3,0.8439,,,,,,,,,,,,,,
13.3,60.5,0.9168,,,,,,,,,,,,,,
12.1,67.6,0.9539,,,,,,,,,,,,,,
11.8,68.3,0.9432,,,,,,,,,,,,,,
11.6,68.3,0.9314,,,,,,,,,,,,,,
11.8,67.9,0.9362,,,,,,,,,,,,,,
12.3,65.8,0.9374,,,,,,,,,,,,,,
12.2,66.9,0.9496,,,,,,,,,,,,,,
12.1,67.3,0.9480,,,,,,,,,,,,,,
11.8,67.1,0.9274,,,,,,,,,,,,,,
11.9,65.6,0.9129,,,,,,,,,,,,,,
12.2,65.6,0.9300,,,,,,,,,,,,,,
12.8,64.4,0.9448,,,,,,,,,,,,,,
13.4,62.0,0.9498,,,,,,,,,,,,,,
14.5,57.0,0.9333,,,,,,,,,,,,,,
15.8,51.3,0.9144,,,,,,,,,,,,,,
17.5,46.0,0.9104,,,,,,,,,,,,,,
19.5,40.2,0.9010,,,,,,,,,,,,,,
21.2,35.9,0.8943,,,,,,,,,,,,,,
21.7,35.1,0.8993,,,,,,,,,,,,,,
20.5,38.4,0.9161,,,,,,,,,,,,,,
18.2,45.9,0.9488,,,,,,,,,,,,,,
16.2,53.0,0.9722,,,,,,,,,,,,,,
15.0,57.6,0.9777,,,,,,,,,,,,,,
14.1,60.8,0.9716,,,,,,,,,,,,,,
13.2,65.6,0.9882,,,,,,,,,,,,,,
13.5,63.8,0.9797,,,,,,,,,,,,,,
13.6,63.4,0.9794,,,,,,,,,,,,,,
13.6,63.5,0.9857,,,,,,,,,,,,,,
13.4,64.8,0.9880,,,,,,,,,,,,,,
13.2,64.8,0.9801,,,,,,,,,,,,,,
13.0,65.3,0.9704,,,,,,,,,,,,,,
12.6,65.9,0.9583,,,,,,,,,,,,,,
13.1,64.0,0.9591,,,,,,,,,,,,,,
12.4,66.2,0.9500,,,,,,,,,,,,,,
13.3,62.4,0.9460,,,,,,,,,,,,,,
14.0,59.7,0.9491,,,,,,,,,,,,,,
15.4,54.0,0.9385,,,,,,,,,,,,,,
17.0,47.5,0.9146,,,,,,,,,,,,,,
18.6,42.6,0.9040,,,,,,,,,,,,,,
21.5,35.0,0.8886,,,,,,,,,,,,,,
21.3,35.6,0.8924,,,,,,,,,,,,,,
23.1,32.1,0.8973,,,,,,,,,,,,,,
22.1,34.5,0.9035,,,,,,,,,,,,,,
21.5,35.7,0.9050,,,,,,,,,,,,,,
19.3,41.6,0.9230,,,,,,,,,,,,,,
17.3,47.8,0.9363,,,,,,,,,,,,,,
16.0,54.9,0.9934,,,,,,,,,,,,,,
15.6,58.0,1.0197,,,,,,,,,,,,,,
14.8,61.3,1.0250,,,,,,,,,,,,,,
13.8,63.4,0.9916,,,,,,,,,,,,,,
13.1,66.1,0.9913,,,,,,,,,,,,,,
13.3,66.4,1.0128,,,,,,,,,,,,,,
13.3,67.0,1.0207,,,,,,,,,,,,,,
13.1,68.6,1.0288,,,,,,,,,,,,,,
12.2,72.4,1.0224,,,,,,,,,,,,,,
11.6,73.8,1.0054,,,,,,,,,,,,,,
12.9,67.5,0.9990,,,,,,,,,,,,,,
12.8,68.0,1.0023,,,,,,,,,,,,,,
13.5,63.9,0.9875,,,,,,,,,,,,,,
14.7,59.8,0.9928,,,,,,,,,,,,,,
15.9,56.6,1.0147,,,,,,,,,,,,,,
18.3,49.4,1.0264,,,,,,,,,,,,,,
19.8,44.2,1.0091,,,,,,,,,,,,,,
21.6,39.6,1.0090,,,,,,,,,,,,,,
23.3,35.8,1.0086,,,,,,,,,,,,,,
23.8,33.4,0.9699,,,,,,,,,,,,,,
22.8,35.3,0.9693,,,,,,,,,,,,,,
22.8,34.9,0.9576,,,,,,,,,,,,,,
20.9,39.3,0.9615,,,,,,,,,,,,,,
18.6,46.4,0.9867,,,,,,,,,,,,,,
17.2,52.7,1.0285,,,,,,,,,,,,,,
15.3,61.0,1.0540,,,,,,,,,,,,,,
14.2,65.4,1.0497,,,,,,,,,,,,,,
13.8,65.2,1.0275,,,,,,,,,,,,,,
13.3,65.6,0.9969,,,,,,,,,,,,,,
12.6,67.9,0.9886,,,,,,,,,,,,,,
12.8,64.5,0.9493,,,,,,,,,,,,,,
12.8,63.6,0.9360,,,,,,,,,,,,,,
12.0,65.2,0.9103,,,,,,,,,,,,,,
10.6,70.8,0.9033,,,,,,,,,,,,,,
10.9,69.2,0.9033,,,,,,,,,,,,,,
10.3,70.9,0.8907,,,,,,,,,,,,,,
11.8,66.3,0.9174,,,,,,,,,,,,,,
14.1,58.9,0.9447,,,,,,,,,,,,,,
16.5,51.6,0.9601,,,,,,,,,,,,,,
20.2,42.1,0.9840,,,,,,,,,,,,,,
21.7,39.0,0.9979,,,,,,,,,,,,,,
23.5,35.0,0.9977,,,,,,,,,,,,,,
23.5,34.2,0.9748,,,,,,,,,,,,,,
25.5,28.3,0.9124,,,,,,,,,,,,,,
25.5,24.7,0.7928,,,,,,,,,,,,,,
22.9,29.2,0.8055,,,,,,,,,,,,,,
21.3,32.9,0.8209,,,,,,,,,,,,,,
20.1,42.4,0.9880,,,,,,,,,,,,,,
18.6,46.6,0.9858,,,,,,,,,,,,,,
17.4,50.6,0.9989,,,,,,,,,,,,,,
16.4,57.2,1.0574,,,,,,,,,,,,,,
16.3,59.4,1.0895,,,,,,,,,,,,,,
16.0,60.2,1.0844,,,,,,,,,,,,,,
15.6,61.6,1.0859,,,,,,,,,,,,,,
15.4,62.0,1.0793,,,,,,,,,,,,,,
15.2,63.5,1.0881,,,,,,,,,,,,,,
14.5,66.4,1.0919,,,,,,,,,,,,,,
15.0,64.8,1.1007,,,,,,,,,,,,,,
14.2,68.3,1.0988,,,,,,,,,,,,,,
14.0,68.6,1.0918,,,,,,,,,,,,,,
15.4,63.4,1.1045,,,,,,,,,,,,,,
17.8,53.3,1.0736,,,,,,,,,,,,,,
19.4,47.5,1.0610,,,,,,,,,,,,,,
21.4,38.7,0.9724,,,,,,,,,,,,,,
22.9,29.3,0.8077,,,,,,,,,,,,,,
24.2,26.5,0.7869,,,,,,,,,,,,,,
24.5,23.1,0.6968,,,,,,,,,,,,,,
23.1,22.8,0.6346,,,,,,,,,,,,,,
23.3,23.8,0.6738,,,,,,,,,,,,,,
23.2,23.3,0.6562,,,,,,,,,,,,,,
22.7,25.5,0.6944,,,,,,,,,,,,,,
21.0,29.2,0.7192,,,,,,,,,,,,,,
19.5,35.6,0.7978,,,,,,,,,,,,,,
18.8,37.3,0.8031,,,,,,,,,,,,,,
17.7,39.7,0.7990,,,,,,,,,,,,,,
16.7,45.2,0.8506,,,,,,,,,,,,,,
15.9,47.0,0.8434,,,,,,,,,,,,,,
15.1,50.2,0.8543,,,,,,,,,,,,,,
15.3,49.2,0.8493,,,,,,,,,,,,,,
13.1,56.1,0.8416,,,,,,,,,,,,,,
13.3,54.4,0.8287,,,,,,,,,,,,,,
12.4,58.3,0.8364,,,,,,,,,,,,,,
12.9,56.0,0.8292,,,,,,,,,,,,,,
11.9,59.6,0.8294,,,,,,,,,,,,,,
13.4,55.1,0.8444,,,,,,,,,,,,,,
16.1,46.4,0.8436,,,,,,,,,,,,,,
17.9,42.2,0.8557,,,,,,,,,,,,,,
18.2,43.2,0.8926,,,,,,,,,,,,,,
16.0,67.9,1.2217,,,,,,,,,,,,,,
17.6,59.7,1.1880,,,,,,,,,,,,,,
20.9,43.4,1.0618,,,,,,,,,,,,,,
24.1,33.3,0.9881,,,,,,,,,,,,,,
22.9,35.2,0.9694,,,,,,,,,,,,,,
22.2,36.2,0.9560,,,,,,,,,,,,,,
21.3,37.8,0.9462,,,,,,,,,,,,,,
20.1,43.2,1.0051,,,,,,,,,,,,,,
18.8,49.1,1.0538,,,,,,,,,,,,,,
18.2,52.2,1.0795,,,,,,,,,,,,,,
17.4,57.3,1.1288,,,,,,,,,,,,,,
17.0,56.6,1.0902,,,,,,,,,,,,,,
16.2,66.3,1.2080,,,,,,,,,,,,,,
15.3,73.3,1.2655,,,,,,,,,,,,,,
15.2,73.3,1.2556,,,,,,,,,,,,,,
13.9,80.4,1.2694,,,,,,,,,,,,,,
13.6,82.8,1.2817,,,,,,,,,,,,,,
13.7,82.0,1.2770,,,,,,,,,,,,,,
13.7,78.0,1.2174,,,,,,,,,,,,,,
14.1,75.5,1.2065,,,,,,,,,,,,,,
14.8,73.6,1.2331,,,,,,,,,,,,,,
16.0,67.8,1.2276,,,,,,,,,,,,,,
18.4,59.2,1.2398,,,,,,,,,,,,,,
20.4,50.5,1.1954,,,,,,,,,,,,,,
21.3,46.6,1.1628,,,,,,,,,,,,,,
20.4,49.8,1.1765,,,,,,,,,,,,,,
21.1,47.8,1.1813,,,,,,,,,,,,,,
21.5,47.8,1.2060,,,,,,,,,,,,,,
21.7,47.4,1.2184,,,,,,,,,,,,,,
21.0,49.8,1.2208,,,,,,,,,,,,,,
20.4,51.9,1.2261,,,,,,,,,,,,,,
19.4,56.3,1.2500,,,,,,,,,,,,,,
18.8,58.3,1.2514,,,,,,,,,,,,,,
18.2,61.0,1.2634,,,,,,,,,,,,,,
17.7,63.3,1.2729,,,,,,,,,,,,,,
17.7,63.5,1.2700,,,,,,,,,,,,,,
17.1,66.9,1.2926,,,,,,,,,,,,,,
16.8,69.0,1.3135,,,,,,,,,,,,,,
16.6,70.0,1.3078,,,,,,,,,,,,,,
16.1,71.3,1.2955,,,,,,,,,,,,,,
16.2,71.2,1.3013,,,,,,,,,,,,,,
16.3,69.8,1.2853,,,,,,,,,,,,,,
16.1,70.0,1.2739,,,,,,,,,,,,,,
16.1,69.5,1.2623,,,,,,,,,,,,,,
16.5,68.1,1.2653,,,,,,,,,,,,,,
17.4,65.0,1.2775,,,,,,,,,,,,,,
18.4,60.2,1.2623,,,,,,,,,,,,,,
19.1,57.5,1.2569,,,,,,,,,,,,,,
21.2,48.4,1.2028,,,,,,,,,,,,,,
22.3,43.9,1.1695,,,,,,,,,,,,,,
23.7,39.4,1.1366,,,,,,,,,,,,,,
23.1,41.2,1.1523,,,,,,,,,,,,,,
25.7,35.7,1.1626,,,,,,,,,,,,,,
24.3,38.4,1.1503,,,,,,,,,,,,,,
21.9,45.1,1.1687,,,,,,,,,,,,,,
19.7,51.8,1.1779,,,,,,,,,,,,,,
18.7,54.5,1.1644,,,,,,,,,,,,,,
17.8,58.1,1.1742,,,,,,,,,,,,,,
17.3,60.8,1.1885,,,,,,,,,,,,,,
16.5,63.8,1.1873,,,,,,,,,,,,,,
16.3,65.2,1.1982,,,,,,,,,,,,,,
16.5,63.8,1.1896,,,,,,,,,,,,,,
16.6,63.0,1.1784,,,,,,,,,,,,,,
16.2,64.3,1.1729,,,,,,,,,,,,,,
15.9,65.1,1.1654,,,,,,,,,,,,,,
15.8,65.4,1.1629,,,,,,,,,,,,,,
15.8,65.9,1.1792,,,,,,,,,,,,,,
15.6,67.7,1.1911,,,,,,,,,,,,,,
15.2,71.5,1.2228,,,,,,,,,,,,,,
14.5,80.8,1.3224,,,,,,,,,,,,,,
15.2,81.4,1.3930,,,,,,,,,,,,,,
15.9,77.3,1.3838,,,,,,,,,,,,,,
17.5,67.1,1.3342,,,,,,,,,,,,,,
18.1,62.8,1.2916,,,,,,,,,,,,,,
18.6,62.1,1.3224,,,,,,,,,,,,,,
16.2,71.9,1.3171,,,,,,,,,,,,,,
15.4,75.2,1.3024,,,,,,,,,,,,,,
14.4,80.8,1.3182,,,,,,,,,,,,,,
13.8,83.5,1.3154,,,,,,,,,,,,,,
13.9,83.6,1.3208,,,,,,,,,,,,,,
14.2,82.3,1.3219,,,,,,,,,,,,,,
14.1,81.4,1.3046,,,,,,,,,,,,,,
14.4,79.0,1.2917,,,,,,,,,,,,,,
14.6,77.7,1.2834,,,,,,,,,,,,,,
14.4,78.6,1.2839,,,,,,,,,,,,,,
14.4,78.0,1.2741,,,,,,,,,,,,,,
14.1,79.1,1.2665,,,,,,,,,,,,,,
13.7,80.6,1.2528,,,,,,,,,,,,,,
13.9,79.6,1.2616,,,,,,,,,,,,,,
13.8,79.0,1.2425,,,,,,,,,,,,,,
13.9,78.0,1.2346,,,,,,,,,,,,,,
14.1,77.8,1.2445,,,,,,,,,,,,,,
15.0,73.2,1.2413,,,,,,,,,,,,,,
16.4,67.3,1.2451,,,,,,,,,,,,,,
17.8,61.7,1.2436,,,,,,,,,,,,,,
20.8,50.4,1.2213,,,,,,,,,,,,,,
21.6,46.8,1.1959,,,,,,,,,,,,,,
23.1,41.3,1.1506,,,,,,,,,,,,,,
23.6,39.4,1.1320,,,,,,,,,,,,,,
25.1,34.0,1.0680,,,,,,,,,,,,,,
24.7,35.6,1.0882,,,,,,,,,,,,,,
24.2,38.1,1.1357,,,,,,,,,,,,,,
22.7,42.4,1.1540,,,,,,,,,,,,,,
19.6,47.8,1.0781,,,,,,,,,,,,,,
17.6,54.4,1.0839,,,,,,,,,,,,,,
16.2,60.6,1.1089,,,,,,,,,,,,,,
15.2,65.8,1.1288,,,,,,,,,,,,,,
14.5,68.9,1.1298,,,,,,,,,,,,,,
14.3,68.5,1.1122,,,,,,,,,,,,,,
14.7,66.4,1.1006,,,,,,,,,,,,,,
13.4,70.4,1.0793,,,,,,,,,,,,,,
14.2,65.1,1.0495,,,,,,,,,,,,,,
13.7,68.2,1.0611,,,,,,,,,,,,,,
13.7,67.8,1.0575,,,,,,,,,,,,,,
12.9,71.8,1.0657,,,,,,,,,,,,,,
13.2,69.9,1.0543,,,,,,,,,,,,,,
14.4,65.8,1.0727,,,,,,,,,,,,,,
15.3,63.3,1.0920,,,,,,,,,,,,,,
17.7,55.6,1.1120,,,,,,,,,,,,,,
19.6,49.4,1.1176,,,,,,,,,,,,,,
18.1,58.3,1.2013,,,,,,,,,,,,,,
18.0,57.9,1.1826,,,,,,,,,,,,,,
18.6,55.0,1.1696,,,,,,,,,,,,,,
18.3,57.9,1.2047,,,,,,,,,,,,,,
18.3,54.8,1.1403,,,,,,,,,,,,,,
18.3,53.9,1.1252,,,,,,,,,,,,,,
18.5,54.6,1.1515,,,,,,,,,,,,,,
17.1,61.5,1.1910,,,,,,,,,,,,,,
16.4,62.5,1.1531,,,,,,,,,,,,,,
15.2,64.2,1.0983,,,,,,,,,,,,,,
14.6,67.3,1.1102,,,,,,,,,,,,,,
13.5,70.8,1.0928,,,,,,,,,,,,,,
13.0,71.9,1.0697,,,,,,,,,,,,,,
13.0,70.2,1.0457,,,,,,,,,,,,,,
11.6,74.9,1.0224,,,,,,,,,,,,,,
12.5,67.4,0.9722,,,,,,,,,,,,,,
11.5,71.5,0.9684,,,,,,,,,,,,,,
10.2,77.9,0.9692,,,,,,,,,,,,,,
11.0,73.1,0.9554,,,,,,,,,,,,,,
10.7,73.6,0.9439,,,,,,,,,,,,,,
12.1,67.3,0.9499,,,,,,,,,,,,,,
15.1,58.6,0.9982,,,,,,,,,,,,,,
18.6,49.5,1.0520,,,,,,,,,,,,,,
20.9,42.5,1.0370,,,,,,,,,,,,,,
23.6,34.8,0.9986,,,,,,,,,,,,,,
25.6,28.5,0.9199,,,,,,,,,,,,,,
26.1,26.3,0.8750,,,,,,,,,,,,,,
26.6,24.9,0.8525,,,,,,,,,,,,,,
25.1,28.5,0.8932,,,,,,,,,,,,,,
24.1,32.1,0.9504,,,,,,,,,,,,,,
21.5,39.1,0.9914,,,,,,,,,,,,,,
19.3,46.2,1.0230,,,,,,,,,,,,,,
18.2,52.6,1.0911,,,,,,,,,,,,,,
16.8,58.2,1.1022,,,,,,,,,,,,,,
16.0,61.9,1.1150,,,,,,,,,,,,,,
15.3,65.4,1.1260,,,,,,,,,,,,,,
14.5,67.8,1.1171,,,,,,,,,,,,,,
14.2,68.6,1.1068,,,,,,,,,,,,,,
13.9,68.7,1.0892,,,,,,,,,,,,,,
13.1,72.5,1.0911,,,,,,,,,,,,,,
12.9,72.7,1.0760,,,,,,,,,,,,,,
12.3,74.2,1.0583,,,,,,,,,,,,,,
12.6,71.5,1.0380,,,,,,,,,,,,,,
12.7,69.6,1.0206,,,,,,,,,,,,,,
16.8,51.6,0.9818,,,,,,,,,,,,,,
20.3,40.1,0.9439,,,,,,,,,,,,,,
21.0,37.3,0.9139,,,,,,,,,,,,,,
21.0,36.9,0.9089,,,,,,,,,,,,,,
22.8,33.0,0.9040,,,,,,,,,,,,,,
24.0,30.3,0.8925,,,,,,,,,,,,,,
22.6,33.2,0.9007,,,,,,,,,,,,,,
22.5,32.9,0.8846,,,,,,,,,,,,,,
21.5,33.8,0.8575,,,,,,,,,,,,,,
21.4,36.4,0.9172,,,,,,,,,,,,,,
20.0,38.9,0.8974,,,,,,,,,,,,,,
17.8,45.2,0.9123,,,,,,,,,,,,,,
16.3,47.3,0.8686,,,,,,,,,,,,,,
16.3,44.8,0.8244,,,,,,,,,,,,,,
15.6,47.1,0.8273,,,,,,,,,,,,,,
15.1,47.6,0.8139,,,,,,,,,,,,,,
15.1,44.5,0.7569,,,,,,,,,,,,,,
14.6,43.0,0.7108,,,,,,,,,,,,,,
14.5,43.7,0.7163,,,,,,,,,,,,,,
13.6,46.7,0.7245,,,,,,,,,,,,,,
13.7,48.8,0.7606,,,,,,,,,,,,,,
13.5,50.6,0.7783,,,,,,,,,,,,,,
13.7,47.4,0.7412,,,,,,,,,,,,,,
13.7,45.9,0.7154,,,,,,,,,,,,,,
16.1,41.0,0.7435,,,,,,,,,,,,,,
16.1,41.5,0.7559,,,,,,,,,,,,,,
16.5,40.8,0.7570,,,,,,,,,,,,,,
18.9,33.8,0.7312,,,,,,,,,,,,,,
19.2,29.5,0.6480,,,,,,,,,,,,,,
19.9,26.3,0.6054,,,,,,,,,,,,,,
19.2,27.0,0.5934,,,,,,,,,,,,,,
19.4,25.3,0.5625,,,,,,,,,,,,,,
18.9,26.2,0.5667,,,,,,,,,,,,,,
19.3,24.7,0.5483,,,,,,,,,,,,,,
17.1,25.3,0.4881,,,,,,,,,,,,,,
15.6,26.2,0.4604,,,,,,,,,,,,,,
13.8,30.6,0.4790,,,,,,,,,,,,,,
13.1,31.7,0.4756,,,,,,,,,,,,,,
13.2,31.8,0.4798,,,,,,,,,,,,,,
13.6,30.8,0.4779,,,,,,,,,,,,,,
13.1,32.0,0.4817,,,,,,,,,,,,,,
12.7,33.6,0.4902,,,,,,,,,,,,,,
12.2,35.6,0.5038,,,,,,,,,,,,,,
11.9,35.6,0.4945,,,,,,,,,,,,,,
11.2,38.3,0.5099,,,,,,,,,,,,,,
11.0,40.5,0.5316,,,,,,,,,,,,,,
10.7,42.8,0.5489,,,,,,,,,,,,,,
11.1,43.3,0.5720,,,,,,,,,,,,,,
14.2,36.9,0.5939,,,,,,,,,,,,,,
15.6,33.3,0.5861,,,,,,,,,,,,,,
16.3,30.0,0.5514,,,,,,,,,,,,,,
17.0,26.1,0.5036,,,,,,,,,,,,,,
19.3,22.3,0.4950,,,,,,,,,,,,,,
20.5,21.9,0.5215,,,,,,,,,,,,,,
22.0,20.2,0.5274,,,,,,,,,,,,,,
21.7,20.9,0.5367,,,,,,,,,,,,,,
21.6,20.8,0.5292,,,,,,,,,,,,,,
21.0,22.3,0.5468,,,,,,,,,,,,,,
18.6,26.6,0.5631,,,,,,,,,,,,,,
15.5,33.9,0.5957,,,,,,,,,,,,,,
14.3,38.0,0.6162,,,,,,,,,,,,,,
13.5,39.4,0.6089,,,,,,,,,,,,,,
13.1,41.3,0.6184,,,,,,,,,,,,,,
13.5,37.8,0.5815,,,,,,,,,,,,,,
13.5,37.4,0.5745,,,,,,,,,,,,,,
12.7,40.8,0.5977,,,,,,,,,,,,,,
12.0,44.2,0.6177,,,,,,,,,,,,,,
10.5,48.7,0.6164,,,,,,,,,,,,,,
10.1,49.7,0.6122,,,,,,,,,,,,,,
9.6,51.0,0.6082,,,,,,,,,,,,,,
9.1,52.4,0.6074,,,,,,,,,,,,,,
8.9,52.7,0.6034,,,,,,,,,,,,,,
13.5,40.0,0.6168,,,,,,,,,,,,,,
17.8,30.7,0.6205,,,,,,,,,,,,,,
21.1,23.7,0.5875,,,,,,,,,,,,,,
24.0,19.3,0.5673,,,,,,,,,,,,,,
26.5,16.4,0.5594,,,,,,,,,,,,,,
28.7,13.7,0.5302,,,,,,,,,,,,,,
28.5,13.1,0.5002,,,,,,,,,,,,,,
30.0,11.1,0.4624,,,,,,,,,,,,,,
29.4,10.4,0.4192,,,,,,,,,,,,,,
28.9,9.9,0.3866,,,,,,,,,,,,,,
22.8,21.7,0.5945,,,,,,,,,,,,,,
19.9,33.0,0.7608,,,,,,,,,,,,,,
17.5,40.7,0.8073,,,,,,,,,,,,,,
16.4,46.6,0.8642,,,,,,,,,,,,,,
15.5,49.0,0.8579,,,,,,,,,,,,,,
14.3,52.5,0.8497,,,,,,,,,,,,,,
14.2,51.4,0.8275,,,,,,,,,,,,,,
13.8,51.2,0.8058,,,,,,,,,,,,,,
12.1,56.3,0.7927,,,,,,,,,,,,,,
11.3,58.9,0.7888,,,,,,,,,,,,,,
11.8,56.0,0.7743,,,,,,,,,,,,,,
10.4,59.9,0.7550,,,,,,,,,,,,,,
9.5,63.1,0.7531,,,,,,,,,,,,,,
9.7,61.9,0.7446,,,,,,,,,,,,,,
13.5,48.9,0.7553,,,,,,,,,,,,,,
18.2,36.3,0.7487,,,,,,,,,,,,,,
21.9,29.3,0.7568,,,,,,,,,,,,,,
24.3,23.7,0.7119,,,,,,,,,,,,,,
26.9,18.3,0.6406,,,,,,,,,,,,,,
28.3,13.5,0.5139,,,,,,,,,,,,,,
28.5,13.1,0.5028,,,,,,,,,,,,,,
,,,,,,,,,,,,,,,,
,,,,,,,,,,,,,,,,
,,,,,,,,,,,,,,,,
,,,,,,,,,,,,,,,,
,,,,,,,,,,,,,,,,
,,,,,,,,,,,,,,,,
,,,,,,,,,,,,,,,,
,,,,,,,,,,,,,,,,
,,,,,,,,,,,,,,,,
,,,,,,,,,,,,,,,,
,,,,,,,,,,,,,,,,
,,,,,,,,,,,,,,,,
,,,,,,,,,,,,,,,,
,,,,,,,,,,,,,,,,
,,,,,,,,,,,,,,,,
,,,,,,,,,,,,,,,,
,,,,,,,,,,,,,,,,
,,,,,,,,,,,,,,,,
,,,,,,,,,,,,,,,,
,,,,,,,,,,,,,,,,
,,,,,,,,,,,,,,,,
,,,,,,,,,,,,,,,,
,,,,,,,,,,,,,,,,
,,,,,,,,,,,,,,,,
,,,,,,,,,,,,,,,,
,,,,,,,,,,,,,,,,
,,,,,,,,,,,,,,,,
,,,,,,,,,,,,,,,,
,,,,,,,,,,,,,,,,
,,,,,,,,,,,,,,,,
,,,,,,,,,,,,,,,,
,,,,,,,,,,,,,,,,
,,,,,,,,,,,,,,,,
,,,,,,,,,,,,,,,,
,,,,,,,,,,,,,,,,
,,,,,,,,,,,,,,,,
,,,,,,,,,,,,,,,,
,,,,,,,,,,,,,,,,
,,,,,,,,,,,,,,,,
,,,,,,,,,,,,,,,,
,,,,,,,,,,,,,,,,
,,,,,,,,,,,,,,,,
,,,,,,,,,,,,,,,,
,,,,,,,,,,,,,,,,
,,,,,,,,,,,,,,,,
,,,,,,,,,,,,,,,,
,,,,,,,,,,,,,,,,
,,,,,,,,,,,,,,,,
,,,,,,,,,,,,,,,,
,,,,,,,,,,,,,,,,
,,,,,,,,,,,,,,,,
,,,,,,,,,,,,,,,,
,,,,,,,,,,,,,,,,
,,,,,,,,,,,,,,,,
,,,,,,,,,,,,,,,,
,,,,,,,,,,,,,,,,
,,,,,,,,,,,,,,,,
,,,,,,,,,,,,,,,,
,,,,,,,,,,,,,,,,
,,,,,,,,,,,,,,,,
,,,,,,,,,,,,,,,,
,,,,,,,,,,,,,,,,
,,,,,,,,,,,,,,,,
,,,,,,,,,,,,,,,,
,,,,,,,,,,,,,,,,
,,,,,,,,,,,,,,,,
,,,,,,,,,,,,,,,,
,,,,,,,,,,,,,,,,
,,,,,,,,,,,,,,,,
,,,,,,,,,,,,,,,,
,,,,,,,,,,,,,,,,
,,,,,,,,,,,,,,,,
,,,,,,,,,,,,,,,,
,,,,,,,,,,,,,,,,
,,,,,,,,,,,,,,,,
,,,,,,,,,,,,,,,,
,,,,,,,,,,,,,,,,
,,,,,,,,,,,,,,,,
,,,,,,,,,,,,,,,,
,,,,,,,,,,,,,,,,
,,,,,,,,,,,,,,,,
,,,,,,,,,,,,,,,,
,,,,,,,,,,,,,,,,
,,,,,,,,,,,,,,,,
,,,,,,,,,,,,,,,,
,,,,,,,,,,,,,,,,
,,,,,,,,,,,,,,,,
,,,,,,,,,,,,,,,,
,,,,,,,,,,,,,,,,
,,,,,,,,,,,,,,,,
,,,,,,,,,,,,,,,,
,,,,,,,,,,,,,,,,
,,,,,,,,,,,,,,,,
,,,,,,,,,,,,,,,,
,,,,,,,,,,,,,,,,
,,,,,,,,,,,,,,,,
,,,,,,,,,,,,,,,,
,,,,,,,,,,,,,,,,
,,,,,,,,,,,,,,,,
,,,,,,,,,,,,,,,,
,,,,,,,,,,,,,,,,
,,,,,,,,,,,,,,,,
,,,,,,,,,,,,,,,,
,,,,,,,,,,,,,,,,
,,,,,,,,,,,,,,,,
,,,,,,,,,,,,,,,,
,,,,,,,,,,,,,,,,
,,,,,,,,,,,,,,,,
,,,,,,,,,,,,,,,,
,,,,,,,,,,,,,,,,
,,,,,,,,,,,,,,,,
,,,,,,,,,,,,,,,,
,,,,,,,,,,,,,,,,
,,,,,,,,,,,,,,,,
